SMILES,Name,Label,Note,Issue
None,,nan,,CurationIssue.rdkit_failed
None,,nan,,CurationIssue.rdkit_failed
None,,nan,,CurationIssue.rdkit_failed
None,,nan,,CurationIssue.rdkit_failed
None,,nan,,CurationIssue.rdkit_failed
None,ACETAMINOPHEN,nan,,CurationIssue.rdkit_failed
None,,nan,,CurationIssue.rdkit_failed
None,,nan,,CurationIssue.rdkit_failed
None,,nan,,CurationIssue.rdkit_failed
None,,nan,,CurationIssue.rdkit_failed
None,,nan,,CurationIssue.rdkit_failed
None,,nan,,CurationIssue.rdkit_failed
None,,nan,,CurationIssue.rdkit_failed
None,,nan,,CurationIssue.rdkit_failed
None,PHENYL BIGUANIDE,nan,,CurationIssue.rdkit_failed
None,,nan,,CurationIssue.rdkit_failed
None,,nan,,CurationIssue.rdkit_failed
None,,nan,,CurationIssue.rdkit_failed
None,,nan,,CurationIssue.rdkit_failed
None,,nan,,CurationIssue.rdkit_failed
None,,nan,,CurationIssue.rdkit_failed
None,,nan,,CurationIssue.rdkit_failed
None,,nan,,CurationIssue.rdkit_failed
None,,nan,,CurationIssue.rdkit_failed
None,,nan,,CurationIssue.rdkit_failed
None,,nan,,CurationIssue.rdkit_failed
None,,nan,,CurationIssue.rdkit_failed
None,,nan,,CurationIssue.rdkit_failed
None,,nan,,CurationIssue.rdkit_failed
None,,nan,,CurationIssue.rdkit_failed
None,,nan,,CurationIssue.rdkit_failed
None,,nan,,CurationIssue.rdkit_failed
None,DEBRISOQUIN SULFATE,nan,,CurationIssue.rdkit_failed
None,,nan,,CurationIssue.rdkit_failed
None,,nan,,CurationIssue.rdkit_failed
None,,nan,,CurationIssue.rdkit_failed
None,,nan,,CurationIssue.rdkit_failed
None,,nan,,CurationIssue.rdkit_failed
None,PACLITAXEL,nan,,CurationIssue.rdkit_failed
None,,nan,,CurationIssue.rdkit_failed
None,,nan,,CurationIssue.rdkit_failed
None,,nan,,CurationIssue.rdkit_failed
None,,nan,,CurationIssue.rdkit_failed
None,,nan,,CurationIssue.rdkit_failed
None,,nan,,CurationIssue.rdkit_failed
None,,nan,,CurationIssue.rdkit_failed
None,,nan,,CurationIssue.rdkit_failed
None,,nan,,CurationIssue.rdkit_failed
None,,nan,,CurationIssue.rdkit_failed
None,,nan,,CurationIssue.rdkit_failed
None,,nan,,CurationIssue.rdkit_failed
None,,nan,,CurationIssue.rdkit_failed
None,,nan,,CurationIssue.rdkit_failed
None,,nan,,CurationIssue.rdkit_failed
None,,nan,,CurationIssue.rdkit_failed
None,,nan,,CurationIssue.rdkit_failed
None,,nan,,CurationIssue.rdkit_failed
None,,nan,,CurationIssue.rdkit_failed
None,,nan,,CurationIssue.rdkit_failed
None,,nan,,CurationIssue.rdkit_failed
None,TRIFLUSAL,nan,,CurationIssue.rdkit_failed
None,,nan,,CurationIssue.rdkit_failed
None,,nan,,CurationIssue.rdkit_failed
None,FOLIC ACID,nan,,CurationIssue.rdkit_failed
None,,nan,,CurationIssue.rdkit_failed
None,,nan,,CurationIssue.rdkit_failed
None,,nan,,CurationIssue.rdkit_failed
None,,nan,,CurationIssue.rdkit_failed
None,,nan,,CurationIssue.rdkit_failed
None,,nan,,CurationIssue.rdkit_failed
None,,nan,,CurationIssue.rdkit_failed
None,,nan,,CurationIssue.rdkit_failed
None,,nan,,CurationIssue.rdkit_failed
None,,nan,,CurationIssue.rdkit_failed
None,,nan,,CurationIssue.rdkit_failed
None,,nan,,CurationIssue.rdkit_failed
None,,nan,,CurationIssue.rdkit_failed
None,,nan,,CurationIssue.rdkit_failed
None,,nan,,CurationIssue.rdkit_failed
None,,nan,,CurationIssue.rdkit_failed
None,,nan,,CurationIssue.rdkit_failed
None,,nan,,CurationIssue.rdkit_failed
None,,nan,,CurationIssue.rdkit_failed
None,,nan,,CurationIssue.rdkit_failed
None,PHOSPHORAMIDE MUSTARD CYCLOHEXYLAMMONIUM,nan,,CurationIssue.rdkit_failed
None,,nan,,CurationIssue.rdkit_failed
None,IFOSFAMIDE,nan,,CurationIssue.rdkit_failed
None,,nan,,CurationIssue.rdkit_failed
None,,nan,,CurationIssue.rdkit_failed
None,,nan,,CurationIssue.rdkit_failed
None,,nan,,CurationIssue.rdkit_failed
None,,nan,,CurationIssue.rdkit_failed
None,,nan,,CurationIssue.rdkit_failed
None,,nan,,CurationIssue.rdkit_failed
None,BENZBROMARONE,nan,,CurationIssue.rdkit_failed
None,,nan,,CurationIssue.rdkit_failed
None,,nan,,CurationIssue.rdkit_failed
None,,nan,,CurationIssue.rdkit_failed
None,,nan,,CurationIssue.rdkit_failed
None,,nan,,CurationIssue.rdkit_failed
None,,nan,,CurationIssue.rdkit_failed
None,,nan,,CurationIssue.rdkit_failed
None,,nan,,CurationIssue.rdkit_failed
None,,nan,,CurationIssue.rdkit_failed
None,,nan,,CurationIssue.rdkit_failed
None,,nan,,CurationIssue.rdkit_failed
None,,nan,,CurationIssue.rdkit_failed
None,,nan,,CurationIssue.rdkit_failed
None,,nan,,CurationIssue.rdkit_failed
None,,nan,,CurationIssue.rdkit_failed
None,,nan,,CurationIssue.rdkit_failed
None,,nan,,CurationIssue.rdkit_failed
None,,nan,,CurationIssue.rdkit_failed
None,,nan,,CurationIssue.rdkit_failed
None,,nan,,CurationIssue.rdkit_failed
None,,nan,,CurationIssue.rdkit_failed
None,,nan,,CurationIssue.rdkit_failed
None,,nan,,CurationIssue.rdkit_failed
None,,nan,,CurationIssue.rdkit_failed
None,,nan,,CurationIssue.rdkit_failed
None,,nan,,CurationIssue.rdkit_failed
None,,nan,,CurationIssue.rdkit_failed
None,,nan,,CurationIssue.rdkit_failed
None,,nan,,CurationIssue.rdkit_failed
None,,nan,,CurationIssue.rdkit_failed
None,,nan,,CurationIssue.rdkit_failed
None,,nan,,CurationIssue.rdkit_failed
None,,nan,,CurationIssue.rdkit_failed
None,,nan,,CurationIssue.rdkit_failed
None,,nan,,CurationIssue.rdkit_failed
None,,nan,,CurationIssue.rdkit_failed
None,,nan,,CurationIssue.rdkit_failed
None,,nan,,CurationIssue.rdkit_failed
None,,nan,,CurationIssue.rdkit_failed
None,,nan,,CurationIssue.rdkit_failed
None,,nan,,CurationIssue.rdkit_failed
None,,nan,,CurationIssue.rdkit_failed
None,,nan,,CurationIssue.rdkit_failed
None,,nan,,CurationIssue.rdkit_failed
None,,nan,,CurationIssue.rdkit_failed
None,,nan,,CurationIssue.rdkit_failed
None,,nan,,CurationIssue.rdkit_failed
None,,nan,,CurationIssue.rdkit_failed
None,,nan,,CurationIssue.rdkit_failed
None,,nan,,CurationIssue.rdkit_failed
None,,nan,,CurationIssue.rdkit_failed
None,,nan,,CurationIssue.rdkit_failed
None,,nan,,CurationIssue.rdkit_failed
None,,nan,,CurationIssue.rdkit_failed
None,,nan,,CurationIssue.rdkit_failed
None,,nan,,CurationIssue.rdkit_failed
None,,nan,,CurationIssue.rdkit_failed
None,,nan,,CurationIssue.rdkit_failed
None,,nan,,CurationIssue.rdkit_failed
None,,nan,,CurationIssue.rdkit_failed
None,,nan,,CurationIssue.rdkit_failed
None,,nan,,CurationIssue.rdkit_failed
None,,nan,,CurationIssue.rdkit_failed
None,,nan,,CurationIssue.rdkit_failed
None,,nan,,CurationIssue.rdkit_failed
None,,nan,,CurationIssue.rdkit_failed
None,,nan,,CurationIssue.rdkit_failed
CN(C)c1nc(-c2ccc3c(c2)OCO3)nc2ccccc12,CHEMBL1552854,1.0,CurationNote.canonical,
CCc1ccc2c(c1)N(C[C@H](C)CN(C)C)c1ccccc1S2,CHEMBL1402277,1.0,CurationNote.canonical,
CN(Cc1ccco1)c1ncncc1-c1ccoc1,CHEMBL1434848,0.0,CurationNote.canonical,
None,,nan,,CurationIssue.rdkit_failed
None,,nan,,CurationIssue.rdkit_failed
None,,nan,,CurationIssue.rdkit_failed
CSc1cccc(NC(=O)CN(c2ccccc2)S(=O)(=O)N(C)C)c1,CHEMBL1573688,0.0,CurationNote.canonical,CurationIssue.inorganic
COC(=O)C1(Cc2ccccc2)C=C2C(=C(c3ccccc3)C(=O)C2C)CN1,CHEMBL1437448,0.0,CurationNote.canonical,
C#CCN[C@@H](C)Cc1ccccc1,CHEMBL1513078,0.0,CurationNote.canonical,
N#Cc1ccc(CN2CCC3(CC2)CCN(C(=O)c2cnccn2)CC3)cc1,CHEMBL1594761,1.0,CurationNote.canonical,
O=C1/C(=N/CCc2cc(Br)c(O)c(Br)c2)C=C(O)c2cccnc21,CHEMBL336095,1.0,CurationNote.canonical,
O=C(CSc1nnc(-c2ccco2)n1-c1ccccc1)NCc1ccco1,CHEMBL1741829,0.0,CurationNote.canonical,CurationIssue.inorganic
CC(=O)c1c(C)[nH]c(C(=O)N2CCc3ccccc3C2)c1C,CHEMBL1532985,1.0,CurationNote.canonical,
O=C(Nc1cccc(NC(=O)c2ccccc2[N+](=O)[O-])n1)c1ccccc1[N+](=O)[O-],CHEMBL1300933,0.0,CurationNote.canonical,
None,,nan,,CurationIssue.rdkit_failed
CCn1nccc1C(=O)Nc1nc2ccccc2n1CCN1CCCCC1,CHEMBL1440964,1.0,CurationNote.canonical,
O=S(=O)(NCc1cc(-c2ccccc2)no1)c1ccc(Cl)cc1,CHEMBL1505957,0.0,CurationNote.canonical,
Cc1cc(C)nc(N=C(N)Nc2ccc(F)c([N+](=O)[O-])c2)n1,CHEMBL1367399,1.0,CurationNote.canonical,
None,,nan,,CurationIssue.rdkit_failed
None,IODOPHENPROPIT,nan,,CurationIssue.rdkit_failed
Cc1ccc(NC(=O)CN(Cc2ccccc2)S(C)(=O)=O)cc1C,CHEMBL1340272,0.0,CurationNote.canonical,
Cc1ccc(S(=O)(=O)NC(CC(C)C)C(=O)Oc2ccc3c4c(c(=O)oc3c2)CCC4)cc1,CHEMBL1463576,0.0,CurationNote.canonical,
None,,nan,,CurationIssue.rdkit_failed
None,,nan,,CurationIssue.rdkit_failed
None,,nan,,CurationIssue.rdkit_failed
None,,nan,,CurationIssue.rdkit_failed
None,,nan,,CurationIssue.rdkit_failed
None,,nan,,CurationIssue.rdkit_failed
None,,nan,,CurationIssue.rdkit_failed
None,,nan,,CurationIssue.rdkit_failed
None,,nan,,CurationIssue.rdkit_failed
None,,nan,,CurationIssue.rdkit_failed
None,,nan,,CurationIssue.rdkit_failed
None,MUSCARINE,nan,,CurationIssue.rdkit_failed
None,,nan,,CurationIssue.rdkit_failed
None,,nan,,CurationIssue.rdkit_failed
None,,nan,,CurationIssue.rdkit_failed
None,,nan,,CurationIssue.rdkit_failed
None,,nan,,CurationIssue.rdkit_failed
None,,nan,,CurationIssue.rdkit_failed
CCCCN(CCCC)CCC(O)c1cc2c(Cl)cc(Cl)cc2c2cc(C(F)(F)F)ccc12.Cl,CHEMBL1200901,1.0,CurationNote.canonical,CurationIssue.mixture
None,,nan,,CurationIssue.rdkit_failed
None,,nan,,CurationIssue.rdkit_failed
CCOc1ccccc1C1C(C(N)=O)=C(C)Nc2nc(-c3ccc(OC)cc3)nn21,CHEMBL1741907,1.0,CurationNote.canonical,
None,,nan,,CurationIssue.rdkit_failed
None,,nan,,CurationIssue.rdkit_failed
Cc1cc2c(c(=O)o1)[C@H](O)[C@H]1O[C@@H]1C2=O,CHEMBL1592542,1.0,CurationNote.canonical,
None,TARENFLURBIL,nan,,CurationIssue.rdkit_failed
None,,nan,,CurationIssue.rdkit_failed
None,,nan,,CurationIssue.rdkit_failed
None,,nan,,CurationIssue.rdkit_failed
None,,nan,,CurationIssue.rdkit_failed
None,,nan,,CurationIssue.rdkit_failed
None,,nan,,CurationIssue.rdkit_failed
None,,nan,,CurationIssue.rdkit_failed
None,,nan,,CurationIssue.rdkit_failed
None,,nan,,CurationIssue.rdkit_failed
None,NIFENAZONE,nan,,CurationIssue.rdkit_failed
CC(C)CN1CC[C@@]2(CCCN(C(=O)c3cnccn3)C2)C1,CHEMBL1526032,1.0,CurationNote.canonical,
None,,nan,,CurationIssue.rdkit_failed
COc1ccc(S(=O)(=O)NNC(=O)C2Cc3c(ccc4ccccc34)O2)cc1,CHEMBL1536459,0.0,CurationNote.canonical,
c1ccc(N2CC[C@@]3(CCCNC3)C2)cc1,CHEMBL1318262,1.0,CurationNote.canonical,
O=C(COC(=O)c1cccnc1)c1ccc(Cl)c(Cl)c1,CHEMBL1424582,1.0,CurationNote.canonical,
Cc1cccc(NC(=O)CCCN2C(=O)c3cccc4cccc(c34)C2=O)c1,CHEMBL1716016,0.0,CurationNote.canonical,
c1ccc2c(c1)CCC[C@H]2C1=NCCN1,CHEMBL1522778,0.0,CurationNote.canonical,
O=C(Nc1ccccc1N1CCOCC1)c1ccc([N+](=O)[O-])cc1,CHEMBL1349240,0.0,CurationNote.canonical,
O=C(O)C=Cc1ccc(Cn2ccnc2)cc1,CHEMBL3195727,1.0,CurationNote.canonical,
C=C[C@H]1CN2CC[C@@H]1C[C@H]2[C@@H](O)c1ccnc2ccccc12,CHEMBL1414315,1.0,CurationNote.canonical,
Cc1nc2cnc(N3CCOCC3)nc2n(Cc2cccs2)c1=O,CHEMBL1574476,0.0,CurationNote.canonical,
COc1ccc(-c2cc3ccccc3n2CC(O)CNCCO)cc1.O=C(O)C(=O)O,CHEMBL1522909,1.0,CurationNote.canonical,CurationIssue.mixture
CCOC(=O)C[n+]1c(C)sc2ccc(OC)cc21.[Br-],CHEMBL1453970,0.0,CurationNote.canonical,CurationIssue.mixture
COc1ccc2cc(C#N)c(SCC(=O)NNC(=O)Cc3ccccc3)nc2c1,CHEMBL1441823,1.0,CurationNote.canonical,
C=CCN1CC[C@]23c4c5ccc(O)c4O[C@@H]2C(=O)CC[C@]3(O)[C@H]1C5,CHEMBL1377090,0.0,CurationNote.canonical,CurationIssue.disagreeing_duplicate
COCC(=O)N1CCC2(CCCN(Cc3ccncc3)C2)CC1,CHEMBL1557657,0.0,CurationNote.canonical,
Cc1ccccc1-c1cncnc1NCc1cccs1,CHEMBL1572747,0.0,CurationNote.canonical,
c1ccc(CCc2cccnc2)nc1,CHEMBL1416426,1.0,CurationNote.canonical,
None,,nan,,CurationIssue.rdkit_failed
None,PENTOXIFYLLINE,nan,,CurationIssue.rdkit_failed
None,,nan,,CurationIssue.rdkit_failed
None,,nan,,CurationIssue.rdkit_failed
CC(O)(CS(=O)(=O)c1cccc(C(F)(F)F)c1)C(=O)Nc1ccc(C(F)(F)F)cc1,CHEMBL1742326,1.0,CurationNote.canonical,
CCOc1ccc(CCNC(=O)C2CC(=O)N(C3CCCC3)C2)cc1OCC,CHEMBL1742330,1.0,CurationNote.canonical,
COc1cccc(C(=O)/C=C/c2ccc(SC)cc2)c1,CHEMBL1526515,0.0,CurationNote.canonical,
CN(C)c1ncc2nc(CCc3ccccc3)c(=O)n(CCc3ccccc3)c2n1,CHEMBL1456076,1.0,CurationNote.canonical,
N[C@@H](Cn1ccc(=O)n(Cc2ccccc2C(=O)O)c1=O)C(=O)O,CHEMBL372797,0.0,CurationNote.canonical,
CSc1ccccc1NC(=O)CSCc1ccc(C)cc1,CHEMBL1412594,0.0,CurationNote.canonical,CurationIssue.inorganic
CCCCN1CCC(n2c(=O)[nH]c3ccccc32)CC1,CHEMBL1607704,1.0,CurationNote.canonical,
CCOC(=O)C[C@@H](C(=O)OCC)[C@@H]1CCCCC1=O,CHEMBL1535207,1.0,CurationNote.canonical,
Cc1nc(NC(=O)c2ccccc2)sc1-c1csc(Nc2ccc(Cl)cc2Cl)n1,CHEMBL1471680,0.0,CurationNote.canonical,
Cl.Cn1cccc1CNCCc1ccccc1,CHEMBL1729717,1.0,CurationNote.canonical,CurationIssue.mixture
CC1(C)Cc2ccccc2C(N/N=C/c2cccc(F)c2)=N1.Cl,CHEMBL3197859,0.0,CurationNote.canonical,CurationIssue.mixture
COc1ccc(CNc2cc(-c3ccccc3C)ncn2)c(OC)c1,CHEMBL1553114,0.0,CurationNote.canonical,
C[n+]1cn(CC(O)COCc2ccccc2)c2ccccc21.[I-],CHEMBL1461802,1.0,CurationNote.canonical,CurationIssue.mixture
COc1ccc2c(c1)CCc1c(C(=O)N3CCCCCC3)noc1-2,CHEMBL1374043,0.0,CurationNote.canonical,
COc1ccccc1CN1CCCC2(CCN(C(=O)Oc3ccccc3)CC2)C1,CHEMBL1600973,1.0,CurationNote.canonical,
None,,nan,,CurationIssue.rdkit_failed
None,ZAPRINAST,nan,,CurationIssue.rdkit_failed
None,,nan,,CurationIssue.rdkit_failed
None,,nan,,CurationIssue.rdkit_failed
None,,nan,,CurationIssue.rdkit_failed
None,,nan,,CurationIssue.rdkit_failed
None,,nan,,CurationIssue.rdkit_failed
CN(C)CCCN1c2ccccc2Sc2cnccc21,CHEMBL1571975,1.0,CurationNote.canonical,CurationIssue.inorganic
CC(C)NCC[C@@H](O)c1cc2ccccc2o1,CHEMBL1493388,1.0,CurationNote.canonical,
Cn1nc(C(F)(F)F)c(C(=O)Nc2ccc(F)cc2F)c1Sc1ccc(C(F)(F)F)cc1,CHEMBL1391756,0.0,CurationNote.canonical,CurationIssue.inorganic
CN(C)c1nccc(N(Cc2ccccc2)Cc2ccccc2)c1C#N,CHEMBL1491858,1.0,CurationNote.canonical,
CN1CCN(CCCNC(=O)c2ccc(CSCc3cccc(Cl)c3)o2)CC1,CHEMBL1507850,1.0,CurationNote.canonical,
None,,nan,,CurationIssue.rdkit_failed
None,,nan,,CurationIssue.rdkit_failed
None,,nan,,CurationIssue.rdkit_failed
None,,nan,,CurationIssue.rdkit_failed
None,,nan,,CurationIssue.rdkit_failed
None,,nan,,CurationIssue.rdkit_failed
None,,nan,,CurationIssue.rdkit_failed
None,,nan,,CurationIssue.rdkit_failed
None,,nan,,CurationIssue.rdkit_failed
None,,nan,,CurationIssue.rdkit_failed
None,,nan,,CurationIssue.rdkit_failed
None,,nan,,CurationIssue.rdkit_failed
CC[C@H](C)C(=O)O[C@H]1CCC=C2C=C[C@H](C)[C@H](CC[C@@H]3C[C@H](O)CC(=O)O3)[C@H]21,CHEMBL1330357,0.0,CurationNote.canonical,
CN(C)CCN(Cc1ccc(Cl)cc1)c1ccccn1,CHEMBL1194287,1.0,CurationNote.canonical,
O=C(CSCc1cccc(Cl)c1)NCc1ccc2c(c1)OCO2,CHEMBL1600239,1.0,CurationNote.canonical,
O=C(CSCC(=O)OCn1nnc2ccccc2c1=O)Nc1ccc(Cl)cc1,CHEMBL1577130,0.0,CurationNote.canonical,
CCNc1ncc2nc(-c3cccs3)c(=O)n(C[C@H]3CCCO3)c2n1,CHEMBL1482759,1.0,CurationNote.canonical,
COc1ccc(NC(=S)N(CCc2nc3cc(C)c(C)cc3[nH]2)Cc2cccnc2)cc1,CHEMBL1319038,0.0,CurationNote.canonical,
None,,nan,,CurationIssue.rdkit_failed
None,,nan,,CurationIssue.rdkit_failed
None,,nan,,CurationIssue.rdkit_failed
None,,nan,,CurationIssue.rdkit_failed
None,,nan,,CurationIssue.rdkit_failed
None,,nan,,CurationIssue.rdkit_failed
None,BENZYLCYSTEINE,nan,,CurationIssue.rdkit_failed
None,,nan,,CurationIssue.rdkit_failed
None,,nan,,CurationIssue.rdkit_failed
None,,nan,,CurationIssue.rdkit_failed
None,,nan,,CurationIssue.rdkit_failed
None,(S)-THIORPHAN,nan,,CurationIssue.rdkit_failed
None,,nan,,CurationIssue.rdkit_failed
None,,nan,,CurationIssue.rdkit_failed
None,,nan,,CurationIssue.rdkit_failed
None,,nan,,CurationIssue.rdkit_failed
None,,nan,,CurationIssue.rdkit_failed
None,,nan,,CurationIssue.rdkit_failed
None,,nan,,CurationIssue.rdkit_failed
None,,nan,,CurationIssue.rdkit_failed
None,,nan,,CurationIssue.rdkit_failed
None,,nan,,CurationIssue.rdkit_failed
None,,nan,,CurationIssue.rdkit_failed
None,,nan,,CurationIssue.rdkit_failed
None,,nan,,CurationIssue.rdkit_failed
None,,nan,,CurationIssue.rdkit_failed
None,,nan,,CurationIssue.rdkit_failed
None,,nan,,CurationIssue.rdkit_failed
None,PIROXICAM,nan,,CurationIssue.rdkit_failed
COc1cc(CNCc2cccs2)ccc1OCC(=O)NC(C)(C)C.Cl,CHEMBL1742258,1.0,CurationNote.canonical,CurationIssue.mixture
Cc1cc(OCCNCCO)cc(C)c1Cl,CHEMBL1305846,0.0,CurationNote.canonical,
None,,nan,,CurationIssue.rdkit_failed
None,,nan,,CurationIssue.rdkit_failed
None,,nan,,CurationIssue.rdkit_failed
None,,nan,,CurationIssue.rdkit_failed
None,,nan,,CurationIssue.rdkit_failed
None,,nan,,CurationIssue.rdkit_failed
None,,nan,,CurationIssue.rdkit_failed
None,,nan,,CurationIssue.rdkit_failed
None,,nan,,CurationIssue.rdkit_failed
None,,nan,,CurationIssue.rdkit_failed
None,,nan,,CurationIssue.rdkit_failed
None,,nan,,CurationIssue.rdkit_failed
None,RANITIDINE,nan,,CurationIssue.rdkit_failed
None,,nan,,CurationIssue.rdkit_failed
None,,nan,,CurationIssue.rdkit_failed
None,L-NIO,nan,,CurationIssue.rdkit_failed
None,,nan,,CurationIssue.rdkit_failed
None,,nan,,CurationIssue.rdkit_failed
None,,nan,,CurationIssue.rdkit_failed
None,,nan,,CurationIssue.rdkit_failed
None,,nan,,CurationIssue.rdkit_failed
None,,nan,,CurationIssue.rdkit_failed
None,,nan,,CurationIssue.rdkit_failed
None,,nan,,CurationIssue.rdkit_failed
None,,nan,,CurationIssue.rdkit_failed
None,,nan,,CurationIssue.rdkit_failed
None,,nan,,CurationIssue.rdkit_failed
None,,nan,,CurationIssue.rdkit_failed
None,,nan,,CurationIssue.rdkit_failed
None,EPIRIZOLE,nan,,CurationIssue.rdkit_failed
None,,nan,,CurationIssue.rdkit_failed
None,,nan,,CurationIssue.rdkit_failed
None,,nan,,CurationIssue.rdkit_failed
None,,nan,,CurationIssue.rdkit_failed
None,,nan,,CurationIssue.rdkit_failed
None,,nan,,CurationIssue.rdkit_failed
None,,nan,,CurationIssue.rdkit_failed
None,,nan,,CurationIssue.rdkit_failed
None,,nan,,CurationIssue.rdkit_failed
None,,nan,,CurationIssue.rdkit_failed
None,,nan,,CurationIssue.rdkit_failed
None,,nan,,CurationIssue.rdkit_failed
None,,nan,,CurationIssue.rdkit_failed
None,,nan,,CurationIssue.rdkit_failed
None,,nan,,CurationIssue.rdkit_failed
None,,nan,,CurationIssue.rdkit_failed
None,,nan,,CurationIssue.rdkit_failed
None,,nan,,CurationIssue.rdkit_failed
None,,nan,,CurationIssue.rdkit_failed
None,,nan,,CurationIssue.rdkit_failed
None,,nan,,CurationIssue.rdkit_failed
None,,nan,,CurationIssue.rdkit_failed
None,,nan,,CurationIssue.rdkit_failed
None,,nan,,CurationIssue.rdkit_failed
None,,nan,,CurationIssue.rdkit_failed
None,,nan,,CurationIssue.rdkit_failed
None,,nan,,CurationIssue.rdkit_failed
None,,nan,,CurationIssue.rdkit_failed
None,,nan,,CurationIssue.rdkit_failed
None,ETHIONINE,nan,,CurationIssue.rdkit_failed
None,,nan,,CurationIssue.rdkit_failed
None,,nan,,CurationIssue.rdkit_failed
None,,nan,,CurationIssue.rdkit_failed
None,,nan,,CurationIssue.rdkit_failed
None,,nan,,CurationIssue.rdkit_failed
None,,nan,,CurationIssue.rdkit_failed
None,,nan,,CurationIssue.rdkit_failed
None,GLUTAMIC ACID,nan,,CurationIssue.rdkit_failed
None,,nan,,CurationIssue.rdkit_failed
None,,nan,,CurationIssue.rdkit_failed
None,,nan,,CurationIssue.rdkit_failed
None,,nan,,CurationIssue.rdkit_failed
None,,nan,,CurationIssue.rdkit_failed
None,,nan,,CurationIssue.rdkit_failed
None,,nan,,CurationIssue.rdkit_failed
None,,nan,,CurationIssue.rdkit_failed
None,,nan,,CurationIssue.rdkit_failed
None,,nan,,CurationIssue.rdkit_failed
Cc1ccc(C2=NN(S(C)(=O)=O)C(c3cccs3)C2)cc1,CHEMBL1439808,0.0,CurationNote.canonical,
Clc1ccccc1-c1cc(NCc2ccccc2)ncn1,CHEMBL1595002,0.0,CurationNote.canonical,
Cc1cccc(OCCCCCn2ccnc2)c1,CHEMBL1489204,1.0,CurationNote.canonical,
Cc1cccc(CNc2ccnc(-c3ccccc3CN(C)C)n2)c1,CHEMBL1563066,1.0,CurationNote.canonical,
None,,nan,,CurationIssue.rdkit_failed
None,,nan,,CurationIssue.rdkit_failed
None,,nan,,CurationIssue.rdkit_failed
None,,nan,,CurationIssue.rdkit_failed
None,,nan,,CurationIssue.rdkit_failed
None,,nan,,CurationIssue.rdkit_failed
None,,nan,,CurationIssue.rdkit_failed
None,,nan,,CurationIssue.rdkit_failed
None,,nan,,CurationIssue.rdkit_failed
None,,nan,,CurationIssue.rdkit_failed
None,,nan,,CurationIssue.rdkit_failed
None,,nan,,CurationIssue.rdkit_failed
None,,nan,,CurationIssue.rdkit_failed
None,,nan,,CurationIssue.rdkit_failed
None,,nan,,CurationIssue.rdkit_failed
None,,nan,,CurationIssue.rdkit_failed
None,,nan,,CurationIssue.rdkit_failed
None,,nan,,CurationIssue.rdkit_failed
Cn1ccc2cc3c(cc21)CCN3C(=O)Nc1cccnc1,CHEMBL297784,0.0,CurationNote.canonical,CurationIssue.disagreeing_duplicate
C=CCNC(=O)/C(=C\C=C\c1ccccc1)NC(=O)c1ccc(OCCCC)cc1,CHEMBL1484079,1.0,CurationNote.canonical,
Cc1c(CCO)c(=O)n(C)n1C(=O)c1ccc(F)cc1,CHEMBL1392932,0.0,CurationNote.canonical,
Cc1cnc(CNc2ncnc3ccc(-c4ccccc4C(F)(F)F)cc23)cn1,CHEMBL1591374,0.0,CurationNote.canonical,
CCn1c2ccccc2c2cc(NC(=O)C/C(C)=N/NC(=O)c3ccccc3N)ccc21,CHEMBL3193992,0.0,CurationNote.canonical,
COc1ccccc1OCCOc1ccc(/C=C2/C(=N)N3OC(C)=CC3=NC2=O)cc1OC,CHEMBL1375867,1.0,CurationNote.canonical,
COc1ccc(Cc2nccc3cc(OC)c(OC)cc23)cc1OC,CHEMBL19224,1.0,CurationNote.canonical,CurationIssue.duplicate
Cn1c(-c2ccccc2)cnc1N,CHEMBL1410311,0.0,CurationNote.canonical,
CN(C)c1nc(-c2cccnc2)nc2ccccc12,CHEMBL1474272,0.0,CurationNote.canonical,
CC1=CC(=O)c2ccccc2C1=O,CHEMBL590,1.0,CurationNote.canonical,
CCNc1ncc2nc(CCc3ccccc3)c(=O)n(CCC#N)c2n1,CHEMBL1590270,1.0,CurationNote.canonical,
O=C(NCc1cccs1)C1CCN(S(=O)(=O)c2cccc3nsnc23)CC1,CHEMBL1348133,1.0,CurationNote.canonical,
Fc1ccc(C(c2ccc(F)cc2)N2CCN(C/C=C\c3ccccc3)CC2)cc1,CHEMBL1319373,1.0,CurationNote.canonical,CurationIssue.duplicate
CC(=O)N1CCC(=O)N(C(C)C)c2ccccc21,CHEMBL1728064,1.0,CurationNote.canonical,
COc1ccccc1CNc1ncncc1-c1cccc(C#N)c1,CHEMBL1444914,0.0,CurationNote.canonical,
CN(C)CCC=C1c2ccccc2C=Cc2ccccc21,CHEMBL669,1.0,CurationNote.canonical,CurationIssue.duplicate
NCCCCNS(=O)(=O)c1ccc2c(Cl)cccc2c1,CHEMBL1256392,0.0,CurationNote.canonical,
O=C1CC[C@@]2(O)[C@H]3Cc4ccc(O)c5c4[C@@]2(CCN3CC2CC2)[C@@H]1O5,CHEMBL1437711,1.0,CurationNote.canonical,CurationIssue.duplicate
COc1ccccc1CN1CCC2(CC1)CCN(S(C)(=O)=O)CC2,CHEMBL1354644,1.0,CurationNote.canonical,
CN(C)c1ncc2ncc(=O)n(Cc3ccc(F)cc3)c2n1,CHEMBL1397177,0.0,CurationNote.canonical,
O=C(NC(=S)Nc1ccc2c(c1)OCO2)c1ccccc1,CHEMBL1467157,1.0,CurationNote.canonical,
CNC(=O)[C@H](C)[C@@H]1C[C@@]1(C)[C@@H](NC(=O)OCc1ccccc1)c1ccccc1,CHEMBL1527466,1.0,CurationNote.canonical,
FC(F)(F)c1ccccc1-c1nc(-n2ccnc2)c2ccccc2n1,CHEMBL1315292,0.0,CurationNote.canonical,
CCOc1ccc(CC(C(N)=O)C(N)=O)cc1CN(C)C,CHEMBL1438331,0.0,CurationNote.canonical,
O=C(O)c1ccc(Oc2nc3ccccc3s2)cc1,CHEMBL1603884,1.0,CurationNote.canonical,
CN1CCC(=C2c3ccccc3CC(=O)c3sccc32)CC1,CHEMBL534,1.0,CurationNote.canonical,CurationIssue.duplicate
COc1ccc(CCNc2nc(-c3cccnc3)cs2)cc1OC,CHEMBL1549510,1.0,CurationNote.canonical,
Br.COCCCN1Cc2ccccc2C1=N,CHEMBL1612048,0.0,CurationNote.canonical,CurationIssue.mixture
C[C@@H](C(=O)Nc1ccc2ccccc2c1)[C@@H]1C[C@@]1(C)[C@@H](N)c1ccccc1,CHEMBL1453749,0.0,CurationNote.canonical,
COc1ccccc1NS(=O)(=O)c1cccc(C(=O)OCC(=O)Nc2cc(C)on2)c1,CHEMBL1353502,0.0,CurationNote.canonical,
Br.COCC(C)NCc1cccc(C)c1,CHEMBL1529729,0.0,CurationNote.canonical,CurationIssue.mixture
CCOc1cccc(NC(=O)CSc2nc(C)c3c(c2C#N)CCCC3)c1,CHEMBL1604887,1.0,CurationNote.canonical,CurationIssue.inorganic
COc1ccc2c(c1)[nH]c1c(N3CCN(Cc4ccc5c(c4)OCO5)CC3)ncnc12,CHEMBL1496004,1.0,CurationNote.canonical,
COC(=O)[C@H]1[C@@H](O)CC[C@H]2CN3CCc4c([nH]c5ccccc45)[C@@H]3C[C@H]21,CHEMBL1327758,1.0,CurationNote.canonical,CurationIssue.duplicate
c1ccc(CN2c3ccccc3-c3nc4ccccc4n3C2c2ccccn2)cc1,CHEMBL1600490,0.0,CurationNote.canonical,
CN(C)C(=O)C(CCN1CCC(O)(c2ccc(Cl)cc2)CC1)(c1ccccc1)c1ccccc1,CHEMBL841,0.0,CurationNote.canonical,
Cl.O=C1CN=C(Nc2ccccc2)N1Cc1cccs1,CHEMBL1538763,0.0,CurationNote.canonical,CurationIssue.mixture
COc1cc2nc(N3CCN(C(=O)OCc4ccccc4)[C@H](C(=O)NC(C)(C)C)C3)nc(N)c2cc1OC,CHEMBL19476,0.0,CurationNote.canonical,
CC1CCN(CCCCOc2ccccc2[N+](=O)[O-])CC1.O=C(O)C(=O)O,CHEMBL1422891,1.0,CurationNote.canonical,CurationIssue.mixture
C=CCSc1nnc(-c2cc3c(-c4ccccc4)nn(C)c3s2)n1C,CHEMBL1537075,0.0,CurationNote.canonical,CurationIssue.inorganic
O[C@@H](c1cc(-c2ccccc2)nc2c1ccc1ccccc12)[C@@H]1CCCCN1,CHEMBL1327411,1.0,CurationNote.canonical,
Cc1ccccc1-c1nc(NCc2cccnc2)c2ccccc2n1,CHEMBL1355835,0.0,CurationNote.canonical,
CC(C)(Oc1ccc(Cl)cc1)C(=O)O,CHEMBL683,1.0,CurationNote.canonical,
Cc1cccc(CNc2ncnc3ccc(-c4ccoc4)cc23)c1,CHEMBL1370296,1.0,CurationNote.canonical,
Cc1cccc(C)c1NC(=O)C(c1ccc(Cl)cc1Cl)N1CCCCC1,CHEMBL1500582,1.0,CurationNote.canonical,
O=C(O)CN(CC(=O)O)c1ccccc1,CHEMBL1368282,1.0,CurationNote.canonical,
C=CCC(NCc1ccco1)c1ccc(OC)cc1,CHEMBL1529853,1.0,CurationNote.canonical,
Cc1cccc(CNc2ncncc2-c2cccc(C#N)c2)c1,CHEMBL509150,0.0,CurationNote.canonical,
O=C(Nc1ccc(F)cc1)c1ccc(-n2ccnc2)nc1,CHEMBL1573171,1.0,CurationNote.canonical,
CNc1nc(-c2ccccc2Cl)nc2ccccc12,CHEMBL1599163,0.0,CurationNote.canonical,
Cc1cc(C)c[n+](CC(=O)c2cc3ccccc3oc2=O)c1.[Br-],CHEMBL1557951,0.0,CurationNote.canonical,CurationIssue.mixture
COc1ccc2[nH]cc(CCNc3ncnc4ccc(-c5c(C)noc5C)cc34)c2c1,CHEMBL1483855,1.0,CurationNote.canonical,
O=[N+]([O-])c1ccc(N/N=C\c2cccn2-c2ccccc2)nc1,CHEMBL1964690,1.0,CurationNote.canonical,
CCN(CC)CCC[C@H](C)Nc1c2ccc(Cl)cc2nc2ccc(OC)cc12,CHEMBL1442666,1.0,CurationNote.canonical,
C[N+]1(C)CCC(=C(c2ccccc2)c2ccccc2)CC1,CHEMBL1201340,0.0,CurationNote.canonical,
Cc1ccc(CNC(=O)Cn2cncn2)cc1,CHEMBL1437905,0.0,CurationNote.canonical,
None,,nan,,CurationIssue.rdkit_failed
None,,nan,,CurationIssue.rdkit_failed
None,,nan,,CurationIssue.rdkit_failed
N#C/C(=C\c1ccc(O)c(O)c1)C(=O)NCCCc1ccccc1,CHEMBL53898,0.0,CurationNote.canonical,
None,,nan,,CurationIssue.rdkit_failed
None,,nan,,CurationIssue.rdkit_failed
None,,nan,,CurationIssue.rdkit_failed
None,,nan,,CurationIssue.rdkit_failed
None,,nan,,CurationIssue.rdkit_failed
None,,nan,,CurationIssue.rdkit_failed
None,,nan,,CurationIssue.rdkit_failed
None,,nan,,CurationIssue.rdkit_failed
None,,nan,,CurationIssue.rdkit_failed
None,,nan,,CurationIssue.rdkit_failed
None,,nan,,CurationIssue.rdkit_failed
None,,nan,,CurationIssue.rdkit_failed
None,,nan,,CurationIssue.rdkit_failed
None,,nan,,CurationIssue.rdkit_failed
None,,nan,,CurationIssue.rdkit_failed
None,,nan,,CurationIssue.rdkit_failed
None,,nan,,CurationIssue.rdkit_failed
None,,nan,,CurationIssue.rdkit_failed
None,,nan,,CurationIssue.rdkit_failed
None,,nan,,CurationIssue.rdkit_failed
None,,nan,,CurationIssue.rdkit_failed
None,,nan,,CurationIssue.rdkit_failed
None,APRACLONIDINE,nan,,CurationIssue.rdkit_failed
None,,nan,,CurationIssue.rdkit_failed
None,,nan,,CurationIssue.rdkit_failed
None,,nan,,CurationIssue.rdkit_failed
None,CILOSTAZOL,nan,,CurationIssue.rdkit_failed
None,,nan,,CurationIssue.rdkit_failed
None,,nan,,CurationIssue.rdkit_failed
None,,nan,,CurationIssue.rdkit_failed
None,,nan,,CurationIssue.rdkit_failed
None,,nan,,CurationIssue.rdkit_failed
None,,nan,,CurationIssue.rdkit_failed
None,,nan,,CurationIssue.rdkit_failed
None,,nan,,CurationIssue.rdkit_failed
None,,nan,,CurationIssue.rdkit_failed
None,,nan,,CurationIssue.rdkit_failed
None,,nan,,CurationIssue.rdkit_failed
None,,nan,,CurationIssue.rdkit_failed
None,,nan,,CurationIssue.rdkit_failed
None,,nan,,CurationIssue.rdkit_failed
COc1ccc(CCN2/C(=N/C(=O)CCC(=O)O)SC3CS(=O)(=O)CC32)cc1,CHEMBL3210437,0.0,CurationNote.canonical,
None,,nan,,CurationIssue.rdkit_failed
O=C(NCCCN1CCN(Cc2ccccc2)CC1)C1CCN(S(=O)(=O)N2CCCC2)CC1,CHEMBL1509815,1.0,CurationNote.canonical,
None,,nan,,CurationIssue.rdkit_failed
COc1ccc(N2CCC(CNC(=O)Nc3ccc(OC)cc3OC)C2)cc1,CHEMBL1373994,0.0,CurationNote.canonical,
None,ZUCAPSAICIN,nan,,CurationIssue.rdkit_failed
COC(=O)[C@@]1(Cc2ccc(OC)cc2)[C@H]2c3cc(C(=O)N4CCCC4)n(CCc4ccc(O)c(OC)c4)c3C[C@H]2CN1C(=O)c1ccccc1,CHEMBL1373610,0.0,CurationNote.canonical,
None,,nan,,CurationIssue.rdkit_failed
None,,nan,,CurationIssue.rdkit_failed
None,,nan,,CurationIssue.rdkit_failed
None,,nan,,CurationIssue.rdkit_failed
None,,nan,,CurationIssue.rdkit_failed
None,,nan,,CurationIssue.rdkit_failed
None,,nan,,CurationIssue.rdkit_failed
None,,nan,,CurationIssue.rdkit_failed
CNc1ncnc2ccc(-c3ccccc3C)cc12,CHEMBL1551979,1.0,CurationNote.canonical,
None,,nan,,CurationIssue.rdkit_failed
None,,nan,,CurationIssue.rdkit_failed
None,,nan,,CurationIssue.rdkit_failed
None,,nan,,CurationIssue.rdkit_failed
None,,nan,,CurationIssue.rdkit_failed
None,,nan,,CurationIssue.rdkit_failed
CN(C)CN1CSC(=S)N(CN(C)C)C1,CHEMBL1410399,1.0,CurationNote.canonical,
Cn1cc(C(F)(F)F)nc1-c1ccc(OC[C@@H](O)CNCCOc2ccc(O)c(C(N)=O)c2)cc1,CHEMBL1333970,1.0,CurationNote.canonical,
O=C(c1nnc(O)c2ccccc12)N1CCN(C2c3ccccc3-c3ccccc32)CC1,CHEMBL1341789,0.0,CurationNote.canonical,
CC(C)C(NS(=O)(=O)c1cccs1)C(=O)NCCN1CCN(c2ccccc2)CC1,CHEMBL1599844,0.0,CurationNote.canonical,
COc1cccc(-c2nc(NCc3ccccc3)c3ccccc3n2)c1,CHEMBL1366393,0.0,CurationNote.canonical,
Cc1ccc2c(c1)nnn2C1CCN(CC(=O)N2c3ccccc3CC2C)CC1,CHEMBL1430657,0.0,CurationNote.canonical,
Cc1cc(C)c(NC(=O)C2CCCN2C)c(C)c1,CHEMBL1734782,0.0,CurationNote.canonical,
O=C(N/N=C\c1cccc(O)c1)c1ccncc1,CHEMBL1485500,1.0,CurationNote.canonical,
CN(C)CCCN1c2ccc(O)cc2Sc2ccc(Cl)cc21,CHEMBL909,1.0,CurationNote.canonical,CurationIssue.inorganic
CN1CCN(c2ncnc3ccc(-c4ccccc4Cl)cc23)CC1,CHEMBL1396109,0.0,CurationNote.canonical,
C[N+]1(CC(=O)OCCCc2ccccc2)CCOCC1.[I-],CHEMBL1704847,0.0,CurationNote.canonical,CurationIssue.mixture
COc1cccc(-n2ccnc2SCC(=O)Nc2nccs2)c1,CHEMBL1351829,0.0,CurationNote.canonical,
CCCN(CCC)C1Cc2cc(OC)c(OC)cc2C1,CHEMBL16410,0.0,CurationNote.canonical,
Cn1c(-c2ccc(Br)cc2)cnc1NCc1cccnc1,CHEMBL1359378,1.0,CurationNote.canonical,
Clc1ccc(COn2c(-c3ccccc3)nc3ccccc32)cc1,CHEMBL1540663,0.0,CurationNote.canonical,
C[C@]12CC[C@H](O)CC1=CC[C@H]1[C@@H]2CC[C@]2(C)[C@H]1CC[C@@H]2N(CCO)CCO,CHEMBL1536058,1.0,CurationNote.canonical,
CC(=O)OCCCN1c2ccccc2Nc2nnc(-c3ccccc3)cc21,CHEMBL1524866,0.0,CurationNote.canonical,
C=C(C)c1cccc(C(C)(C)NC(=O)Nc2cc(C)ccc2OC)c1,CHEMBL1741558,0.0,CurationNote.canonical,
CC[N+](C)(CC)CCOC(=O)C1c2ccccc2Oc2ccccc21,CHEMBL1201264,1.0,CurationNote.canonical,
CC(C)CCn1c(N)c(C(=O)NCc2cccs2)c2nc3ccccc3nc21,CHEMBL1565888,1.0,CurationNote.canonical,
Cc1cc(C(=O)N[C@H](c2ccccc2)[C@@]2(C)C[C@@H]2[C@@H](C)C(=O)Nc2ccc3ccccc3c2)n(C)n1,CHEMBL1363234,1.0,CurationNote.canonical,
COc1ccc2[nH]cc(CCNc3ncncc3-c3cccc(NS(C)(=O)=O)c3)c2c1,CHEMBL1406851,1.0,CurationNote.canonical,
CCN(CC)CCNC(=O)C(C)c1nn(C)c(=O)c2ccccc12,CHEMBL1377394,0.0,CurationNote.canonical,
COc1ccc(C(=O)N2CCC3(CC2)CCN(C(c2ccccc2)c2ccccc2)CC3)cc1,CHEMBL1611999,0.0,CurationNote.canonical,
Cn1cccc1C(=O)N1CCC2(CCCN(Cc3ccccc3)C2)CC1,CHEMBL1613233,1.0,CurationNote.canonical,
O=C(Nc1ccccc1)N1CCC2(CCNCC2)CC1,CHEMBL1399055,0.0,CurationNote.canonical,
Cc1nc2cnc(N(C)C)nc2n(Cc2cccs2)c1=O,CHEMBL1399313,0.0,CurationNote.canonical,
CCCCOc1ccc(C(=O)N/C(=C\c2ccc(OC)cc2)C(=O)OCc2ccco2)cc1,CHEMBL1565437,1.0,CurationNote.canonical,
CCCCN1CSC(=S)N(Cc2ccccc2)C1,CHEMBL136906,1.0,CurationNote.canonical,
CC#CCOC(=O)C1=CCCN(C)C1.Cc1ccc(S(=O)(=O)O)cc1,CHEMBL1514643,0.0,CurationNote.canonical,CurationIssue.mixture
O=C(CCCn1c(=S)[nH]c2ccc(Br)cc2c1=O)N1CCN(c2ccccn2)CC1,CHEMBL1377868,0.0,CurationNote.canonical,
NC(=O)CNCCC(c1ccccc1)c1ccccc1,CHEMBL1255662,0.0,CurationNote.canonical,
Cc1cc(C(=O)c2cnc(/N=C/N(C)C)s2)cc(C)c1O,CHEMBL3198283,0.0,CurationNote.canonical,
O=S(=O)(c1ccccc1)N1CCC2(CCCN(C(c3ccccc3)c3ccccc3)C2)CC1,CHEMBL1448668,1.0,CurationNote.canonical,
NC(=O)C1CCN(c2ccc(C(F)(F)F)cc2[N+](=O)[O-])CC1,CHEMBL1379481,0.0,CurationNote.canonical,
O=C(Oc1ccccc1)N1CCC2(CCCN(Cc3ccccc3)C2)CC1,CHEMBL1315637,1.0,CurationNote.canonical,
CCCOc1ccc(N2C(=O)CC(SC(=N)N/N=C(\C)c3cccs3)C2=O)cc1,CHEMBL2369256,0.0,CurationNote.canonical,
FC(F)(F)c1ccccc1-c1cc(NCc2cccs2)ncn1,CHEMBL1558569,0.0,CurationNote.canonical,
Cc1noc(C)c1-c1nc(N2CCN(C)CC2)c2ccccc2n1,CHEMBL1314255,0.0,CurationNote.canonical,
Cc1nn(-c2ccccc2)c(C)c1/C=N/NC(=O)c1cc(-c2ccc(Cl)s2)[nH]n1,CHEMBL1967772,0.0,CurationNote.canonical,
None,,nan,,CurationIssue.rdkit_failed
None,,nan,,CurationIssue.rdkit_failed
None,,nan,,CurationIssue.rdkit_failed
None,,nan,,CurationIssue.rdkit_failed
None,,nan,,CurationIssue.rdkit_failed
None,,nan,,CurationIssue.rdkit_failed
None,,nan,,CurationIssue.rdkit_failed
None,,nan,,CurationIssue.rdkit_failed
None,,nan,,CurationIssue.rdkit_failed
None,,nan,,CurationIssue.rdkit_failed
None,,nan,,CurationIssue.rdkit_failed
None,,nan,,CurationIssue.rdkit_failed
None,,nan,,CurationIssue.rdkit_failed
None,,nan,,CurationIssue.rdkit_failed
None,DIMETHADIONE,nan,,CurationIssue.rdkit_failed
None,,nan,,CurationIssue.rdkit_failed
None,,nan,,CurationIssue.rdkit_failed
None,,nan,,CurationIssue.rdkit_failed
None,5-METHOXYTRYPTAMINE,nan,,CurationIssue.rdkit_failed
None,,nan,,CurationIssue.rdkit_failed
None,,nan,,CurationIssue.rdkit_failed
O=C(c1cccc(F)c1)N1CCC[C@@]2(CCN(C(c3ccccc3)c3ccccc3)C2)C1,CHEMBL1610955,0.0,CurationNote.canonical,
C=CCNC(=S)NNC(=O)c1ccc2c(c1)OCO2,CHEMBL1377809,1.0,CurationNote.canonical,
C[As+](C)(c1ccc(Br)c([N+](=O)[O-])c1)c1ccc(Br)c([N+](=O)[O-])c1.O=[N+]([O-])O,CHEMBL1331710,1.0,CurationNote.canonical,CurationIssue.mixture
COc1ncc2nc(-c3ccc(F)cc3)c(=O)n(C[C@H]3CCCO3)c2n1,CHEMBL1442106,0.0,CurationNote.canonical,
O=c1c(CCc2ccccc2)nc2cnc(N3CCNCC3)nc2n1C1CC1,CHEMBL1434801,0.0,CurationNote.canonical,
None,,nan,,CurationIssue.rdkit_failed
None,,nan,,CurationIssue.rdkit_failed
None,,nan,,CurationIssue.rdkit_failed
None,,nan,,CurationIssue.rdkit_failed
None,,nan,,CurationIssue.rdkit_failed
None,,nan,,CurationIssue.rdkit_failed
CC(C)(C)NC[C@H](O)COc1nsnc1N1CCOCC1,CHEMBL499,0.0,CurationNote.canonical,CurationIssue.duplicate
Oc1cc2c(cc1O)CN(C(=S)NCCc1ccc(Cl)cc1)CCC2,CHEMBL391997,0.0,CurationNote.canonical,
O=C(Nc1cccc(F)c1)N1CC[C@@]2(CCCN(C(=O)Oc3ccccc3)C2)C1,CHEMBL1574160,0.0,CurationNote.canonical,
O=C(CCCNC(=O)/C(=C\c1ccccc1F)NC(=O)c1ccccc1)OCc1ccccc1,CHEMBL1441359,1.0,CurationNote.canonical,
COC(=O)c1ccccc1NS(=O)(=O)c1ccc2c3c(cccc13)C(=O)N2,CHEMBL1352808,0.0,CurationNote.canonical,
CCC1Oc2ccccc2N(CC(=O)NCCCN2CCCCC2C)C1=O,CHEMBL1340722,1.0,CurationNote.canonical,
CCOC(=O)C1=C(C)N(Cc2ccccc2)C(=O)NC1c1ccc(OC)cc1,CHEMBL1444406,0.0,CurationNote.canonical,
N=C(N)Nc1ccc(Cl)cc1,CHEMBL41040,0.0,CurationNote.canonical,
CCOC(=O)c1c(C)[nH]c2c1cc(O)c1ccccc12,CHEMBL601110,1.0,CurationNote.canonical,
None,,nan,,CurationIssue.rdkit_failed
None,,nan,,CurationIssue.rdkit_failed
None,L-ALANINE,nan,,CurationIssue.rdkit_failed
None,,nan,,CurationIssue.rdkit_failed
None,,nan,,CurationIssue.rdkit_failed
None,,nan,,CurationIssue.rdkit_failed
None,,nan,,CurationIssue.rdkit_failed
None,,nan,,CurationIssue.rdkit_failed
None,,nan,,CurationIssue.rdkit_failed
Oc1ccnc2cccc(Cc3ccccc3)c12,CHEMBL1323499,1.0,CurationNote.canonical,
CCNCc1cc(OCC)c(OCC(=O)NCCc2ccccc2)cc1Cl.Cl,CHEMBL1547886,0.0,CurationNote.canonical,CurationIssue.mixture
None,,nan,,CurationIssue.rdkit_failed
None,,nan,,CurationIssue.rdkit_failed
None,,nan,,CurationIssue.rdkit_failed
None,,nan,,CurationIssue.rdkit_failed
None,,nan,,CurationIssue.rdkit_failed
None,,nan,,CurationIssue.rdkit_failed
None,,nan,,CurationIssue.rdkit_failed
None,,nan,,CurationIssue.rdkit_failed
None,,nan,,CurationIssue.rdkit_failed
None,,nan,,CurationIssue.rdkit_failed
None,,nan,,CurationIssue.rdkit_failed
None,,nan,,CurationIssue.rdkit_failed
None,,nan,,CurationIssue.rdkit_failed
None,,nan,,CurationIssue.rdkit_failed
None,,nan,,CurationIssue.rdkit_failed
None,,nan,,CurationIssue.rdkit_failed
None,,nan,,CurationIssue.rdkit_failed
None,,nan,,CurationIssue.rdkit_failed
None,,nan,,CurationIssue.rdkit_failed
None,,nan,,CurationIssue.rdkit_failed
None,,nan,,CurationIssue.rdkit_failed
None,,nan,,CurationIssue.rdkit_failed
None,,nan,,CurationIssue.rdkit_failed
None,,nan,,CurationIssue.rdkit_failed
None,,nan,,CurationIssue.rdkit_failed
None,,nan,,CurationIssue.rdkit_failed
None,,nan,,CurationIssue.rdkit_failed
None,,nan,,CurationIssue.rdkit_failed
None,,nan,,CurationIssue.rdkit_failed
None,,nan,,CurationIssue.rdkit_failed
None,,nan,,CurationIssue.rdkit_failed
None,,nan,,CurationIssue.rdkit_failed
None,,nan,,CurationIssue.rdkit_failed
None,,nan,,CurationIssue.rdkit_failed
None,,nan,,CurationIssue.rdkit_failed
None,,nan,,CurationIssue.rdkit_failed
None,,nan,,CurationIssue.rdkit_failed
None,,nan,,CurationIssue.rdkit_failed
None,,nan,,CurationIssue.rdkit_failed
None,NALIDIXATE SODIUM,nan,,CurationIssue.rdkit_failed
None,,nan,,CurationIssue.rdkit_failed
None,,nan,,CurationIssue.rdkit_failed
None,,nan,,CurationIssue.rdkit_failed
None,3-ACETYLCOUMARIN,nan,,CurationIssue.rdkit_failed
None,,nan,,CurationIssue.rdkit_failed
None,,nan,,CurationIssue.rdkit_failed
None,,nan,,CurationIssue.rdkit_failed
None,,nan,,CurationIssue.rdkit_failed
None,,nan,,CurationIssue.rdkit_failed
None,,nan,,CurationIssue.rdkit_failed
None,,nan,,CurationIssue.rdkit_failed
None,,nan,,CurationIssue.rdkit_failed
None,,nan,,CurationIssue.rdkit_failed
O=C(NCCCn1ccnc1)Nc1ccc(Cl)cc1,CHEMBL1331489,1.0,CurationNote.canonical,
Cc1cc(N2CCCCC2)nc(NCc2ccccc2)n1,CHEMBL601135,1.0,CurationNote.canonical,
CCN1CCC[C@@H](OC(=O)C(c2ccccc2)c2ccccc2)C1,CHEMBL1474977,1.0,CurationNote.canonical,
None,,nan,,CurationIssue.rdkit_failed
None,,nan,,CurationIssue.rdkit_failed
None,PYRROLIDINE DITHIOCARBAMATE,nan,,CurationIssue.rdkit_failed
None,,nan,,CurationIssue.rdkit_failed
None,,nan,,CurationIssue.rdkit_failed
None,,nan,,CurationIssue.rdkit_failed
None,,nan,,CurationIssue.rdkit_failed
None,,nan,,CurationIssue.rdkit_failed
None,,nan,,CurationIssue.rdkit_failed
None,,nan,,CurationIssue.rdkit_failed
None,,nan,,CurationIssue.rdkit_failed
None,,nan,,CurationIssue.rdkit_failed
None,,nan,,CurationIssue.rdkit_failed
None,,nan,,CurationIssue.rdkit_failed
None,,nan,,CurationIssue.rdkit_failed
None,,nan,,CurationIssue.rdkit_failed
None,,nan,,CurationIssue.rdkit_failed
None,,nan,,CurationIssue.rdkit_failed
None,,nan,,CurationIssue.rdkit_failed
CC[C@@H](CO)Nc1nc(NCc2ccccc2)c2ncn(C(C)C)c2n1,CHEMBL133342,0.0,CurationNote.canonical,
c1ccc2c(CSc3nnc(-c4ccncc4)o3)cccc2c1,CHEMBL1547788,1.0,CurationNote.canonical,CurationIssue.inorganic
COC(=O)N1CCC2(CCN(Cc3cc(C(F)(F)F)cc(C(F)(F)F)c3)CC2)CC1,CHEMBL1397322,1.0,CurationNote.canonical,
None,,nan,,CurationIssue.rdkit_failed
None,,nan,,CurationIssue.rdkit_failed
None,,nan,,CurationIssue.rdkit_failed
None,,nan,,CurationIssue.rdkit_failed
None,FENBENDAZOLE,nan,,CurationIssue.rdkit_failed
None,,nan,,CurationIssue.rdkit_failed
None,,nan,,CurationIssue.rdkit_failed
None,,nan,,CurationIssue.rdkit_failed
None,,nan,,CurationIssue.rdkit_failed
None,,nan,,CurationIssue.rdkit_failed
None,,nan,,CurationIssue.rdkit_failed
None,,nan,,CurationIssue.rdkit_failed
None,,nan,,CurationIssue.rdkit_failed
None,,nan,,CurationIssue.rdkit_failed
None,7-CHLOROKYNURENIC ACID,nan,,CurationIssue.rdkit_failed
None,,nan,,CurationIssue.rdkit_failed
None,,nan,,CurationIssue.rdkit_failed
None,,nan,,CurationIssue.rdkit_failed
None,,nan,,CurationIssue.rdkit_failed
None,,nan,,CurationIssue.rdkit_failed
None,MK-212,nan,,CurationIssue.rdkit_failed
None,,nan,,CurationIssue.rdkit_failed
None,,nan,,CurationIssue.rdkit_failed
None,,nan,,CurationIssue.rdkit_failed
None,,nan,,CurationIssue.rdkit_failed
None,,nan,,CurationIssue.rdkit_failed
None,,nan,,CurationIssue.rdkit_failed
None,,nan,,CurationIssue.rdkit_failed
None,,nan,,CurationIssue.rdkit_failed
None,,nan,,CurationIssue.rdkit_failed
CCC/N=C/c1c(CCC)nn(-c2nc3ccccc3s2)c1O,CHEMBL3213877,0.0,CurationNote.canonical,
None,,nan,,CurationIssue.rdkit_failed
None,,nan,,CurationIssue.rdkit_failed
None,,nan,,CurationIssue.rdkit_failed
None,,nan,,CurationIssue.rdkit_failed
None,,nan,,CurationIssue.rdkit_failed
None,,nan,,CurationIssue.rdkit_failed
None,,nan,,CurationIssue.rdkit_failed
None,,nan,,CurationIssue.rdkit_failed
None,,nan,,CurationIssue.rdkit_failed
None,,nan,,CurationIssue.rdkit_failed
None,LORATADINE,nan,,CurationIssue.rdkit_failed
None,,nan,,CurationIssue.rdkit_failed
None,,nan,,CurationIssue.rdkit_failed
None,,nan,,CurationIssue.rdkit_failed
None,PICOTAMIDE,nan,,CurationIssue.rdkit_failed
None,HEXAMETHONIUM,nan,,CurationIssue.rdkit_failed
None,,nan,,CurationIssue.rdkit_failed
CC1(C)CCC2=C(O1)c1ccccc1C(=O)C2=O,CHEMBL15192,0.0,CurationNote.canonical,
O=C(Nc1ccccc1)/C(=C\c1ccc2c(c1)OCO2)NC(=O)c1ccco1,CHEMBL1404106,0.0,CurationNote.canonical,
None,,nan,,CurationIssue.rdkit_failed
None,,nan,,CurationIssue.rdkit_failed
None,,nan,,CurationIssue.rdkit_failed
None,,nan,,CurationIssue.rdkit_failed
None,,nan,,CurationIssue.rdkit_failed
None,,nan,,CurationIssue.rdkit_failed
None,,nan,,CurationIssue.rdkit_failed
None,,nan,,CurationIssue.rdkit_failed
None,,nan,,CurationIssue.rdkit_failed
None,,nan,,CurationIssue.rdkit_failed
None,,nan,,CurationIssue.rdkit_failed
None,,nan,,CurationIssue.rdkit_failed
None,,nan,,CurationIssue.rdkit_failed
None,,nan,,CurationIssue.rdkit_failed
None,,nan,,CurationIssue.rdkit_failed
None,,nan,,CurationIssue.rdkit_failed
None,,nan,,CurationIssue.rdkit_failed
CN=C(S)NC1CC2CCCC(C1)N2CC(C)C,CHEMBL1704641,1.0,CurationNote.canonical,
COc1ccc(CCN2CCC(Nc3nc4ccccc4n3Cc3ccc(F)cc3)CC2)cc1,CHEMBL296419,1.0,CurationNote.canonical,
COc1ccc(S(=O)(=O)N2CCN(CC(=O)Nc3cc(C(F)(F)F)ccc3Cl)CC2)cc1,CHEMBL1375759,1.0,CurationNote.canonical,
None,,nan,,CurationIssue.rdkit_failed
None,,nan,,CurationIssue.rdkit_failed
None,GABOXADOL,nan,,CurationIssue.rdkit_failed
None,,nan,,CurationIssue.rdkit_failed
None,,nan,,CurationIssue.rdkit_failed
None,,nan,,CurationIssue.rdkit_failed
None,,nan,,CurationIssue.rdkit_failed
None,,nan,,CurationIssue.rdkit_failed
None,CANAVANINE,nan,,CurationIssue.rdkit_failed
None,,nan,,CurationIssue.rdkit_failed
None,,nan,,CurationIssue.rdkit_failed
None,,nan,,CurationIssue.rdkit_failed
None,LETROZOLE,nan,,CurationIssue.rdkit_failed
None,,nan,,CurationIssue.rdkit_failed
None,,nan,,CurationIssue.rdkit_failed
None,ROQUINIMEX,nan,,CurationIssue.rdkit_failed
None,,nan,,CurationIssue.rdkit_failed
None,,nan,,CurationIssue.rdkit_failed
None,,nan,,CurationIssue.rdkit_failed
None,,nan,,CurationIssue.rdkit_failed
Cc1ccccc1-c1nc(-n2ccnc2)c2ccccc2n1,CHEMBL1356505,0.0,CurationNote.canonical,
CCCCOC(=O)NS(=O)(=O)c1sc(CC(C)C)cc1-c1ccc(Cn2c(CC)nc3c(C)cc(C)nc32)cc1,CHEMBL288174,0.0,CurationNote.canonical,
O=c1c(-c2ccc(F)cc2)nc2cnc(N3CCOCC3)nc2n1Cc1ccc(F)cc1,CHEMBL1315965,0.0,CurationNote.canonical,
O=C(Nc1cccnc1)c1ccc(COc2cc(Cl)ccc2Cl)o1,CHEMBL1392169,0.0,CurationNote.canonical,
COc1ccc2[nH]cc(CCNc3ncncc3-c3ccc4c(c3)OCO4)c2c1,CHEMBL1417771,1.0,CurationNote.canonical,
O=[N+]([O-])c1cccc(-c2nc(-c3ccccc3)c(-c3cccs3)[nH]2)c1,CHEMBL1570854,1.0,CurationNote.canonical,
O=C(Nc1ccc(Cl)c(Cl)c1)N1CCC(N2CCCCC2)CC1,CHEMBL1459503,1.0,CurationNote.canonical,
None,,nan,,CurationIssue.rdkit_failed
O=C(NCCCN1CCOCC1)C1COc2ccccc2O1,CHEMBL1448411,1.0,CurationNote.canonical,
OCCN1CCN(CCCN2c3ccccc3Sc3ccc(C(F)(F)F)cc32)CC1,CHEMBL726,1.0,CurationNote.canonical,CurationIssue.inorganic
CCOc1cc(/C=N/O)ccc1OS(=O)(=O)c1ccc(C)cc1,CHEMBL3195193,0.0,CurationNote.canonical,
CCCCC1(C)Nc2ccccc2-c2nc3ccccc3n21,CHEMBL1583076,0.0,CurationNote.canonical,
O=C(c1cc(-c2ccc(Cl)cc2Cl)on1)N1CCN(C(=O)c2ccco2)CC1,CHEMBL1543285,0.0,CurationNote.canonical,
None,,nan,,CurationIssue.rdkit_failed
None,,nan,,CurationIssue.rdkit_failed
None,,nan,,CurationIssue.rdkit_failed
None,,nan,,CurationIssue.rdkit_failed
O=C(CCC1CCCCC1)Nc1c2c(nn1-c1ccc(F)cc1)CS(=O)(=O)C2,CHEMBL1454533,0.0,CurationNote.canonical,
CCc1cc2c(nc1CC)CCN(CC/C(C)=N/OC)C2,CHEMBL1359930,1.0,CurationNote.canonical,
CN(C)CCCN1c2ccccc2Sc2ccc(C(F)(F)F)cc21,CHEMBL570,1.0,CurationNote.canonical,CurationIssue.inorganic
NC1CCN(c2cccc(Cl)n2)CC1,CHEMBL90472,0.0,CurationNote.canonical,CurationIssue.duplicate
CCc1nc(SCC(=O)N2CCCc3ccccc32)c2oc3ccccc3c2n1,CHEMBL1374205,0.0,CurationNote.canonical,
OCc1ccc(-c2nn(Cc3ccccc3)c3ccccc23)o1,CHEMBL333985,0.0,CurationNote.canonical,
O=C(Nc1ccc(Br)cc1)c1ccc(CSC2=NCCS2)cc1,CHEMBL1600243,1.0,CurationNote.canonical,
None,,nan,,CurationIssue.rdkit_failed
None,,nan,,CurationIssue.rdkit_failed
None,,nan,,CurationIssue.rdkit_failed
None,HOMOVANILLIC ACID,nan,,CurationIssue.rdkit_failed
None,,nan,,CurationIssue.rdkit_failed
None,,nan,,CurationIssue.rdkit_failed
None,,nan,,CurationIssue.rdkit_failed
C[C@@H]([C@H](O)c1ccc(O)cc1)N1CCC(Cc2ccccc2)CC1.C[C@@H]([C@H](O)c1ccc(O)cc1)N1CCC(Cc2ccccc2)CC1.O=C(O)C(O)C(O)C(=O)O,CHEMBL2062340,1.0,CurationNote.canonical,CurationIssue.mixture
Cc1cccc(CNc2ncnc3ccc(-c4ccccc4CN(C)C)cc23)c1,CHEMBL495069,1.0,CurationNote.canonical,
COc1cccc(-c2cncnc2NCc2ccccc2)c1,CHEMBL489934,0.0,CurationNote.canonical,
c1ccc(CNc2nc(-c3ccoc3)nc3ccccc23)cc1,CHEMBL1573862,1.0,CurationNote.canonical,
c1ccc2sc(SCN(C3CCCCC3)C3CCCCC3)nc2c1,CHEMBL1322050,1.0,CurationNote.canonical,
COCCCC/C(=N/OCCN)c1ccc(C(F)(F)F)cc1,CHEMBL1314286,0.0,CurationNote.canonical,CurationIssue.duplicate
CC(=O)N1CCC[C@@]2(CCN(C(c3ccccc3)c3ccccc3)C2)C1,CHEMBL1354273,0.0,CurationNote.canonical,
COc1ccc(S(=O)(=O)NC(CC(=O)NC2CCCC2)c2ccco2)cc1,CHEMBL1386373,0.0,CurationNote.canonical,
O=c1c(-c2cccs2)nc2cncnc2n1Cc1ccc(F)cc1,CHEMBL1436054,1.0,CurationNote.canonical,
O=S1(=O)[C@@H](c2ccccc2)[C@H](N2CCCCC2)[C@H]1[C@H]1C[C@H]2c3ccccc3[C@@H]1c1ccccc12,CHEMBL1331980,1.0,CurationNote.canonical,
None,,nan,,CurationIssue.rdkit_failed
None,,nan,,CurationIssue.rdkit_failed
None,SULFANILAMIDE,nan,,CurationIssue.rdkit_failed
None,(-)-CROMAKALIM,nan,,CurationIssue.rdkit_failed
None,,nan,,CurationIssue.rdkit_failed
None,,nan,,CurationIssue.rdkit_failed
None,,nan,,CurationIssue.rdkit_failed
None,,nan,,CurationIssue.rdkit_failed
None,,nan,,CurationIssue.rdkit_failed
None,,nan,,CurationIssue.rdkit_failed
None,ISOXICAM,nan,,CurationIssue.rdkit_failed
None,,nan,,CurationIssue.rdkit_failed
CCCCc1cc(=O)oc2cc(OCC(=O)N(CC)CC)ccc12,CHEMBL1580701,0.0,CurationNote.canonical,
O=C(NCCc1ccc(Cl)cc1)Nc1cccc(Cl)c1,CHEMBL1422001,1.0,CurationNote.canonical,
Cc1ccn2cc(CSc3ccccc3N)nc2c1,CHEMBL1338083,1.0,CurationNote.canonical,CurationIssue.inorganic
CCCn1cnc2c(SCc3ccc(Cl)cc3)nc(N)nc21,CHEMBL1373998,1.0,CurationNote.canonical,
O=C(Oc1ccccc1)N1CCC[C@@]2(CCN(C(c3ccccc3)c3ccccc3)C2)C1,CHEMBL1457494,1.0,CurationNote.canonical,
CCc1cc(C(c2ccccc2OC)N2CCOCC2)c(NC(=O)c2ccccc2)s1,CHEMBL1582074,0.0,CurationNote.canonical,
,CHEMBL1593655,1.0,CurationNote.canonical,CurationIssue.duplicate
COC(=O)[C@@]1(Cc2ccccc2)[C@H]2c3cc(C(=O)N(C)C)n(Cc4nc5ccccc5[nH]4)c3C[C@H]2CN1C(=O)c1ccccc1,CHEMBL1516787,1.0,CurationNote.canonical,
Oc1c(Cl)cc(CN(Cc2cc(Cl)c(O)c(Cl)c2)C2CCCCC2)cc1Cl,CHEMBL1491009,1.0,CurationNote.canonical,
CCCc1cc2c(cc1NC(=O)c1ccc(Br)cc1)OCO2,CHEMBL1329418,1.0,CurationNote.canonical,
c1ccc(CSc2nnc(-c3sccc3-n3cccc3)o2)cc1,CHEMBL1465191,0.0,CurationNote.canonical,CurationIssue.inorganic
CCC12C=CCN3CCC4(c5cc(Br)c(OC)cc5N(C)C4C(O)(C(=O)OC)C1OC(C)=O)C32,CHEMBL1334512,1.0,CurationNote.canonical,
None,,nan,,CurationIssue.rdkit_failed
COc1cccc(-c2cncnc2NCc2cccc(C)c2)c1,CHEMBL447507,0.0,CurationNote.canonical,
O=C(CCc1nc(-c2ccccc2)no1)NCCc1ccccc1,CHEMBL1544037,0.0,CurationNote.canonical,
CCCC/C=C/C(NC(=O)c1ccco1)c1ccccc1,CHEMBL1396358,0.0,CurationNote.canonical,
O=C(Nc1ccc(-n2nncc2-c2ccco2)cc1)c1cc2ccccc2oc1=O,CHEMBL1347829,1.0,CurationNote.canonical,
Cc1noc(C)c1-c1nc(NCc2cccnc2)c2ccccc2n1,CHEMBL1314247,0.0,CurationNote.canonical,
O=C(NCCC[N+]1=CC=N[C@H]1c1ccccc1)N1CCCc2nc(-c3ccc(Br)cc3)ccc21,CHEMBL1472523,1.0,CurationNote.canonical,
None,,nan,,CurationIssue.rdkit_failed
None,,nan,,CurationIssue.rdkit_failed
None,,nan,,CurationIssue.rdkit_failed
None,,nan,,CurationIssue.rdkit_failed
None,,nan,,CurationIssue.rdkit_failed
None,,nan,,CurationIssue.rdkit_failed
None,,nan,,CurationIssue.rdkit_failed
None,,nan,,CurationIssue.rdkit_failed
O=C(NCc1ccco1)C(c1ccccc1)N(C(=O)Cc1cccs1)c1ccccc1F,CHEMBL1423034,0.0,CurationNote.canonical,
None,GLYBURIDE,nan,,CurationIssue.rdkit_failed
O=c1cnc2cnc(N3CCNCC3)nc2n1CCc1ccccc1,CHEMBL1317172,0.0,CurationNote.canonical,
Nc1ccc(Sc2cnn(-c3ccccc3)c(=O)c2Cl)cc1,CHEMBL1561206,0.0,CurationNote.canonical,CurationIssue.inorganic
O=C(Nc1ccc2c(c1)nc1n2CCN(C2CCCCC2)C1)NC1CCCCC1,CHEMBL1450275,0.0,CurationNote.canonical,
CC1=NOC(=O)/C1=C\c1ccc(-c2ccc(Cl)cc2Cl)o1,CHEMBL1500226,0.0,CurationNote.canonical,
S=C(NCCSCc1ccc(Cl)cc1Cl)Nc1ccccc1,CHEMBL1441088,1.0,CurationNote.canonical,
None,,nan,,CurationIssue.rdkit_failed
None,,nan,,CurationIssue.rdkit_failed
None,,nan,,CurationIssue.rdkit_failed
None,,nan,,CurationIssue.rdkit_failed
None,,nan,,CurationIssue.rdkit_failed
None,,nan,,CurationIssue.rdkit_failed
COc1ccccc1CNc1cc(-c2ccccc2CN(C)C)ncn1,CHEMBL1395355,1.0,CurationNote.canonical,
CCOC(=O)Cc1nnc(NC(=O)CSc2ccc(C)cc2)s1,CHEMBL1525931,0.0,CurationNote.canonical,CurationIssue.inorganic
COc1cc(N)c(Cl)cc1C(=O)CCC1CCN(CCNS(C)(=O)=O)CC1,CHEMBL83899,0.0,CurationNote.canonical,
O=C(Nc1cccc(C(F)(F)F)c1)c1ccc(Cn2cc(Br)cn2)o1,CHEMBL1605449,0.0,CurationNote.canonical,
COc1ccc(CONS(=O)(=O)c2ccc(NC(C)=O)cc2)cc1Cl,CHEMBL1742255,1.0,CurationNote.canonical,
None,,nan,,CurationIssue.rdkit_failed
None,,nan,,CurationIssue.rdkit_failed
None,,nan,,CurationIssue.rdkit_failed
None,,nan,,CurationIssue.rdkit_failed
O[C@@H](C1=C/C(=C\c2ccncc2)c2ccccc21)c1ccncc1,CHEMBL1530613,1.0,CurationNote.canonical,
CCOC(=O)N1CCN(C(=O)c2oc3ccc(S(=O)(=O)N4CCCCC4)cc3c2C)CC1,CHEMBL1431981,0.0,CurationNote.canonical,
None,,nan,,CurationIssue.rdkit_failed
None,,nan,,CurationIssue.rdkit_failed
CCCCCCCCC(=O)NCc1cc(OC)c(O)cc1I,CHEMBL177809,1.0,CurationNote.canonical,
None,CIPROFLOXACIN,nan,,CurationIssue.rdkit_failed
None,,nan,,CurationIssue.rdkit_failed
None,,nan,,CurationIssue.rdkit_failed
None,,nan,,CurationIssue.rdkit_failed
COc1ccccc1-c1ccc2ncnc(Nc3ccccc3)c2c1,CHEMBL1514149,1.0,CurationNote.canonical,
COc1ccc(-c2ccc(=N)n(CCCC(=O)O)n2)cc1,CHEMBL32503,1.0,CurationNote.canonical,
C[C@H](N)C(=O)OC(C)(C)Cc1ccc(Cl)cc1,CHEMBL251941,0.0,CurationNote.canonical,
None,,nan,,CurationIssue.rdkit_failed
None,,nan,,CurationIssue.rdkit_failed
None,,nan,,CurationIssue.rdkit_failed
None,,nan,,CurationIssue.rdkit_failed
None,,nan,,CurationIssue.rdkit_failed
None,,nan,,CurationIssue.rdkit_failed
COc1ccc(O[C@H]2C=C[C@@H](c3ccccc3)O[C@H]2COC(=O)CC/C(C)=N\O[C@@H](C)c2cn([C@H](CO)Cc3ccccc3)nn2)cc1,CHEMBL1320406,1.0,CurationNote.canonical,CurationIssue.duplicate
None,,nan,,CurationIssue.rdkit_failed
None,,nan,,CurationIssue.rdkit_failed
None,,nan,,CurationIssue.rdkit_failed
None,,nan,,CurationIssue.rdkit_failed
None,,nan,,CurationIssue.rdkit_failed
None,DIBROMOTYROSINE,nan,,CurationIssue.rdkit_failed
Cc1ccc(C)c(/C(=N\N=C(N)N)C2CC2)c1,CHEMBL1454229,1.0,CurationNote.canonical,
COc1ccc(NC(=O)c2ccc(-c3ccc(-c4noc(C)n4)cc3C)cc2)cc1N1CCN(C)CC1,CHEMBL15928,0.0,CurationNote.canonical,CurationIssue.disagreeing_duplicate
COc1ccc(-c2cnnn2-c2ccc(NC(=O)c3ccco3)cc2)cc1OC,CHEMBL1521352,1.0,CurationNote.canonical,
None,TOLFENAMIC ACID,nan,,CurationIssue.rdkit_failed
None,,nan,,CurationIssue.rdkit_failed
None,,nan,,CurationIssue.rdkit_failed
None,,nan,,CurationIssue.rdkit_failed
None,,nan,,CurationIssue.rdkit_failed
None,,nan,,CurationIssue.rdkit_failed
None,,nan,,CurationIssue.rdkit_failed
None,,nan,,CurationIssue.rdkit_failed
None,,nan,,CurationIssue.rdkit_failed
None,,nan,,CurationIssue.rdkit_failed
None,,nan,,CurationIssue.rdkit_failed
None,,nan,,CurationIssue.rdkit_failed
None,,nan,,CurationIssue.rdkit_failed
None,,nan,,CurationIssue.rdkit_failed
None,,nan,,CurationIssue.rdkit_failed
None,,nan,,CurationIssue.rdkit_failed
None,,nan,,CurationIssue.rdkit_failed
None,,nan,,CurationIssue.rdkit_failed
Cc1ccc(/C=C/C(=O)c2nc3ccccc3[nH]2)cc1,CHEMBL1508837,0.0,CurationNote.canonical,
CCCCc1cc2ccccc2c(OCCN(C)C)n1,CHEMBL127643,1.0,CurationNote.canonical,
None,,nan,,CurationIssue.rdkit_failed
Cc1sc(NC(=O)c2ccco2)c(C(c2cccnc2)N2CCCC2)c1C,CHEMBL1612486,1.0,CurationNote.canonical,
None,,nan,,CurationIssue.rdkit_failed
COc1cc(CNC(=O)CCCC/C=C\C(C)C)ccc1O,CHEMBL313971,0.0,CurationNote.canonical,CurationIssue.duplicate
OCCN1CCN(CC/C=C2\c3ccccc3Sc3ccc(C(F)(F)F)cc32)CC1,CHEMBL42055,1.0,CurationNote.canonical,CurationIssue.inorganic
CN(Cc1ccco1)c1ncnc2ccc(-c3cccc(NS(C)(=O)=O)c3)cc12,CHEMBL1403333,0.0,CurationNote.canonical,
Cc1noc(C)c1-c1cncnc1N1CCN(C)CC1,CHEMBL1324530,0.0,CurationNote.canonical,
O=S(=O)(c1cccs1)N1CN(Cc2ccc(Cl)cc2)c2nc3ccccc3nc21,CHEMBL1584983,1.0,CurationNote.canonical,
Cc1nc2c(C(=O)NCc3ccc4c(c3)OCO4)cnn2c(O)c1Cc1ccccc1F,CHEMBL1525916,0.0,CurationNote.canonical,
Cc1cc(CNC(=O)[C@H](C)[C@H]2C[C@]2(C)[C@H](NC(=O)OCc2ccccc2)c2ccccc2)nn1C,CHEMBL1318571,0.0,CurationNote.canonical,
O=C(NCc1ccccc1)C(c1cccs1)N(Cc1cccs1)C(=O)c1cnccn1,CHEMBL1565366,0.0,CurationNote.canonical,
None,,nan,,CurationIssue.rdkit_failed
None,,nan,,CurationIssue.rdkit_failed
None,,nan,,CurationIssue.rdkit_failed
O=C(CCCn1cnc([N+](=O)[O-])n1)Nc1ccc(Cl)c(Cl)c1,CHEMBL1369642,0.0,CurationNote.canonical,
Cc1ccc(-c2nn(-c3ccccc3)cc2CSC(=N)N)cc1.Cl,CHEMBL1536942,1.0,CurationNote.canonical,CurationIssue.mixture
None,,nan,,CurationIssue.rdkit_failed
None,,nan,,CurationIssue.rdkit_failed
None,,nan,,CurationIssue.rdkit_failed
None,,nan,,CurationIssue.rdkit_failed
None,,nan,,CurationIssue.rdkit_failed
None,,nan,,CurationIssue.rdkit_failed
None,,nan,,CurationIssue.rdkit_failed
None,,nan,,CurationIssue.rdkit_failed
None,,nan,,CurationIssue.rdkit_failed
None,,nan,,CurationIssue.rdkit_failed
None,,nan,,CurationIssue.rdkit_failed
None,,nan,,CurationIssue.rdkit_failed
None,,nan,,CurationIssue.rdkit_failed
None,,nan,,CurationIssue.rdkit_failed
None,,nan,,CurationIssue.rdkit_failed
None,,nan,,CurationIssue.rdkit_failed
None,,nan,,CurationIssue.rdkit_failed
None,,nan,,CurationIssue.rdkit_failed
None,,nan,,CurationIssue.rdkit_failed
O[C@@H](c1cc([C@@]23C[C@H]4CC[C@@H]2C[C@H](C4)C3)nc2c(Cl)cc(Cl)cc12)[C@@H]1CCCCN1,CHEMBL1450317,1.0,CurationNote.canonical,
CN1CCN(c2nc3cc(C(F)(F)F)ccc3n3cccc23)CC1,CHEMBL27403,0.0,CurationNote.canonical,
CS(=O)(=O)N1CCC2(CC1)CN(Cc1cc(C(F)(F)F)cc(C(F)(F)F)c1)C2,CHEMBL1514729,1.0,CurationNote.canonical,
CC(=O)c1ccc2c(c1)N(CCCN1CCC(CCO)CC1)c1ccccc1S2,CHEMBL1584,1.0,CurationNote.canonical,
None,,nan,,CurationIssue.rdkit_failed
None,,nan,,CurationIssue.rdkit_failed
None,,nan,,CurationIssue.rdkit_failed
O=C(CSC1=NCCN1)c1ccccc1,CHEMBL1451526,1.0,CurationNote.canonical,
COc1ccc2nc(N3CCCC(C(=O)NCCCN4CCN(C)CC4)C3)sc2c1,CHEMBL1479106,0.0,CurationNote.canonical,
O=C(NCC1CCCO1)C1c2ccccc2C(=O)N1Cc1ccc2c(c1)OCO2,CHEMBL1497099,0.0,CurationNote.canonical,
CCOC(=O)C(/C=N/c1cccc(C)c1C)=C(/O)OCC,CHEMBL3195524,1.0,CurationNote.canonical,
CCOc1ccc(-c2nnc(-c3ccncc3)o2)cc1,CHEMBL1560487,0.0,CurationNote.canonical,
None,,nan,,CurationIssue.rdkit_failed
None,,nan,,CurationIssue.rdkit_failed
None,,nan,,CurationIssue.rdkit_failed
None,,nan,,CurationIssue.rdkit_failed
None,,nan,,CurationIssue.rdkit_failed
None,,nan,,CurationIssue.rdkit_failed
None,,nan,,CurationIssue.rdkit_failed
None,,nan,,CurationIssue.rdkit_failed
CS(=O)(=O)N1CCC2(CC1)CN(Cc1ccncc1)C2,CHEMBL1560095,0.0,CurationNote.canonical,
O=C(Nc1ccc(F)cc1)Nc1nnc(-c2ccncc2)s1,CHEMBL1428264,1.0,CurationNote.canonical,
O=C(Nc1ccc(Cc2ccncc2)cc1)c1ccc(S(=O)(=O)N2CCOCC2)cc1,CHEMBL1488466,1.0,CurationNote.canonical,
Cc1cnc(CNc2cc(-c3ccccc3CN(C)C)ncn2)cn1,CHEMBL1592289,0.0,CurationNote.canonical,
CCc1cc2c(nc1CC)CCN(CC/C(C)=N/O[C@@H]1O[C@H](COC(C)=O)[C@H](OC(C)=O)[C@H](OC(C)=O)[C@H]1OC(C)=O)C2,CHEMBL1553977,1.0,CurationNote.canonical,
COc1ccccc1CNc1ncnc2ccc(-c3ccc(N(C)C)cc3)cc12,CHEMBL521970,1.0,CurationNote.canonical,
Oc1cc2c(cc1O)[C@H]1c3ccccc3CN[C@@H]1CC2,CHEMBL25856,0.0,CurationNote.canonical,
O=C(CCNc1cccc(Cl)c1)c1cccs1,CHEMBL1527611,0.0,CurationNote.canonical,
Cc1cc2c(nc1C)CCCCN2C[C@H](C)O/N=C1\[C@@H]2CCn3c(=O)n(-c4ccccc4)c(=O)n3[C@H]2[C@H](O)[C@H]2O[C@H]12,CHEMBL1593486,1.0,CurationNote.canonical,
None,,nan,,CurationIssue.rdkit_failed
None,,nan,,CurationIssue.rdkit_failed
None,,nan,,CurationIssue.rdkit_failed
None,GUVACINE,nan,,CurationIssue.rdkit_failed
None,,nan,,CurationIssue.rdkit_failed
None,,nan,,CurationIssue.rdkit_failed
None,,nan,,CurationIssue.rdkit_failed
None,,nan,,CurationIssue.rdkit_failed
None,,nan,,CurationIssue.rdkit_failed
None,,nan,,CurationIssue.rdkit_failed
None,,nan,,CurationIssue.rdkit_failed
None,,nan,,CurationIssue.rdkit_failed
None,,nan,,CurationIssue.rdkit_failed
None,,nan,,CurationIssue.rdkit_failed
None,,nan,,CurationIssue.rdkit_failed
None,,nan,,CurationIssue.rdkit_failed
None,,nan,,CurationIssue.rdkit_failed
None,,nan,,CurationIssue.rdkit_failed
None,1400W,nan,,CurationIssue.rdkit_failed
None,,nan,,CurationIssue.rdkit_failed
None,,nan,,CurationIssue.rdkit_failed
None,,nan,,CurationIssue.rdkit_failed
None,,nan,,CurationIssue.rdkit_failed
Nc1c2c(nc3ccccc13)CCCC2,CHEMBL95,0.0,CurationNote.canonical,
Cc1cccc(NC(=O)C2(c3ccccc3)CC2(Cl)Cl)c1,CHEMBL1442380,0.0,CurationNote.canonical,
COc1cccc(-c2ccc3ncnc(NCc4ccc(OC)cc4OC)c3c2)c1,CHEMBL428814,0.0,CurationNote.canonical,
COc1cccc(CSc2nnc(C(F)(F)F)n2Cc2ccc(F)cc2)c1,CHEMBL1423337,1.0,CurationNote.canonical,CurationIssue.inorganic
None,,nan,,CurationIssue.rdkit_failed
None,,nan,,CurationIssue.rdkit_failed
None,,nan,,CurationIssue.rdkit_failed
None,,nan,,CurationIssue.rdkit_failed
None,,nan,,CurationIssue.rdkit_failed
None,,nan,,CurationIssue.rdkit_failed
COC(=O)[C@@]1(Cc2ccccc2)[C@H]2c3cc(C(=O)N(C)C)n(Cc4ccsc4Br)c3C[C@H]2CN1C(=O)c1ccccc1,CHEMBL1493496,0.0,CurationNote.canonical,
None,,nan,,CurationIssue.rdkit_failed
None,,nan,,CurationIssue.rdkit_failed
None,,nan,,CurationIssue.rdkit_failed
None,,nan,,CurationIssue.rdkit_failed
None,,nan,,CurationIssue.rdkit_failed
None,,nan,,CurationIssue.rdkit_failed
None,,nan,,CurationIssue.rdkit_failed
None,,nan,,CurationIssue.rdkit_failed
None,,nan,,CurationIssue.rdkit_failed
None,,nan,,CurationIssue.rdkit_failed
None,,nan,,CurationIssue.rdkit_failed
None,,nan,,CurationIssue.rdkit_failed
C[C@H](N)Cc1c[nH]c2ccc(O)cc12,CHEMBL1416204,0.0,CurationNote.canonical,CurationIssue.disagreeing_duplicate
None,,nan,,CurationIssue.rdkit_failed
None,,nan,,CurationIssue.rdkit_failed
None,,nan,,CurationIssue.rdkit_failed
None,,nan,,CurationIssue.rdkit_failed
None,,nan,,CurationIssue.rdkit_failed
None,,nan,,CurationIssue.rdkit_failed
None,,nan,,CurationIssue.rdkit_failed
None,,nan,,CurationIssue.rdkit_failed
None,,nan,,CurationIssue.rdkit_failed
None,,nan,,CurationIssue.rdkit_failed
None,,nan,,CurationIssue.rdkit_failed
None,,nan,,CurationIssue.rdkit_failed
None,,nan,,CurationIssue.rdkit_failed
None,,nan,,CurationIssue.rdkit_failed
None,,nan,,CurationIssue.rdkit_failed
None,,nan,,CurationIssue.rdkit_failed
Cc1ccc(C2=C(Cl)C(=O)C(c3ccc(C)cc3)=C(Cl)C2=O)cc1,CHEMBL1556742,1.0,CurationNote.canonical,
CC(=O)OC[C@H]1O[C@@H](O/N=C2\[C@@H]3CCn4c(=O)n(-c5ccccc5)c(=O)n4[C@H]3[C@H](O)[C@H]3O[C@H]23)[C@H](OC(C)=O)[C@@H](OC(C)=O)[C@@H]1OC(C)=O,CHEMBL1358115,1.0,CurationNote.canonical,
None,,nan,,CurationIssue.rdkit_failed
None,,nan,,CurationIssue.rdkit_failed
COc1ccccc1-c1cncnc1NCc1ccccc1,CHEMBL448966,0.0,CurationNote.canonical,
None,,nan,,CurationIssue.rdkit_failed
CC(C)NCCCOc1ccc(Cl)cc1Br.O=C(O)C(=O)O,CHEMBL1439231,1.0,CurationNote.canonical,CurationIssue.mixture
None,,nan,,CurationIssue.rdkit_failed
COc1cnc(SCc2ccc(Cl)cc2)nc1Cl,CHEMBL1405257,0.0,CurationNote.canonical,
None,,nan,,CurationIssue.rdkit_failed
None,,nan,,CurationIssue.rdkit_failed
None,,nan,,CurationIssue.rdkit_failed
None,,nan,,CurationIssue.rdkit_failed
None,,nan,,CurationIssue.rdkit_failed
None,,nan,,CurationIssue.rdkit_failed
None,,nan,,CurationIssue.rdkit_failed
None,,nan,,CurationIssue.rdkit_failed
None,,nan,,CurationIssue.rdkit_failed
None,,nan,,CurationIssue.rdkit_failed
None,,nan,,CurationIssue.rdkit_failed
None,,nan,,CurationIssue.rdkit_failed
None,GEMFIBROZIL,nan,,CurationIssue.rdkit_failed
None,,nan,,CurationIssue.rdkit_failed
None,,nan,,CurationIssue.rdkit_failed
O=C(Nc1cccc(F)c1)N1CC[C@@]2(CCCN(S(=O)(=O)c3ccccc3)C2)C1,CHEMBL1373907,0.0,CurationNote.canonical,
None,,nan,,CurationIssue.rdkit_failed
None,,nan,,CurationIssue.rdkit_failed
None,,nan,,CurationIssue.rdkit_failed
None,,nan,,CurationIssue.rdkit_failed
O=C(CCNC(=O)Cn1ccc2ccccc2c1=O)NCCCN1CCN(c2ccc(F)cc2)CC1,CHEMBL1392075,1.0,CurationNote.canonical,
CC(=O)N1CCC2(CCCN(C(=O)Nc3cccc(C#N)c3)C2)CC1,CHEMBL1358694,0.0,CurationNote.canonical,
None,,nan,,CurationIssue.rdkit_failed
None,,nan,,CurationIssue.rdkit_failed
None,,nan,,CurationIssue.rdkit_failed
None,,nan,,CurationIssue.rdkit_failed
None,,nan,,CurationIssue.rdkit_failed
None,,nan,,CurationIssue.rdkit_failed
None,,nan,,CurationIssue.rdkit_failed
None,,nan,,CurationIssue.rdkit_failed
CCCCCC(=O)Nc1cccc(-c2nc3ncccc3o2)c1,CHEMBL1429119,0.0,CurationNote.canonical,
CCn1c(-c2ccccc2Cl)nn(CC(=O)Nc2cc(Cl)ccc2Cl)c1=S,CHEMBL1386594,0.0,CurationNote.canonical,
None,(S)-VERAPAMIL,nan,,CurationIssue.rdkit_failed
None,,nan,,CurationIssue.rdkit_failed
None,,nan,,CurationIssue.rdkit_failed
None,,nan,,CurationIssue.rdkit_failed
,CHEMBL1523618,1.0,CurationNote.canonical,CurationIssue.duplicate
S=C(Nc1cccc(Cl)c1)NC1CCCCC1,CHEMBL1506831,0.0,CurationNote.canonical,
COc1cc(N)c(Cl)cc1C(=O)N[C@H]1CCN(CCCOc2ccc(F)cc2)C[C@H]1OC,CHEMBL74656,1.0,CurationNote.canonical,
None,,nan,,CurationIssue.rdkit_failed
None,,nan,,CurationIssue.rdkit_failed
None,,nan,,CurationIssue.rdkit_failed
None,,nan,,CurationIssue.rdkit_failed
None,,nan,,CurationIssue.rdkit_failed
None,,nan,,CurationIssue.rdkit_failed
None,,nan,,CurationIssue.rdkit_failed
None,,nan,,CurationIssue.rdkit_failed
None,,nan,,CurationIssue.rdkit_failed
None,S-ETOMIDATE,nan,,CurationIssue.rdkit_failed
None,,nan,,CurationIssue.rdkit_failed
None,,nan,,CurationIssue.rdkit_failed
None,,nan,,CurationIssue.rdkit_failed
None,,nan,,CurationIssue.rdkit_failed
None,5-NITRO-2-PHENYLPROPYLAMINOBENZOIC ACID [NPPB],nan,,CurationIssue.rdkit_failed
None,DAPHNETIN,nan,,CurationIssue.rdkit_failed
None,,nan,,CurationIssue.rdkit_failed
None,,nan,,CurationIssue.rdkit_failed
None,,nan,,CurationIssue.rdkit_failed
None,,nan,,CurationIssue.rdkit_failed
None,,nan,,CurationIssue.rdkit_failed
None,,nan,,CurationIssue.rdkit_failed
None,,nan,,CurationIssue.rdkit_failed
None,,nan,,CurationIssue.rdkit_failed
CN1CCc2ccccc2[C@@H]1Cc1ccccc1NC(=O)c1sc2ccccc2c1Cl,CHEMBL1525179,1.0,CurationNote.canonical,
CCNc1ncc2nc(-c3cccs3)c(=O)n(CCc3ccccc3)c2n1,CHEMBL1395431,0.0,CurationNote.canonical,
None,,nan,,CurationIssue.rdkit_failed
O=C(Nc1ccc(Cl)c(C(F)(F)F)c1)C1CCCN(S(=O)(=O)c2c[nH]cn2)C1,CHEMBL1602849,1.0,CurationNote.canonical,
C[N+]1(CCN[N+]2(C)CCCCC2)CCc2ccccc2C1,CHEMBL2009961,1.0,CurationNote.canonical,
Cc1sc(NC(=O)c2ccco2)c(C(c2cccnc2)N2CCN(C)CC2)c1C,CHEMBL1372883,0.0,CurationNote.canonical,
None,,nan,,CurationIssue.rdkit_failed
None,,nan,,CurationIssue.rdkit_failed
None,,nan,,CurationIssue.rdkit_failed
None,,nan,,CurationIssue.rdkit_failed
None,,nan,,CurationIssue.rdkit_failed
None,,nan,,CurationIssue.rdkit_failed
None,,nan,,CurationIssue.rdkit_failed
None,,nan,,CurationIssue.rdkit_failed
None,,nan,,CurationIssue.rdkit_failed
None,,nan,,CurationIssue.rdkit_failed
None,,nan,,CurationIssue.rdkit_failed
None,,nan,,CurationIssue.rdkit_failed
NC(=O)C1(N2CCCCC2)CCN(C(=O)c2ccc(-n3cnnn3)cc2)CC1,CHEMBL1742007,1.0,CurationNote.canonical,
O=C(c1ccc(F)cc1)C1CCN(CCn2c(=S)[nH]c3ccccc3c2=O)CC1,CHEMBL62919,1.0,CurationNote.canonical,
CN(C)c1ncc2nc(-c3ccc(F)cc3)c(=O)n(CCC#N)c2n1,CHEMBL1554910,1.0,CurationNote.canonical,
C[C@@H](CN(C)C)CN1c2ccccc2Sc2ccccc21.C[C@@H](CN(C)C)CN1c2ccccc2Sc2ccccc21.O=C(O)C(O)C(O)C(=O)O,CHEMBL2062336,1.0,CurationNote.canonical,CurationIssue.mixture
c1ccc2c(-c3c[nH]c4ccccc34)c3ccccc3nc2c1,CHEMBL1346628,1.0,CurationNote.canonical,
O=S(=O)(Nc1ccc(Cc2ccncc2)cc1)c1ccc(Br)cc1,CHEMBL1299525,1.0,CurationNote.canonical,
COc1ncc2nc(-c3ccccc3)c(=O)n(CCC#N)c2n1,CHEMBL1475284,0.0,CurationNote.canonical,
COc1ccc(CCCC(=O)NC2CCCCC2)cc1,CHEMBL1447904,1.0,CurationNote.canonical,
CN1CCN(C(=O)c2ccc(-n3cccc3)cc2)CC1,CHEMBL1430113,0.0,CurationNote.canonical,
CC(C)Cn1c(SCc2nc(O)c3ccccc3n2)nc2ccccc2c1=O,CHEMBL1509337,1.0,CurationNote.canonical,
N#CCSc1sc(C#N)c(NC(=O)c2ccccc2)c1-c1ccccc1,CHEMBL1455816,0.0,CurationNote.canonical,CurationIssue.inorganic
Oc1ccc2c3c1O[C@H]1c4[nH]c5ccccc5c4C[C@]4(O)[C@H](C2)N(CC2CC2)CC[C@@]314,CHEMBL1371444,1.0,CurationNote.canonical,
c1ncc(-c2ccc3c(c2)OCO3)c(NCCc2cnc[nH]2)n1,CHEMBL1356060,1.0,CurationNote.canonical,
CC(C)OC(=O)CN1CCN(C2c3ccccc3-c3ccccc32)CC1,CHEMBL1393461,1.0,CurationNote.canonical,
None,,nan,,CurationIssue.rdkit_failed
None,,nan,,CurationIssue.rdkit_failed
None,,nan,,CurationIssue.rdkit_failed
None,,nan,,CurationIssue.rdkit_failed
CC(C)NC(=O)N1CCCC2(CCN(S(=O)(=O)c3ccccc3)CC2)C1,CHEMBL1592117,1.0,CurationNote.canonical,
None,,nan,,CurationIssue.rdkit_failed
None,,nan,,CurationIssue.rdkit_failed
None,,nan,,CurationIssue.rdkit_failed
None,,nan,,CurationIssue.rdkit_failed
None,,nan,,CurationIssue.rdkit_failed
None,,nan,,CurationIssue.rdkit_failed
None,,nan,,CurationIssue.rdkit_failed
C/C(CCN1CCCc2nc(C)c(C)cc21)=N\O[C@@H](C)c1cn([C@H](CO)Cc2ccccc2)nn1,CHEMBL1435908,1.0,CurationNote.canonical,
CC(=O)/C=C1\SC=C(c2ccc(Br)cc2)N1c1ccccc1,CHEMBL1415305,1.0,CurationNote.canonical,
None,,nan,,CurationIssue.rdkit_failed
None,,nan,,CurationIssue.rdkit_failed
None,,nan,,CurationIssue.rdkit_failed
None,,nan,,CurationIssue.rdkit_failed
None,FURAFYLLINE,nan,,CurationIssue.rdkit_failed
None,,nan,,CurationIssue.rdkit_failed
None,,nan,,CurationIssue.rdkit_failed
None,,nan,,CurationIssue.rdkit_failed
None,,nan,,CurationIssue.rdkit_failed
None,,nan,,CurationIssue.rdkit_failed
None,,nan,,CurationIssue.rdkit_failed
None,,nan,,CurationIssue.rdkit_failed
None,DEFEROXAMINE MESYLATE,nan,,CurationIssue.rdkit_failed
None,,nan,,CurationIssue.rdkit_failed
None,,nan,,CurationIssue.rdkit_failed
None,,nan,,CurationIssue.rdkit_failed
None,,nan,,CurationIssue.rdkit_failed
None,,nan,,CurationIssue.rdkit_failed
None,,nan,,CurationIssue.rdkit_failed
None,,nan,,CurationIssue.rdkit_failed
None,,nan,,CurationIssue.rdkit_failed
None,CATHINE,nan,,CurationIssue.rdkit_failed
None,,nan,,CurationIssue.rdkit_failed
None,,nan,,CurationIssue.rdkit_failed
None,,nan,,CurationIssue.rdkit_failed
None,,nan,,CurationIssue.rdkit_failed
None,,nan,,CurationIssue.rdkit_failed
None,,nan,,CurationIssue.rdkit_failed
None,,nan,,CurationIssue.rdkit_failed
None,,nan,,CurationIssue.rdkit_failed
None,,nan,,CurationIssue.rdkit_failed
None,,nan,,CurationIssue.rdkit_failed
None,,nan,,CurationIssue.rdkit_failed
None,,nan,,CurationIssue.rdkit_failed
None,,nan,,CurationIssue.rdkit_failed
None,,nan,,CurationIssue.rdkit_failed
None,,nan,,CurationIssue.rdkit_failed
None,,nan,,CurationIssue.rdkit_failed
None,,nan,,CurationIssue.rdkit_failed
None,,nan,,CurationIssue.rdkit_failed
None,,nan,,CurationIssue.rdkit_failed
None,,nan,,CurationIssue.rdkit_failed
None,,nan,,CurationIssue.rdkit_failed
None,,nan,,CurationIssue.rdkit_failed
None,,nan,,CurationIssue.rdkit_failed
None,,nan,,CurationIssue.rdkit_failed
None,,nan,,CurationIssue.rdkit_failed
None,,nan,,CurationIssue.rdkit_failed
None,,nan,,CurationIssue.rdkit_failed
None,,nan,,CurationIssue.rdkit_failed
None,,nan,,CurationIssue.rdkit_failed
None,,nan,,CurationIssue.rdkit_failed
None,,nan,,CurationIssue.rdkit_failed
None,,nan,,CurationIssue.rdkit_failed
None,,nan,,CurationIssue.rdkit_failed
None,,nan,,CurationIssue.rdkit_failed
CCN(Cc1ccccc1)Cc1cccc([N+](=O)[O-])c1,CHEMBL1451824,1.0,CurationNote.canonical,
None,,nan,,CurationIssue.rdkit_failed
CCC(=O)c1ccc(OCC(O)CN2CCCCC2)cc1.Cl,CHEMBL1613332,0.0,CurationNote.canonical,CurationIssue.mixture
None,,nan,,CurationIssue.rdkit_failed
None,,nan,,CurationIssue.rdkit_failed
None,,nan,,CurationIssue.rdkit_failed
None,CHLOROTHIAZIDE,nan,,CurationIssue.rdkit_failed
None,,nan,,CurationIssue.rdkit_failed
None,,nan,,CurationIssue.rdkit_failed
None,,nan,,CurationIssue.rdkit_failed
COc1ccccc1CNC(=O)c1cc2c(C)nn(Cc3ccc(F)cc3)c2s1,CHEMBL1573739,0.0,CurationNote.canonical,
CS(=O)(=O)N1CCC2(CCN(c3ccncc3)CC2)CC1,CHEMBL1436957,0.0,CurationNote.canonical,
Cc1ccccc1NC(=O)CN1CCC(n2nnc3ccccc32)CC1,CHEMBL1718033,1.0,CurationNote.canonical,
COC(=O)N1CCC2(CCCN(Cc3nccs3)C2)CC1,CHEMBL1435544,0.0,CurationNote.canonical,
COc1ccccc1CCn1c(=O)c(-c2cccc(F)c2)nc2cncnc21,CHEMBL1590397,0.0,CurationNote.canonical,
Cc1nc2ccc(NC(=O)Nc3ccnc4cccnc34)cc2o1,CHEMBL291536,1.0,CurationNote.canonical,
CCOC(=O)c1ccc(S(=O)(=O)Nc2ccc3c[nH]nc3c2)cc1,CHEMBL1531672,0.0,CurationNote.canonical,
CNc1nc(-c2ccccc2OC)nc2ccccc12,CHEMBL1515918,0.0,CurationNote.canonical,
Cn1cnc2c(NC3CCCC3)ncnc21,CHEMBL48278,0.0,CurationNote.canonical,
COC(=O)C1=C(C)NC(C)=C(C(=O)OCCN(C)Cc2ccccc2)[C@H]1c1cccc([N+](=O)[O-])c1,CHEMBL1314450,1.0,CurationNote.canonical,
COc1ncc2nc(-c3cccs3)c(=O)n(Cc3ccc(F)cc3)c2n1,CHEMBL1355089,1.0,CurationNote.canonical,
Clc1ccccc1-c1nc(Nc2ccncc2)c2ccccc2n1,CHEMBL1320469,0.0,CurationNote.canonical,
COc1ccccc1-c1nccc(N2CCN(C)CC2)n1,CHEMBL1565564,0.0,CurationNote.canonical,
None,,nan,,CurationIssue.rdkit_failed
Cc1cccc(CNc2nc(-c3ccoc3)nc3ccccc23)c1,CHEMBL1433464,1.0,CurationNote.canonical,
CCOC(=O)N1CCN(C(=O)CNCc2cccs2)CC1.O=C(O)C(=O)O,CHEMBL1496472,1.0,CurationNote.canonical,CurationIssue.mixture
O=c1cc(-c2ccccc2)oc2cc(O)cc(O)c12,CHEMBL117,0.0,CurationNote.canonical,
O=C1CC2(CCCC2)CC(=O)N1CCNC[C@H]1COc2ccccc2O1,CHEMBL1598062,1.0,CurationNote.canonical,
COc1ccc(CNC(=O)C2CC(c3ccc(OC)cc3)=NO2)cc1,CHEMBL1575508,1.0,CurationNote.canonical,
O=C(c1ccco1)N1CCC2(CC1)CCN(c1ccccc1)CC2,CHEMBL1551387,0.0,CurationNote.canonical,
NCCCCCCCCCCNS(=O)(=O)c1cccc2c(Cl)cccc12,CHEMBL1331148,1.0,CurationNote.canonical,
c1ccc([C@@H]2CN3CCSC3=N2)cc1,CHEMBL1369896,0.0,CurationNote.canonical,CurationIssue.duplicate
None,,nan,,CurationIssue.rdkit_failed
None,,nan,,CurationIssue.rdkit_failed
None,,nan,,CurationIssue.rdkit_failed
None,,nan,,CurationIssue.rdkit_failed
None,,nan,,CurationIssue.rdkit_failed
None,,nan,,CurationIssue.rdkit_failed
None,,nan,,CurationIssue.rdkit_failed
None,,nan,,CurationIssue.rdkit_failed
None,,nan,,CurationIssue.rdkit_failed
None,,nan,,CurationIssue.rdkit_failed
None,,nan,,CurationIssue.rdkit_failed
None,,nan,,CurationIssue.rdkit_failed
None,,nan,,CurationIssue.rdkit_failed
None,,nan,,CurationIssue.rdkit_failed
None,,nan,,CurationIssue.rdkit_failed
None,,nan,,CurationIssue.rdkit_failed
None,,nan,,CurationIssue.rdkit_failed
None,,nan,,CurationIssue.rdkit_failed
None,,nan,,CurationIssue.rdkit_failed
None,,nan,,CurationIssue.rdkit_failed
None,,nan,,CurationIssue.rdkit_failed
None,,nan,,CurationIssue.rdkit_failed
None,,nan,,CurationIssue.rdkit_failed
None,,nan,,CurationIssue.rdkit_failed
None,,nan,,CurationIssue.rdkit_failed
None,,nan,,CurationIssue.rdkit_failed
None,,nan,,CurationIssue.rdkit_failed
None,,nan,,CurationIssue.rdkit_failed
None,,nan,,CurationIssue.rdkit_failed
None,,nan,,CurationIssue.rdkit_failed
None,,nan,,CurationIssue.rdkit_failed
None,,nan,,CurationIssue.rdkit_failed
C[C@@H](Cc1ccc(O)cc1)NC[C@@H](O)c1cc(O)cc(O)c1,CHEMBL389390,0.0,CurationNote.canonical,CurationIssue.duplicate
None,,nan,,CurationIssue.rdkit_failed
None,,nan,,CurationIssue.rdkit_failed
None,,nan,,CurationIssue.rdkit_failed
None,,nan,,CurationIssue.rdkit_failed
None,,nan,,CurationIssue.rdkit_failed
None,,nan,,CurationIssue.rdkit_failed
None,,nan,,CurationIssue.rdkit_failed
None,,nan,,CurationIssue.rdkit_failed
None,,nan,,CurationIssue.rdkit_failed
None,,nan,,CurationIssue.rdkit_failed
None,D-GLUTAMATE,nan,,CurationIssue.rdkit_failed
None,,nan,,CurationIssue.rdkit_failed
Cc1sc(NC(=O)C2CCCCC2)c(C#N)c1-c1ccccc1,CHEMBL1350043,1.0,CurationNote.canonical,
None,,nan,,CurationIssue.rdkit_failed
None,,nan,,CurationIssue.rdkit_failed
CC(=O)[O-].Cc1c2cc[n+](CCN3CCCCC3)cc2c(C)c2c1[nH]c1ccc(O)cc12,CHEMBL1720282,1.0,CurationNote.canonical,CurationIssue.mixture
Oc1c2ccccc2c2c3c(cccc13)N=N2,CHEMBL1725279,1.0,CurationNote.canonical,
c1ccc2sc(SCSc3nc4ccccc4s3)nc2c1,CHEMBL1374335,1.0,CurationNote.canonical,CurationIssue.inorganic
COc1ccc(CNC(=O)Cc2csc(Nc3nc(S)nc4ccccc34)n2)cc1,CHEMBL1390028,1.0,CurationNote.canonical,
CCOc1ccc2c(c1)C(C)=CC(C)(C)N2,CHEMBL172064,1.0,CurationNote.canonical,
CC(C)N=C(NC#N)SCc1ccc(Br)cc1,CHEMBL1462730,0.0,CurationNote.canonical,
c1ccc2c(c1)ncn2-c1ncnc2sc3c(c12)CCCC3,CHEMBL1598281,1.0,CurationNote.canonical,
O=C(c1cccc(F)c1)N1CCC2(CC1)CN(c1ccccc1)C2,CHEMBL1515410,0.0,CurationNote.canonical,
COc1ccc(-c2nnn(CC(=O)NCCc3c[nH]c4ccccc34)n2)cc1OC,CHEMBL1735424,1.0,CurationNote.canonical,
COCC(=O)O[C@]1(CCN(C)CCCc2nc3ccccc3[nH]2)CCc2cc(F)ccc2[C@@H]1C(C)C,CHEMBL45816,1.0,CurationNote.canonical,
COc1ccc(-c2[nH]nc(C)c2-c2ccc(Cl)cc2)c(O)c1,CHEMBL1542604,0.0,CurationNote.canonical,
CCN(CC)CCNc1ccc(CO)c2sc3ccccc3c(=O)c12,CHEMBL22077,1.0,CurationNote.canonical,
Cc1ccccc1-c1cc(NCc2ccccc2)ncn1,CHEMBL1600210,0.0,CurationNote.canonical,
COCCc1ccc(OC[C@H](O)CNC(C)C)cc1.COCCc1ccc(OC[C@H](O)CNC(C)C)cc1.O=C(O)C(O)C(O)C(=O)O,CHEMBL2062339,0.0,CurationNote.canonical,CurationIssue.mixture
CCOC(=O)CSc1cc(C[S+]([O-])c2ccc(Cl)cc2)nc(-c2ccccc2)n1,CHEMBL1389326,0.0,CurationNote.canonical,CurationIssue.inorganic
CCCC/C=C/C(NC(=O)CCc1ccccc1)c1ccccc1,CHEMBL1451119,1.0,CurationNote.canonical,
COc1cc(CNCCN2CCOCC2)ccc1OCc1ccc(Cl)cc1Cl.Cl,CHEMBL1308821,0.0,CurationNote.canonical,CurationIssue.mixture
O=C(c1cccc(F)c1)N1CCC2(CCCN(c3ncccn3)C2)CC1,CHEMBL1512802,0.0,CurationNote.canonical,
O=C(CSc1nccn1-c1ncc(C(F)(F)F)cc1Cl)c1ccc(Cl)cc1,CHEMBL1539107,1.0,CurationNote.canonical,CurationIssue.inorganic
CN1CCN(c2ncncc2-c2ccc(C(=O)N(C)C)cc2)CC1,CHEMBL1448542,1.0,CurationNote.canonical,
CCNc1ncc2nc(-c3ccccc3)c(=O)n(C[C@H]3CCCO3)c2n1,CHEMBL1523314,1.0,CurationNote.canonical,
Nc1c(Br)cc(Br)cc1CNC1CCC(O)CC1,CHEMBL1477775,1.0,CurationNote.canonical,
None,,nan,,CurationIssue.rdkit_failed
CCCCN(C)Cc1c(C)nc2ccc(Cl)cc2c1O,CHEMBL1349471,1.0,CurationNote.canonical,
O=C(CSc1nnc2c3ccccc3c3ccccc3c2n1)Nc1ccccc1F,CHEMBL1562974,1.0,CurationNote.canonical,CurationIssue.inorganic
O=C(C=C1SCCS1)/C=C/c1ccco1,CHEMBL1345724,0.0,CurationNote.canonical,
CN(Cc1ccco1)c1nc(-c2ccccc2C(F)(F)F)nc2ccccc12,CHEMBL1318041,1.0,CurationNote.canonical,
CS(=O)(=O)Nc1cccc(-c2nc(Nc3ccncc3)c3ccccc3n2)c1,CHEMBL1472955,0.0,CurationNote.canonical,
None,,nan,,CurationIssue.rdkit_failed
CN1CCN(c2ncncc2-c2cccnc2)CC1,CHEMBL1355242,1.0,CurationNote.canonical,
c1csc(CNc2nc(-c3ccc4c(c3)OCO4)nc3ccccc23)c1,CHEMBL1314388,1.0,CurationNote.canonical,
None,,nan,,CurationIssue.rdkit_failed
None,,nan,,CurationIssue.rdkit_failed
CC1(C)SC(=S)N(Cc2ccc3c(c2)OCO3)C1N(O)C(=O)NC1CCCCC1,CHEMBL1517652,1.0,CurationNote.canonical,
None,,nan,,CurationIssue.rdkit_failed
C/C(=N\N=C(c1ccccc1)c1ccccc1)c1cccs1,CHEMBL3193784,0.0,CurationNote.canonical,
None,ZAPA,nan,,CurationIssue.rdkit_failed
None,,nan,,CurationIssue.rdkit_failed
None,,nan,,CurationIssue.rdkit_failed
S=C(NCc1ccco1)N1CCN(Cc2ccco2)CC1,CHEMBL1611895,1.0,CurationNote.canonical,
O[C@@](CCN1CCCC1)(c1ccccc1)C1CCCCC1,CHEMBL400598,1.0,CurationNote.canonical,
Oc1ccc2c3c1O[C@H]1c4[nH]c5ccccc5c4C[C@]4(O)[C@H](C2)N(CC2CC2)CC[C@@]314,CHEMBL1371444,1.0,CurationNote.canonical,CurationIssue.duplicate
None,,nan,,CurationIssue.rdkit_failed
None,,nan,,CurationIssue.rdkit_failed
CC(=O)OC[C@@H]1O[C@@H](O/N=C2/C[C@@H](O)[C@@H](O)[C@@H]3[C@@H]4C(=O)N(Cc5ccccc5)C(=O)[C@H]4CC[C@@H]23)[C@H](OC(C)=O)[C@H](OC(C)=O)[C@@H]1OC(C)=O,CHEMBL1442945,1.0,CurationNote.canonical,
Cl.Fc1ccc(CCNCc2cccc(Cl)c2)cc1,CHEMBL1339544,1.0,CurationNote.canonical,CurationIssue.mixture
None,,nan,,CurationIssue.rdkit_failed
None,,nan,,CurationIssue.rdkit_failed
None,,nan,,CurationIssue.rdkit_failed
Cc1noc(C)c1-c1ccc2ncnc(NCc3cccs3)c2c1,CHEMBL568379,0.0,CurationNote.canonical,
None,,nan,,CurationIssue.rdkit_failed
None,,nan,,CurationIssue.rdkit_failed
CC(=O)N1CCC[C@@]2(CCN(Cc3ccc(C#N)cc3)C2)C1,CHEMBL1366737,0.0,CurationNote.canonical,
COCCn1c(=O)c(-c2ccc(F)cc2)nc2cnc(N(C)C)nc21,CHEMBL1329108,1.0,CurationNote.canonical,
CS(=O)(=O)O.O[C@@H](c1cc(C(F)(F)F)nc2c(Cl)cc(Cl)cc12)[C@@H]1CCCCN1,CHEMBL1332945,1.0,CurationNote.canonical,CurationIssue.mixture
COc1ccccc1-c1ccc2ncnc(N3CCN(C)CC3)c2c1,CHEMBL1476712,0.0,CurationNote.canonical,
Cc1nc2ccccc2n1CC(=O)N/N=C\C=C\c1ccccc1,CHEMBL1980198,0.0,CurationNote.canonical,
COc1ccc(NC(C)=O)cc1NC(=O)CN1CCN(C2c3ccccc3-c3ccccc32)CC1,CHEMBL1366573,0.0,CurationNote.canonical,
Cc1ccccc1CSc1nccn1-c1ccccc1,CHEMBL1375286,0.0,CurationNote.canonical,CurationIssue.inorganic
COc1ccc2[nH]cc(CCNc3ncncc3-c3cccnc3)c2c1,CHEMBL1372037,0.0,CurationNote.canonical,
None,,nan,,CurationIssue.rdkit_failed
None,,nan,,CurationIssue.rdkit_failed
None,MEBENDAZOLE,nan,,CurationIssue.rdkit_failed
CN(C)Cc1ccccc1-c1cc(-n2ccnc2)ncn1,CHEMBL1319120,1.0,CurationNote.canonical,
None,,nan,,CurationIssue.rdkit_failed
None,,nan,,CurationIssue.rdkit_failed
None,,nan,,CurationIssue.rdkit_failed
Cl.Nc1c2c(nc3ccccc13)CCCC2.O,CHEMBL1337960,1.0,CurationNote.canonical,CurationIssue.mixture
CN(Cc1ccco1)c1ncnc2ccc(-c3ccccc3Cl)cc12,CHEMBL1330317,1.0,CurationNote.canonical,
None,,nan,,CurationIssue.rdkit_failed
CN(C)Cc1ccccc1-c1cncnc1Nc1ccc(F)cc1,CHEMBL1474317,1.0,CurationNote.canonical,
CC(C)NC[C@@H](O)COc1cccc2ccccc12,CHEMBL275742,0.0,CurationNote.canonical,CurationIssue.duplicate
N#Cc1cccc(-c2ccc3ncnc(NCc4cccs4)c3c2)c1,CHEMBL1354563,0.0,CurationNote.canonical,
Cc1ccc(-c2c3c(nc4sc(C(N)=O)c(N)c24)CCC3)cc1,CHEMBL1479862,0.0,CurationNote.canonical,
None,,nan,,CurationIssue.rdkit_failed
O=C(NN=c1c(=O)c2ccccc2c1=O)c1ccccc1,CHEMBL1494979,0.0,CurationNote.canonical,
None,,nan,,CurationIssue.rdkit_failed
None,,nan,,CurationIssue.rdkit_failed
None,TYRPHOSTIN 25,nan,,CurationIssue.rdkit_failed
COCC(=O)N1CCC2(CC1)CCN(c1ccncc1)CC2,CHEMBL1398467,0.0,CurationNote.canonical,
Clc1ccc(Cn2c(-c3cccnc3Cl)nc3ccccc32)c(Cl)c1,CHEMBL1453620,1.0,CurationNote.canonical,
CS(=O)(=O)N1CCC2(CCN(C(c3ccccc3)c3ccccc3)CC2)CC1,CHEMBL1435934,1.0,CurationNote.canonical,
CC(=O)OC[C@@H]1O[C@H](C/C=N\O[C@@H](C)CN2CCCc3nc(C)c(C)cc32)C=C[C@@H]1OC(C)=O,CHEMBL1558245,1.0,CurationNote.canonical,
CC1(C)Cc2ccccc2C(NNC(=O)c2ccncc2)=N1,CHEMBL1741625,1.0,CurationNote.canonical,
Cc1ccccc1-n1ncc2c([N+](=O)[O-])cc([N+](=O)[O-])cc21,CHEMBL1575531,0.0,CurationNote.canonical,
COC(=O)[C@H]1[C@@H](O)CC[C@H]2CN3CCc4c([nH]c5ccccc45)[C@@H]3C[C@H]21,CHEMBL1327758,1.0,CurationNote.canonical,CurationIssue.duplicate
Cc1cccc(C)c1OC[C@H](C)N,CHEMBL146855,1.0,CurationNote.canonical,CurationIssue.duplicate
None,,nan,,CurationIssue.rdkit_failed
None,,nan,,CurationIssue.rdkit_failed
None,,nan,,CurationIssue.rdkit_failed
None,,nan,,CurationIssue.rdkit_failed
None,,nan,,CurationIssue.rdkit_failed
None,,nan,,CurationIssue.rdkit_failed
None,,nan,,CurationIssue.rdkit_failed
None,,nan,,CurationIssue.rdkit_failed
None,TRIMETAZIDINE,nan,,CurationIssue.rdkit_failed
None,,nan,,CurationIssue.rdkit_failed
None,,nan,,CurationIssue.rdkit_failed
None,,nan,,CurationIssue.rdkit_failed
None,,nan,,CurationIssue.rdkit_failed
None,,nan,,CurationIssue.rdkit_failed
None,,nan,,CurationIssue.rdkit_failed
None,,nan,,CurationIssue.rdkit_failed
None,,nan,,CurationIssue.rdkit_failed
None,GABAPENTIN,nan,,CurationIssue.rdkit_failed
None,,nan,,CurationIssue.rdkit_failed
None,,nan,,CurationIssue.rdkit_failed
None,,nan,,CurationIssue.rdkit_failed
None,,nan,,CurationIssue.rdkit_failed
Cc1cccc(-c2nc(CN3CCCC(C(=O)NC4CCCCC4)C3)c(C)o2)c1,CHEMBL1582666,1.0,CurationNote.canonical,
None,,nan,,CurationIssue.rdkit_failed
None,,nan,,CurationIssue.rdkit_failed
None,,nan,,CurationIssue.rdkit_failed
None,,nan,,CurationIssue.rdkit_failed
None,N-METHYL-D-ASPARTIC ACID (NMDA),nan,,CurationIssue.rdkit_failed
None,,nan,,CurationIssue.rdkit_failed
None,,nan,,CurationIssue.rdkit_failed
C=CCN1CC[C@]23c4c5ccc(O)c4O[C@@H]2/C(=N/NC(=O)c2ccccc2)CC[C@@]3(O)[C@H]1C5,CHEMBL1435566,0.0,CurationNote.canonical,
CCC(C)C(NC(=O)OCc1ccccc1)C(=O)OCN1C(=O)c2ccccc2C1=O,CHEMBL1338714,1.0,CurationNote.canonical,
None,,nan,,CurationIssue.rdkit_failed
None,,nan,,CurationIssue.rdkit_failed
None,,nan,,CurationIssue.rdkit_failed
None,,nan,,CurationIssue.rdkit_failed
None,,nan,,CurationIssue.rdkit_failed
CCC(=O)Nc1ccccc1C(=O)OCC(=O)c1cccc2ccccc12,CHEMBL1561570,1.0,CurationNote.canonical,
None,,nan,,CurationIssue.rdkit_failed
None,EDROPHONIUM,nan,,CurationIssue.rdkit_failed
None,,nan,,CurationIssue.rdkit_failed
None,,nan,,CurationIssue.rdkit_failed
None,,nan,,CurationIssue.rdkit_failed
None,,nan,,CurationIssue.rdkit_failed
None,,nan,,CurationIssue.rdkit_failed
None,,nan,,CurationIssue.rdkit_failed
None,,nan,,CurationIssue.rdkit_failed
None,,nan,,CurationIssue.rdkit_failed
None,,nan,,CurationIssue.rdkit_failed
None,,nan,,CurationIssue.rdkit_failed
None,,nan,,CurationIssue.rdkit_failed
None,,nan,,CurationIssue.rdkit_failed
None,,nan,,CurationIssue.rdkit_failed
O=C(c1csnn1)N1CCC2(CCN(Cc3cc(C(F)(F)F)cc(C(F)(F)F)c3)CC2)CC1,CHEMBL1445572,1.0,CurationNote.canonical,
COc1cc2c3c(c1OC)C1(C=CC(=O)C=C1)CC3N(C(=O)c1ccccc1)CC2,CHEMBL1416402,0.0,CurationNote.canonical,
COc1ccc2[nH]cc(CCNc3nc(-c4c(C)noc4C)nc4ccccc34)c2c1,CHEMBL1519435,1.0,CurationNote.canonical,
CC(=O)c1ccc2c(c1)N(CCCN(C)C)c1ccccc1S2,CHEMBL39560,1.0,CurationNote.canonical,
None,,nan,,CurationIssue.rdkit_failed
CCCC(=O)NCCc1c2n(c3ccc(OC)cc13)Cc1ccccc1-2,CHEMBL10009,0.0,CurationNote.canonical,
None,,nan,,CurationIssue.rdkit_failed
None,,nan,,CurationIssue.rdkit_failed
None,,nan,,CurationIssue.rdkit_failed
C/C(=N\OCc1cccc(Cl)c1Cl)c1ccc(CC#N)s1,CHEMBL3190590,0.0,CurationNote.canonical,
CCCCn1c(SCC(=O)NC(C)(C)C)nnc1-c1ccco1,CHEMBL1483302,0.0,CurationNote.canonical,
COC(=O)c1ccccc1NC(=O)c1ccc(F)cc1,CHEMBL250428,1.0,CurationNote.canonical,
O=C1CN=C(c2cccs2)c2c(sc3c2CCCC3)N1,CHEMBL1510347,1.0,CurationNote.canonical,
CC(=O)n1cc(/C=N/NC(=O)c2sc(C)nc2C)c2ccccc21,CHEMBL1975888,0.0,CurationNote.canonical,
Cc1ccc(C(=O)N/C(=C\c2ccc(Br)cc2)c2n[nH]c(S)n2)cc1,CHEMBL1406703,0.0,CurationNote.canonical,
N#Cc1cccc(-c2nccc(NCc3ccccc3)n2)c1,CHEMBL1318509,1.0,CurationNote.canonical,
CCOC(=O)CCN1C(=O)[C@H]2CC[C@H]3/C(=N\O[C@@H]4O[C@@H](COC(C)=O)[C@@H](OC(C)=O)[C@@H](OC(C)=O)[C@H]4OC(C)=O)C[C@@H](O)[C@@H](O)[C@@H]3[C@@H]2C1=O,CHEMBL1553662,1.0,CurationNote.canonical,
c1ccc(SC(Sc2ccccc2)c2ccc3c(c2)OCO3)cc1,CHEMBL1602926,1.0,CurationNote.canonical,CurationIssue.inorganic
None,,nan,,CurationIssue.rdkit_failed
None,,nan,,CurationIssue.rdkit_failed
None,,nan,,CurationIssue.rdkit_failed
None,,nan,,CurationIssue.rdkit_failed
None,,nan,,CurationIssue.rdkit_failed
CC1CCN(CC(=O)Nc2cccc([N+](=O)[O-])c2)CC1,CHEMBL1334145,1.0,CurationNote.canonical,
OC(Cn1c2ccccc2c2ccccc21)C[n+]1ccccc1.[O-][Cl+3]([O-])([O-])[O-],CHEMBL1330926,1.0,CurationNote.canonical,CurationIssue.mixture
CCCSc1nc(NCc2ccco2)c2c3c(sc2n1)COC(C)(C)C3,CHEMBL1501148,0.0,CurationNote.canonical,CurationIssue.inorganic
O=C1CCCC2=C1C(c1ccc(OS(=O)(=O)c3ccc(Cl)cc3)cc1)C1=C(CCCC1=O)O2,CHEMBL1303868,0.0,CurationNote.canonical,
CC(=O)NCCc1c[nH]c2ccc(O)cc12,CHEMBL33103,0.0,CurationNote.canonical,
NC(=O)[C@@H]1CCCN1Cc1ccc2c(c1)OCO2,CHEMBL1443703,1.0,CurationNote.canonical,
None,,nan,,CurationIssue.rdkit_failed
None,,nan,,CurationIssue.rdkit_failed
None,,nan,,CurationIssue.rdkit_failed
None,AMPYRONE,nan,,CurationIssue.rdkit_failed
None,,nan,,CurationIssue.rdkit_failed
None,,nan,,CurationIssue.rdkit_failed
None,,nan,,CurationIssue.rdkit_failed
None,,nan,,CurationIssue.rdkit_failed
Cc1ccccc1-c1cncnc1NCc1ccccc1,CHEMBL450493,0.0,CurationNote.canonical,
c1ccc(CNc2ncncc2-c2ccoc2)cc1,CHEMBL1409830,0.0,CurationNote.canonical,
C[C@@H]1CNCCN1S(=O)(=O)c1cccc2cnccc12,CHEMBL1318551,0.0,CurationNote.canonical,CurationIssue.disagreeing_duplicate
c1nc(NCCN2CCOCC2)c2cc(-c3ccoc3)ccc2n1,CHEMBL1334321,1.0,CurationNote.canonical,
C=CCn1c(SC(C)C(=O)NCc2ccc3c(c2)OCO3)nc2scc(-c3ccccc3)c2c1=O,CHEMBL1310938,1.0,CurationNote.canonical,
O=C(c1cccc(F)c1)N1CCC2(CC1)CN(c1ccccn1)C2,CHEMBL1552405,0.0,CurationNote.canonical,
O=C(c1cnccn1)N1CCC2(CCCN(c3ccccn3)C2)CC1,CHEMBL1441737,0.0,CurationNote.canonical,
COc1ccc(S(=O)(=O)N2CCC(N3CCCCC3)CC2)cc1,CHEMBL1365932,1.0,CurationNote.canonical,
O=C(/C=C/c1ccco1)Nc1ccc(Oc2ccccc2)cc1,CHEMBL1414754,1.0,CurationNote.canonical,
N/C(CSS(=O)(=O)O)=N\[C@@H]1C[C@H]2CC[C@@H]1C2,CHEMBL1433939,1.0,CurationNote.canonical,
CC(C)CN1CCC2(CC1)CCN(C(=O)c1ccco1)CC2,CHEMBL1407146,1.0,CurationNote.canonical,
COCCn1c(=O)c(-c2ccc(OC)cc2)nc2cnc(OC)nc21,CHEMBL1553804,0.0,CurationNote.canonical,
CCN(CC)C(=O)N[C@H]1C=C2c3cccc4[nH]cc(c34)C[C@@H]2N(C)C1,CHEMBL189438,1.0,CurationNote.canonical,
CN1CCC(=C2c3ccccc3C=Cc3ccccc32)CC1,CHEMBL516,1.0,CurationNote.canonical,CurationIssue.duplicate
O=C1NC(c2cccc([N+](=O)[O-])c2)=CCN1c1ccccc1O,CHEMBL258405,0.0,CurationNote.canonical,
CCOc1ccc(C2C(C(=O)O)c3ccccc3C(=O)N2CCN2CCOCC2)cc1,CHEMBL1424920,0.0,CurationNote.canonical,
O=C(NCC1COc2ccccc2O1)C1C2C=CC3(CN(Cc4cccs4)C(=O)C13)O2,CHEMBL1522654,0.0,CurationNote.canonical,
CCOc1cc(CNCCc2ccc(S(N)(=O)=O)cc2)cc(Cl)c1OCc1ccccc1.Cl,CHEMBL1465342,1.0,CurationNote.canonical,CurationIssue.mixture
c1ccc(-c2cccc(N3CCCC4(CCNCC4)C3)c2)cc1,CHEMBL1376736,1.0,CurationNote.canonical,
Cc1n[nH]c(N2CCCCCC2)c1[N+](=O)[O-],CHEMBL1318758,0.0,CurationNote.canonical,
COc1ccccc1CNc1ncncc1-c1ccc2c(c1)OCO2,CHEMBL1440157,1.0,CurationNote.canonical,
CNC(=O)c1sc(SC)cc1-c1ccc(Cl)cc1,CHEMBL1374373,0.0,CurationNote.canonical,
CN(C)c1ncc2nc(CCc3ccccc3)c(=O)n(Cc3cccs3)c2n1,CHEMBL1474302,0.0,CurationNote.canonical,
None,,nan,,CurationIssue.rdkit_failed
None,,nan,,CurationIssue.rdkit_failed
None,DILAZEP,nan,,CurationIssue.rdkit_failed
c1ccc(Nc2ncncc2-c2ccc3c(c2)OCO3)cc1,CHEMBL1436045,0.0,CurationNote.canonical,
None,,nan,,CurationIssue.rdkit_failed
None,,nan,,CurationIssue.rdkit_failed
None,,nan,,CurationIssue.rdkit_failed
None,,nan,,CurationIssue.rdkit_failed
C/C(=N\OC(=O)c1ccc(F)cc1)c1nccs1,CHEMBL1092376,0.0,CurationNote.canonical,
O=C(CSc1ccc(Cl)cc1)N1CCN(c2ccc(Cl)cc2[N+](=O)[O-])CC1,CHEMBL1416235,1.0,CurationNote.canonical,CurationIssue.inorganic
N#Cc1c(-c2ccccc2)no[n+]1[O-],CHEMBL336467,0.0,CurationNote.canonical,
None,,nan,,CurationIssue.rdkit_failed
O=c1c2ccccc2nc(-c2ccc(Br)cc2)n1Cc1ccccc1,CHEMBL1516629,0.0,CurationNote.canonical,
None,,nan,,CurationIssue.rdkit_failed
None,,nan,,CurationIssue.rdkit_failed
None,,nan,,CurationIssue.rdkit_failed
None,,nan,,CurationIssue.rdkit_failed
None,,nan,,CurationIssue.rdkit_failed
None,,nan,,CurationIssue.rdkit_failed
None,,nan,,CurationIssue.rdkit_failed
None,,nan,,CurationIssue.rdkit_failed
None,,nan,,CurationIssue.rdkit_failed
CC(=O)N1c2c(cc(Br)cc2S(=O)(=O)NCC2COc3ccccc3O2)CC1C,CHEMBL1304794,0.0,CurationNote.canonical,
None,,nan,,CurationIssue.rdkit_failed
None,,nan,,CurationIssue.rdkit_failed
None,,nan,,CurationIssue.rdkit_failed
None,,nan,,CurationIssue.rdkit_failed
CCCCn1c(N)c(C(=O)NCc2cccs2)c2nc3ccccc3nc21,CHEMBL1494100,0.0,CurationNote.canonical,
CN1CCN(c2nc(-c3ccccc3C(F)(F)F)nc3ccccc23)CC1,CHEMBL1444856,0.0,CurationNote.canonical,
None,THEOBROMINE,nan,,CurationIssue.rdkit_failed
None,,nan,,CurationIssue.rdkit_failed
None,,nan,,CurationIssue.rdkit_failed
None,,nan,,CurationIssue.rdkit_failed
None,,nan,,CurationIssue.rdkit_failed
None,METHYLDOPA,nan,,CurationIssue.rdkit_failed
None,,nan,,CurationIssue.rdkit_failed
None,,nan,,CurationIssue.rdkit_failed
None,,nan,,CurationIssue.rdkit_failed
None,,nan,,CurationIssue.rdkit_failed
None,,nan,,CurationIssue.rdkit_failed
None,,nan,,CurationIssue.rdkit_failed
None,,nan,,CurationIssue.rdkit_failed
None,,nan,,CurationIssue.rdkit_failed
None,,nan,,CurationIssue.rdkit_failed
None,,nan,,CurationIssue.rdkit_failed
None,,nan,,CurationIssue.rdkit_failed
C[C@@H](C(=O)OC1C[C@@H]2CC[C@H](C1)N2C)c1ccc(Br)cc1,CHEMBL1590223,1.0,CurationNote.canonical,
COc1ccc(CNc2nc(-c3cccc(NS(C)(=O)=O)c3)nc3ccccc23)c(OC)c1,CHEMBL1512701,0.0,CurationNote.canonical,
Cc1noc(C)c1C(=O)N1CCC2(CC1)CCN(C(c1ccccc1)c1ccccc1)CC2,CHEMBL1314505,0.0,CurationNote.canonical,
Cc1c(CCOC(=O)C2C3CC4CC(C3)CC2C4)sc[n+]1CC(=O)c1ccc(Br)cc1.[Br-],CHEMBL1531676,1.0,CurationNote.canonical,CurationIssue.mixture
Cc1ccc(-n2nnnc2C(=Cc2ccc(N(C)C)cc2)c2nnnn2-c2ccc(C)cc2)cc1,CHEMBL1525473,0.0,CurationNote.canonical,
CCCn1c(N)c(C(=O)CSc2nc(C)cs2)c(=O)n(C)c1=O,CHEMBL1424743,0.0,CurationNote.canonical,CurationIssue.inorganic
None,,nan,,CurationIssue.rdkit_failed
c1ccc(Cn2c(CN3CCCC3)nc3ccccc32)cc1,CHEMBL1537609,1.0,CurationNote.canonical,
O=C1C=CC(=O)c2c1ccc1c2ccc2ccccc21,CHEMBL421215,1.0,CurationNote.canonical,
CN(CC(=O)Nc1cccc2c1CCCC2)S(=O)(=O)c1ccc(Br)cc1,CHEMBL1503178,1.0,CurationNote.canonical,
Cc1ccc(O)c(C(=O)c2cc(C#N)c(=O)n(-c3c(C)n(C)n(-c4ccccc4)c3=O)c2)c1,CHEMBL1576264,1.0,CurationNote.canonical,
CN1CCC[C@H](OC(=O)C(c2ccccc2)c2ccccc2)C1,CHEMBL1318164,1.0,CurationNote.canonical,
C#CCN(C)CCCOc1ccc(Cl)cc1Cl,CHEMBL8706,1.0,CurationNote.canonical,CurationIssue.duplicate
COC(=O)[C@@]1(Cc2ccc(F)cc2)[C@H]2c3cc(C(=O)N(C)C)n(Cc4ccc(Cl)c(C(F)(F)F)c4)c3C[C@H]2CN1C(=O)c1ccccc1,CHEMBL1357982,1.0,CurationNote.canonical,
CCCN(CCC)C(=S)NC(=O)c1ccc(Cl)cc1Cl,CHEMBL1577056,1.0,CurationNote.canonical,
COc1ccccc1CN1CC2(CCN(C(=O)c3cccc(F)c3)CC2)C1,CHEMBL1438000,1.0,CurationNote.canonical,
O=C(c1ccncc1)N1CCC2(CC1)CN(c1cccc(-c3ccccc3)c1)C2,CHEMBL1399058,1.0,CurationNote.canonical,
Nc1nc(OCc2ccccc2)c2nc[nH]c2n1,CHEMBL407874,1.0,CurationNote.canonical,
CN1CCC(=C2c3ccccc3C=Cc3ccccc32)CC1,CHEMBL516,0.0,CurationNote.canonical,
None,,nan,,CurationIssue.rdkit_failed
None,,nan,,CurationIssue.rdkit_failed
None,,nan,,CurationIssue.rdkit_failed
None,,nan,,CurationIssue.rdkit_failed
None,,nan,,CurationIssue.rdkit_failed
None,,nan,,CurationIssue.rdkit_failed
None,,nan,,CurationIssue.rdkit_failed
None,,nan,,CurationIssue.rdkit_failed
None,,nan,,CurationIssue.rdkit_failed
O=C(Nc1cnc2ccccc2c1)c1cccc(-n2cnnn2)c1,CHEMBL582507,1.0,CurationNote.canonical,
COc1ccccc1CN1CCCC2(CCN(C(C)=O)CC2)C1,CHEMBL1396737,1.0,CurationNote.canonical,
CC(C)(C)CC(C)(C)c1ccc(O)c(C[N+](C)(C)[O-])c1,CHEMBL1613194,1.0,CurationNote.canonical,
None,(S)-VERAPAMIL,nan,,CurationIssue.rdkit_failed
CCNc1ncc2nc(-c3ccccc3)c(=O)n(-c3ccc(OC)cc3)c2n1,CHEMBL1394118,1.0,CurationNote.canonical,
None,SPERMIDINE,nan,,CurationIssue.rdkit_failed
None,,nan,,CurationIssue.rdkit_failed
COc1cccc2c(O)c(C(=O)NCc3cccs3)cnc12,CHEMBL1343750,0.0,CurationNote.canonical,
CCn1c(NCc2cc(Br)ccc2NS(=O)(=O)c2ccc(C)cc2)nc2ccccc21,CHEMBL1312586,1.0,CurationNote.canonical,
None,,nan,,CurationIssue.rdkit_failed
None,,nan,,CurationIssue.rdkit_failed
None,,nan,,CurationIssue.rdkit_failed
None,,nan,,CurationIssue.rdkit_failed
CCCCCCCCCCCCCCCC(=O)NC[C@@H](COP(=O)([O-])OCC[N+](C)(C)C)OCC,CHEMBL1435381,0.0,CurationNote.canonical,
COc1ccc(CCn2c(=N)c(C(=O)NCc3ccco3)cc3c(=O)n4ccccc4nc32)cc1,CHEMBL1543205,1.0,CurationNote.canonical,
c1cncc([C@@H]2CCCCN2)c1,CHEMBL1526229,1.0,CurationNote.canonical,
None,,nan,,CurationIssue.rdkit_failed
None,DECAMETHONIUM,nan,,CurationIssue.rdkit_failed
None,,nan,,CurationIssue.rdkit_failed
None,,nan,,CurationIssue.rdkit_failed
CC1(C)CC(O)CC(C)(C)N1CC(O)COCCOc1ccc(Br)cc1,CHEMBL1741721,0.0,CurationNote.canonical,
None,,nan,,CurationIssue.rdkit_failed
None,,nan,,CurationIssue.rdkit_failed
COC(=O)[C@@]1(Cc2ccc(OC)cc2)[C@H]2c3cc(C(=O)N(C)C)n(Cc4cc(F)c(F)c(F)c4)c3C[C@H]2CN1C(=O)c1ccccc1,CHEMBL1358197,0.0,CurationNote.canonical,
Cc1oc(/C=N/NC(=O)CN(c2ccccc2Br)S(C)(=O)=O)cc1Br,CHEMBL3192219,0.0,CurationNote.canonical,
Cc1ccc(C)c(-c2cc(C(=O)NCc3cccs3)c3ccccc3n2)c1,CHEMBL1462816,0.0,CurationNote.canonical,
FC(F)(F)c1cc(-c2ccco2)nc(NCCc2ccccc2)n1,CHEMBL1453519,1.0,CurationNote.canonical,
CCN1CCN(c2nn3c(=O)c4ccccc4nc3c3ccccc23)CC1,CHEMBL1454841,0.0,CurationNote.canonical,
Cc1cc(C)c(S(=O)(=O)Nc2ccccc2C(F)(F)F)c(C)c1,CHEMBL1443163,1.0,CurationNote.canonical,
None,,nan,,CurationIssue.rdkit_failed
CCN(CC)C[C@@H](O)c1ccc2ccc3ccccc3c2c1,CHEMBL1491036,1.0,CurationNote.canonical,
CC(C)c1cc(Nc2cccc(O)c2)cc(C(C)C)c1O,CHEMBL1531620,0.0,CurationNote.canonical,
None,,nan,,CurationIssue.rdkit_failed
None,,nan,,CurationIssue.rdkit_failed
None,,nan,,CurationIssue.rdkit_failed
None,,nan,,CurationIssue.rdkit_failed
None,,nan,,CurationIssue.rdkit_failed
None,,nan,,CurationIssue.rdkit_failed
None,,nan,,CurationIssue.rdkit_failed
None,TENOXICAM,nan,,CurationIssue.rdkit_failed
None,,nan,,CurationIssue.rdkit_failed
COc1ccc2c(CC(=O)NCC3CCC(C(=O)O)CC3)cc(=O)oc2c1,CHEMBL1409292,1.0,CurationNote.canonical,
CN(C)C(=O)c1ccc(-n2nc(C(F)(F)F)c3c2CCCC3)cc1,CHEMBL1594422,1.0,CurationNote.canonical,
O=C1CCCN1CC#CCN1CCCC1,CHEMBL7634,1.0,CurationNote.canonical,
NNC(=O)c1ccncc1,CHEMBL64,0.0,CurationNote.canonical,
CC(=O)OC[C@@H]1O[C@@H](O/N=C2/C[C@@H](O)[C@@H](O)[C@H]3[C@@H]2CC[C@@H]2C(=O)N(C[C@@H]4CCCO4)C(=O)[C@H]23)[C@H](OC(C)=O)[C@H](OC(C)=O)[C@@H]1OC(C)=O,CHEMBL1473030,1.0,CurationNote.canonical,
CN(C(=O)Cc1ccc(Cl)c(Cl)c1)[C@@H]1CCCC[C@H]1N1CCCC1.O=C(O)C(O)C(O)C(=O)O,CHEMBL2062342,1.0,CurationNote.canonical,CurationIssue.mixture
COc1ccc(C(=O)Nc2ccc(S(=O)(=O)N3CCOCC3)cc2)cc1OC,CHEMBL1741648,1.0,CurationNote.canonical,
CCCSC1=C(C#N)C(c2cccnc2)C(C(=O)OCC)=C(c2ccccc2)N1,CHEMBL1361427,0.0,CurationNote.canonical,
CC1CC2(CCCCC2)N2C(=O)C(=O)c3cccc1c32,CHEMBL1403270,1.0,CurationNote.canonical,
CCCCNc1nc(SC)nc2[nH]cnc12,CHEMBL1493039,1.0,CurationNote.canonical,
Cc1ccccc1-c1nccc(-n2ccnc2)n1,CHEMBL1415521,1.0,CurationNote.canonical,
c1ccc([C@H]2CNCc3ccccc32)cc1,CHEMBL1316537,1.0,CurationNote.canonical,
C=CCCC(=O)Nc1nc(C)c(-c2csc(Nc3ccc(Cl)cc3)n2)s1,CHEMBL1498873,0.0,CurationNote.canonical,
c1cnc(N2CCCC3(CCNCC3)C2)nc1,CHEMBL1360740,1.0,CurationNote.canonical,
None,,nan,,CurationIssue.rdkit_failed
None,,nan,,CurationIssue.rdkit_failed
None,,nan,,CurationIssue.rdkit_failed
None,,nan,,CurationIssue.rdkit_failed
Cc1c2cccc(Sc3ccccc3)c2c2c3c(cccc13)[S+](c1ccccc1)C2,CHEMBL1354190,1.0,CurationNote.canonical,CurationIssue.inorganic
CC(C)OC(=O)c1cc2c(OC[C@@H](O)CNC(C)(C)C)cccc2[nH]1,CHEMBL1433455,0.0,CurationNote.canonical,
COC(=O)c1c(C)oc2ccc(N(C(=O)c3ccncc3)S(=O)(=O)c3ccccc3)cc12,CHEMBL1319426,1.0,CurationNote.canonical,
COc1ccc(-c2ccc(C(=S)N3CCN(C(C)=O)CC3)o2)cc1,CHEMBL1350860,0.0,CurationNote.canonical,
COc1ccc(CC(=O)Nc2cccc(-c3nnc(-c4ccco4)o3)c2)cc1,CHEMBL1312936,0.0,CurationNote.canonical,
CC(C)(C)c1ccc(O)c(C[N+](C)(C)C)c1,CHEMBL1318786,1.0,CurationNote.canonical,
CCOC(=O)c1c(N=C(S)Nc2ccccc2)sc2c1CCN(CCc1ccccc1)C2,CHEMBL1488727,1.0,CurationNote.canonical,
C[C@@H](C(=O)NCCc1c[nH]c2ccccc12)[C@@H]1C[C@@]1(C)[C@@H](NC(=O)OCc1ccccc1)c1ccccc1,CHEMBL1328910,1.0,CurationNote.canonical,
COc1ccccc1-c1cc(NCc2cnc(C)cn2)ncn1,CHEMBL1513077,0.0,CurationNote.canonical,
O=C(Cn1c(-c2cscn2)nc2ccccc21)Nc1cc(F)ccc1F,CHEMBL1344451,0.0,CurationNote.canonical,
CCc1cccc2nc3c(c([Si](C)(C)C)c12)Cn1c-3cccc1=O,CHEMBL1490268,0.0,CurationNote.canonical,CurationIssue.inorganic
COC(=O)[C@@]1(Cc2ccccc2)[C@H]2c3cc(C(=O)N4CCCC4)n(Cc4c(CO)ncc(C)c4O)c3C[C@H]2CN1C(=O)c1ccccc1,CHEMBL1330385,0.0,CurationNote.canonical,
O=C(c1ccncc1)N1CCC[C@@]2(CCN(C(c3ccccc3)c3ccccc3)C2)C1,CHEMBL1457332,1.0,CurationNote.canonical,
O=C(Cc1ccccc1[N+](=O)[O-])NCc1ccccc1Cl,CHEMBL1428990,0.0,CurationNote.canonical,
O=c1oc2ccccc2cc1-c1csc(NN=C2CCCCC2)n1,CHEMBL1331120,1.0,CurationNote.canonical,
None,,nan,,CurationIssue.rdkit_failed
None,,nan,,CurationIssue.rdkit_failed
None,,nan,,CurationIssue.rdkit_failed
None,,nan,,CurationIssue.rdkit_failed
None,,nan,,CurationIssue.rdkit_failed
None,,nan,,CurationIssue.rdkit_failed
None,,nan,,CurationIssue.rdkit_failed
None,,nan,,CurationIssue.rdkit_failed
None,,nan,,CurationIssue.rdkit_failed
None,,nan,,CurationIssue.rdkit_failed
None,,nan,,CurationIssue.rdkit_failed
None,,nan,,CurationIssue.rdkit_failed
C=CCn1c(CSCc2ccccc2)nnc1SCC(=O)NCc1ccccc1,CHEMBL1425311,0.0,CurationNote.canonical,
None,,nan,,CurationIssue.rdkit_failed
N=C(c1ccc2ccccc2c1)c1ccccc1Cc1ccccc1,CHEMBL1609178,1.0,CurationNote.canonical,
Cc1nc(SCC(=O)c2ccc(F)cc2)c([N+](=O)[O-])[nH]1,CHEMBL1319381,1.0,CurationNote.canonical,
Cc1cc(C)cc(NC(S)=NC2CC3CCC(C2)N3Cc2ccco2)c1,CHEMBL1463479,0.0,CurationNote.canonical,
None,,nan,,CurationIssue.rdkit_failed
O=C(c1cnccn1)N1CCC2(CCCN(Cc3ccncc3)C2)CC1,CHEMBL1437491,0.0,CurationNote.canonical,
None,,nan,,CurationIssue.rdkit_failed
None,,nan,,CurationIssue.rdkit_failed
None,,nan,,CurationIssue.rdkit_failed
None,,nan,,CurationIssue.rdkit_failed
None,,nan,,CurationIssue.rdkit_failed
None,,nan,,CurationIssue.rdkit_failed
None,,nan,,CurationIssue.rdkit_failed
None,,nan,,CurationIssue.rdkit_failed
None,,nan,,CurationIssue.rdkit_failed
None,,nan,,CurationIssue.rdkit_failed
None,,nan,,CurationIssue.rdkit_failed
None,,nan,,CurationIssue.rdkit_failed
COC(=O)c1ccc(NC(=S)N2CCN(Cc3cccc(C)c3)CC2)cc1,CHEMBL1478520,0.0,CurationNote.canonical,
CC(C)NC(=O)N1CC2(CCN(C(=O)c3ccco3)CC2)C1,CHEMBL1474461,0.0,CurationNote.canonical,
NCCCCCCNS(=O)(=O)c1cccc2c(Cl)cccc12,CHEMBL41631,0.0,CurationNote.canonical,CurationIssue.disagreeing_duplicate
Cc1ccc(NC(CNS(=O)(=O)c2ccc(Cl)cc2)c2ccccc2)cc1,CHEMBL1320019,1.0,CurationNote.canonical,
CCC1CCCCN1Cc1cc(OC)c(O)c([N+](=O)[O-])c1,CHEMBL1385067,0.0,CurationNote.canonical,
CN(CCc1ccccn1)c1ccc2c(c1)Cc1ccccc1-2,CHEMBL1288013,1.0,CurationNote.canonical,
None,,nan,,CurationIssue.rdkit_failed
None,,nan,,CurationIssue.rdkit_failed
None,,nan,,CurationIssue.rdkit_failed
None,,nan,,CurationIssue.rdkit_failed
None,,nan,,CurationIssue.rdkit_failed
None,,nan,,CurationIssue.rdkit_failed
None,,nan,,CurationIssue.rdkit_failed
None,,nan,,CurationIssue.rdkit_failed
None,,nan,,CurationIssue.rdkit_failed
None,,nan,,CurationIssue.rdkit_failed
None,,nan,,CurationIssue.rdkit_failed
None,,nan,,CurationIssue.rdkit_failed
None,,nan,,CurationIssue.rdkit_failed
None,,nan,,CurationIssue.rdkit_failed
None,,nan,,CurationIssue.rdkit_failed
None,,nan,,CurationIssue.rdkit_failed
None,,nan,,CurationIssue.rdkit_failed
None,,nan,,CurationIssue.rdkit_failed
None,,nan,,CurationIssue.rdkit_failed
None,,nan,,CurationIssue.rdkit_failed
None,,nan,,CurationIssue.rdkit_failed
None,,nan,,CurationIssue.rdkit_failed
None,,nan,,CurationIssue.rdkit_failed
None,,nan,,CurationIssue.rdkit_failed
None,,nan,,CurationIssue.rdkit_failed
None,,nan,,CurationIssue.rdkit_failed
None,,nan,,CurationIssue.rdkit_failed
None,,nan,,CurationIssue.rdkit_failed
None,,nan,,CurationIssue.rdkit_failed
None,,nan,,CurationIssue.rdkit_failed
None,,nan,,CurationIssue.rdkit_failed
None,,nan,,CurationIssue.rdkit_failed
None,,nan,,CurationIssue.rdkit_failed
None,,nan,,CurationIssue.rdkit_failed
None,,nan,,CurationIssue.rdkit_failed
None,,nan,,CurationIssue.rdkit_failed
None,,nan,,CurationIssue.rdkit_failed
None,,nan,,CurationIssue.rdkit_failed
None,,nan,,CurationIssue.rdkit_failed
None,,nan,,CurationIssue.rdkit_failed
None,,nan,,CurationIssue.rdkit_failed
None,,nan,,CurationIssue.rdkit_failed
None,,nan,,CurationIssue.rdkit_failed
None,,nan,,CurationIssue.rdkit_failed
None,,nan,,CurationIssue.rdkit_failed
None,,nan,,CurationIssue.rdkit_failed
None,,nan,,CurationIssue.rdkit_failed
CCCCCCCCN[C@@H](C)[C@H](O)c1ccc(SC(C)C)cc1,CHEMBL1520837,1.0,CurationNote.canonical,
COc1cc(O)oc1/C=N/c1ccc(C(F)(F)F)cc1,CHEMBL3190254,0.0,CurationNote.canonical,
CNc1ncncc1-c1ccccc1C(F)(F)F,CHEMBL1572834,0.0,CurationNote.canonical,
CCCC(=O)Nc1ccc(C(=O)/C=C/c2ccc(SC)cc2)cc1,CHEMBL1580790,1.0,CurationNote.canonical,
None,,nan,,CurationIssue.rdkit_failed
None,,nan,,CurationIssue.rdkit_failed
None,,nan,,CurationIssue.rdkit_failed
None,,nan,,CurationIssue.rdkit_failed
None,,nan,,CurationIssue.rdkit_failed
CCOC(=O)CC(=O)CSc1n[nH]c2c3ccccc3nc-2n1,CHEMBL1312952,1.0,CurationNote.canonical,CurationIssue.inorganic
None,,nan,,CurationIssue.rdkit_failed
None,,nan,,CurationIssue.rdkit_failed
None,,nan,,CurationIssue.rdkit_failed
None,,nan,,CurationIssue.rdkit_failed
None,,nan,,CurationIssue.rdkit_failed
None,,nan,,CurationIssue.rdkit_failed
None,,nan,,CurationIssue.rdkit_failed
None,,nan,,CurationIssue.rdkit_failed
None,,nan,,CurationIssue.rdkit_failed
None,VALPROATE SODIUM,nan,,CurationIssue.rdkit_failed
CC(=O)OC[C@@H]1O[C@@H](O/N=C2/C[C@@H](O)[C@@H](O)[C@H]3[C@H]2CC[C@H]2C(=O)N(c4ccc(F)cc4F)C(=O)[C@H]32)[C@H](OC(C)=O)[C@H](OC(C)=O)[C@@H]1OC(C)=O,CHEMBL1396123,1.0,CurationNote.canonical,
None,,nan,,CurationIssue.rdkit_failed
None,,nan,,CurationIssue.rdkit_failed
None,,nan,,CurationIssue.rdkit_failed
None,,nan,,CurationIssue.rdkit_failed
None,,nan,,CurationIssue.rdkit_failed
None,,nan,,CurationIssue.rdkit_failed
None,,nan,,CurationIssue.rdkit_failed
None,,nan,,CurationIssue.rdkit_failed
None,,nan,,CurationIssue.rdkit_failed
None,,nan,,CurationIssue.rdkit_failed
None,,nan,,CurationIssue.rdkit_failed
None,,nan,,CurationIssue.rdkit_failed
None,,nan,,CurationIssue.rdkit_failed
None,,nan,,CurationIssue.rdkit_failed
None,,nan,,CurationIssue.rdkit_failed
None,,nan,,CurationIssue.rdkit_failed
None,,nan,,CurationIssue.rdkit_failed
None,,nan,,CurationIssue.rdkit_failed
None,,nan,,CurationIssue.rdkit_failed
None,,nan,,CurationIssue.rdkit_failed
None,,nan,,CurationIssue.rdkit_failed
None,,nan,,CurationIssue.rdkit_failed
None,,nan,,CurationIssue.rdkit_failed
None,,nan,,CurationIssue.rdkit_failed
None,,nan,,CurationIssue.rdkit_failed
None,KINETIN,nan,,CurationIssue.rdkit_failed
None,,nan,,CurationIssue.rdkit_failed
None,,nan,,CurationIssue.rdkit_failed
None,,nan,,CurationIssue.rdkit_failed
None,,nan,,CurationIssue.rdkit_failed
None,,nan,,CurationIssue.rdkit_failed
None,,nan,,CurationIssue.rdkit_failed
None,,nan,,CurationIssue.rdkit_failed
None,,nan,,CurationIssue.rdkit_failed
None,,nan,,CurationIssue.rdkit_failed
None,,nan,,CurationIssue.rdkit_failed
None,BISACODYL,nan,,CurationIssue.rdkit_failed
None,,nan,,CurationIssue.rdkit_failed
None,,nan,,CurationIssue.rdkit_failed
None,,nan,,CurationIssue.rdkit_failed
None,MORICIZINE,nan,,CurationIssue.rdkit_failed
None,,nan,,CurationIssue.rdkit_failed
None,,nan,,CurationIssue.rdkit_failed
None,,nan,,CurationIssue.rdkit_failed
None,,nan,,CurationIssue.rdkit_failed
None,,nan,,CurationIssue.rdkit_failed
None,,nan,,CurationIssue.rdkit_failed
None,,nan,,CurationIssue.rdkit_failed
None,CIMETIDINE,nan,,CurationIssue.rdkit_failed
None,LEVOSALBUTAMOL,nan,,CurationIssue.rdkit_failed
CCOC(=O)c1ccc(NC(=O)Nc2ccc3c4c(cccc24)C(=O)N3CC)cc1,CHEMBL1425169,0.0,CurationNote.canonical,
CC1=C(/C=C\C(C)=C\C=C/C(C)=C/C(=O)O)C(C)(C)CCC1,CHEMBL1333056,1.0,CurationNote.canonical,
Cc1cc(NC(=O)CSc2nc3ccccc3c(=O)n2CCCC(=O)NCc2ccco2)[nH]n1,CHEMBL1347463,0.0,CurationNote.canonical,CurationIssue.inorganic
COc1cc(CNC(=O)CCCCCCC(C)C)ccc1O,CHEMBL311158,0.0,CurationNote.canonical,
COc1ccccc1CN1CCCC2(CCN(S(C)(=O)=O)CC2)C1,CHEMBL1591170,1.0,CurationNote.canonical,
C=CCSc1nc(C)cc(/C=C\c2ccccc2)c1C#N,CHEMBL1456334,1.0,CurationNote.canonical,CurationIssue.inorganic
CN(C)c1ncc2nc(CCc3ccccc3)c(=O)n(CCC#N)c2n1,CHEMBL1398528,1.0,CurationNote.canonical,
CCCC[C@@H]1C[C@H]1C(NC(=O)c1ccco1)c1ccccc1,CHEMBL1486399,0.0,CurationNote.canonical,
None,,nan,,CurationIssue.rdkit_failed
None,,nan,,CurationIssue.rdkit_failed
None,,nan,,CurationIssue.rdkit_failed
None,,nan,,CurationIssue.rdkit_failed
None,,nan,,CurationIssue.rdkit_failed
None,,nan,,CurationIssue.rdkit_failed
None,,nan,,CurationIssue.rdkit_failed
None,,nan,,CurationIssue.rdkit_failed
None,,nan,,CurationIssue.rdkit_failed
None,NORFLOXACIN,nan,,CurationIssue.rdkit_failed
None,,nan,,CurationIssue.rdkit_failed
None,,nan,,CurationIssue.rdkit_failed
None,,nan,,CurationIssue.rdkit_failed
None,,nan,,CurationIssue.rdkit_failed
None,,nan,,CurationIssue.rdkit_failed
None,,nan,,CurationIssue.rdkit_failed
None,,nan,,CurationIssue.rdkit_failed
None,,nan,,CurationIssue.rdkit_failed
None,,nan,,CurationIssue.rdkit_failed
c1csc(CNc2ncncc2-c2ccoc2)c1,CHEMBL1527221,0.0,CurationNote.canonical,
CN(C)CCCN1c2ccccc2Sc2ccc(Cl)cc21.Cl,CHEMBL1713,1.0,CurationNote.canonical,CurationIssue.mixture
COc1ccc(C2N=C(N)N=C(N)N2c2ccccc2OC)cc1OC.Cl,CHEMBL1305416,1.0,CurationNote.canonical,CurationIssue.mixture
N[N-][C+]1c2ccccc2N[C@H]1OC(=O)Nc1ccccc1,CHEMBL1591879,1.0,CurationNote.canonical,
None,,nan,,CurationIssue.rdkit_failed
COc1ccc(COC(=O)N/N=C2/C[C@@H](O)[C@@H](O)[C@@H]3[C@@H]4C(=O)N(c5cccc(Oc6ccccc6)c5)C(=O)[C@H]4CC[C@@H]23)cc1,CHEMBL1574966,1.0,CurationNote.canonical,
COc1cccc(-c2ccc3ncnc(N4CCOCC4)c3c2)c1,CHEMBL1395417,0.0,CurationNote.canonical,
None,,nan,,CurationIssue.rdkit_failed
None,,nan,,CurationIssue.rdkit_failed
None,,nan,,CurationIssue.rdkit_failed
Cc1ccccc1-c1cncnc1NCc1cccnc1,CHEMBL1473099,0.0,CurationNote.canonical,
None,,nan,,CurationIssue.rdkit_failed
None,(-)-ROLIPRAM,nan,,CurationIssue.rdkit_failed
O=C(NC(=S)N(CCCCO)C1CCCCC1)c1sc2ccccc2c1Cl,CHEMBL1310193,0.0,CurationNote.canonical,
None,,nan,,CurationIssue.rdkit_failed
CCOC(=O)N1CCN(c2c(O)nc3ccc(Cl)cc3c2-c2ccccc2)CC1,CHEMBL1568982,1.0,CurationNote.canonical,
None,,nan,,CurationIssue.rdkit_failed
None,,nan,,CurationIssue.rdkit_failed
CCCN(C/C=C\I)[C@@H]1CCc2ccc(O)cc2C1,CHEMBL1552249,1.0,CurationNote.canonical,
Cc1ccc(NNS(=O)(=O)c2ccc(C)cc2)cc1,CHEMBL1556561,1.0,CurationNote.canonical,
None,,nan,,CurationIssue.rdkit_failed
None,,nan,,CurationIssue.rdkit_failed
None,,nan,,CurationIssue.rdkit_failed
None,,nan,,CurationIssue.rdkit_failed
None,,nan,,CurationIssue.rdkit_failed
CCCNC(=N)NCCC[C@H](N)C(=O)O,CHEMBL107528,1.0,CurationNote.canonical,
Cc1cc(C(=O)N[C@@H](c2ccccc2)[C@]2(C)C[C@H]2[C@@H](C)C(=O)Nc2ccc3ccccc3c2)n(C)n1,CHEMBL1409148,1.0,CurationNote.canonical,
COC(=O)[C@@]1(Cc2ccccc2)[C@H]2c3cc(C(=O)N4CCCC4)n(Cc4ccc(OC)c(OC)c4)c3C[C@H]2CN1C(=O)c1ccccc1,CHEMBL1317373,0.0,CurationNote.canonical,
O=C(NCCCN1CCc2ccccc2C1)C1CCN(S(=O)(=O)N2CCCC2)CC1,CHEMBL1729979,1.0,CurationNote.canonical,
N#C/C(=C\c1ccc(N2CCCC2)c([N+](=O)[O-])c1)c1nc2ccccc2[nH]1,CHEMBL1387322,1.0,CurationNote.canonical,
Cc1cccc(NC(=O)Cn2c(=O)oc3ccccc32)c1,CHEMBL1722408,1.0,CurationNote.canonical,
Cc1c2ccccc2c(CSC(=N)N)c2ccccc12,CHEMBL1409073,1.0,CurationNote.canonical,
COc1ccc(OC)c(C2C3=C(O)OCC3=Nc3cc4c(cc32)OCO4)c1,CHEMBL1338060,0.0,CurationNote.canonical,
C[S+]([O-])c1ccc(-c2nc(-c3ccc(F)cc3)c(-c3ccncc3)[nH]2)cc1,CHEMBL10,0.0,CurationNote.canonical,
CN(C)CCCN1c2ccccc2Sc2ccc(C(F)(F)F)cc21,CHEMBL570,1.0,CurationNote.canonical,CurationIssue.inorganic
O=C(c1ccncc1)N1CCC2(CCCN(c3ncccn3)C2)CC1,CHEMBL1362931,0.0,CurationNote.canonical,
COc1ccc2c(Cl)c(C(=O)NCCCn3ccnc3)sc2c1Cl,CHEMBL1416351,1.0,CurationNote.canonical,
NC(=O)CNC(=O)[C@@H]1CC2(CC(c3cccc([N+](=O)[O-])c3)=NO2)CN1C(=O)c1ccccc1,CHEMBL1427403,0.0,CurationNote.canonical,
CCN(CCCc1ccccc1)CCCc1ccccc1.O=C(O)CC(O)(CC(=O)O)C(=O)O,CHEMBL1408594,1.0,CurationNote.canonical,CurationIssue.mixture
CS(=O)(=O)N(CC(=O)Nc1cccc(F)c1)c1cccc([N+](=O)[O-])c1,CHEMBL1463577,1.0,CurationNote.canonical,
CN1CCN(c2ncc3nc(CCc4ccccc4)c(=O)n(Cc4cccs4)c3n2)CC1,CHEMBL1319286,0.0,CurationNote.canonical,
None,,nan,,CurationIssue.rdkit_failed
None,,nan,,CurationIssue.rdkit_failed
None,,nan,,CurationIssue.rdkit_failed
None,,nan,,CurationIssue.rdkit_failed
None,,nan,,CurationIssue.rdkit_failed
None,,nan,,CurationIssue.rdkit_failed
None,,nan,,CurationIssue.rdkit_failed
O=C(NNS(=O)(=O)c1ccc(Cl)cc1)C1CCN(Cc2ccccc2)CC1,CHEMBL1539590,1.0,CurationNote.canonical,
CCN(CC)CCCNC(=O)CC1Sc2ccccc2NC1=O,CHEMBL1312813,1.0,CurationNote.canonical,CurationIssue.inorganic
CCN1C(=O)[C@H]2CC[C@H]3/C(=N\OC[C@@H]4O[C@H](c5ccccc5)C=C[C@@H]4Oc4ccc(OC)cc4)C[C@@H](O)[C@@H](O)[C@@H]3[C@@H]2C1=O,CHEMBL1365665,1.0,CurationNote.canonical,
CCCN[C@@H]1CCc2c(OC)cccc2[C@@H]1C,CHEMBL27441,1.0,CurationNote.canonical,
O=C(CCN1CCc2ccccc2C1)Nc1ccc(F)cc1,CHEMBL1386709,1.0,CurationNote.canonical,
None,,nan,,CurationIssue.rdkit_failed
None,,nan,,CurationIssue.rdkit_failed
None,,nan,,CurationIssue.rdkit_failed
None,,nan,,CurationIssue.rdkit_failed
None,,nan,,CurationIssue.rdkit_failed
CNc1cc(CSC)nc(SCc2ccc(Cl)c(Cl)c2)n1,CHEMBL1313321,0.0,CurationNote.canonical,
CN(C)C(=O)c1ccc(-c2nccc(NCc3cccs3)n2)cc1,CHEMBL1554637,0.0,CurationNote.canonical,
Oc1c([C@H](Nc2ccccn2)c2ccccc2)ccc2cccnc12,CHEMBL1450821,1.0,CurationNote.canonical,
COc1ccc2[nH]cc(CCNc3cc(-c4ccccc4CN(C)C)ncn3)c2c1,CHEMBL1473379,0.0,CurationNote.canonical,
,CHEMBL1394080,1.0,CurationNote.canonical,CurationIssue.duplicate
COc1ccccc1CNc1ccnc(-c2cccc(NS(C)(=O)=O)c2)n1,CHEMBL1568854,0.0,CurationNote.canonical,
Cc1ccc(S(=O)(=O)NCC(=O)N(CC(=O)NCc2ccco2)Cc2cccs2)cc1,CHEMBL1523773,1.0,CurationNote.canonical,
O=c1c2ccccc2nc2n1CC/C2=C\c1ccccc1[N+](=O)[O-],CHEMBL1485060,1.0,CurationNote.canonical,
None,,nan,,CurationIssue.rdkit_failed
None,,nan,,CurationIssue.rdkit_failed
CCCOc1cc(N)ccc1C(=O)OCCN(CC)CC,CHEMBL1195,1.0,CurationNote.canonical,
COC(=O)[C@@]1(Cc2ccccc2)[C@H]2c3cc(C(=O)N4CCCC4)n(Cc4ccsc4Br)c3C[C@H]2CN1C(=O)c1ccccc1,CHEMBL1365367,0.0,CurationNote.canonical,
O=C(c1ccco1)N1CCC2(CCN(Cc3cc(C(F)(F)F)cc(C(F)(F)F)c3)CC2)CC1,CHEMBL1435235,1.0,CurationNote.canonical,
None,,nan,,CurationIssue.rdkit_failed
O=C1SC(c2ccccc2)=C/C1=C\N1CCCCC1,CHEMBL1597695,0.0,CurationNote.canonical,
Cc1[nH]c2ccccc2c1C(=O)/C=C/c1ccccc1,CHEMBL1388353,0.0,CurationNote.canonical,
O=c1sc2ccccc2n1CCCOc1ccccc1,CHEMBL1498144,0.0,CurationNote.canonical,
Cc1ccc2[nH]c(Cc3ccc(N)cc3)nc2c1.Cl,CHEMBL1388711,1.0,CurationNote.canonical,CurationIssue.mixture
CN1CCN(c2nc(-c3cccnc3)nc3ccccc23)CC1,CHEMBL1558834,1.0,CurationNote.canonical,
COc1ccc2[nH]cc(CCNc3nc(-c4ccoc4)nc4ccccc34)c2c1,CHEMBL1590909,0.0,CurationNote.canonical,
CCOC(=O)C1C(=O)C=C(/C=C/c2ccccc2)CC1c1ccc(Cl)cc1,CHEMBL1330032,1.0,CurationNote.canonical,
COC(=O)c1sccc1-c1ccc(C(=O)Nc2cccnc2)o1,CHEMBL1570869,1.0,CurationNote.canonical,
CSc1nsc(SC)c1C(=O)Nc1ccc(C)cc1,CHEMBL1483978,1.0,CurationNote.canonical,CurationIssue.inorganic
COc1ccc(/C=C/c2ccncc2)cc1,CHEMBL67212,1.0,CurationNote.canonical,
None,,nan,,CurationIssue.rdkit_failed
None,,nan,,CurationIssue.rdkit_failed
None,,nan,,CurationIssue.rdkit_failed
CCCS(=O)(=O)N1CCCC(C(=O)NCCN(C)Cc2ccccc2)C1,CHEMBL1563964,1.0,CurationNote.canonical,
CN(C)CC/C=C1\c2ccccc2Sc2ccc(Cl)cc21,CHEMBL90125,1.0,CurationNote.canonical,CurationIssue.inorganic
Cc1c(CCO)c(=O)n(-c2ccccc2)n1S(=O)(=O)c1c(Cl)cc(Cl)cc1Cl,CHEMBL1505628,1.0,CurationNote.canonical,
CCOc1ccc(C(=O)Nc2ccccc2N2CCCC2)cc1,CHEMBL1370525,1.0,CurationNote.canonical,
O[C@H]1CCCC[C@H]1N1CCC(c2ccccc2)CC1,CHEMBL1481258,1.0,CurationNote.canonical,CurationIssue.duplicate
COc1cccc(Cn2c(=O)c(CCc3ccccc3)nc3cnc(N4CCNCC4)nc32)c1,CHEMBL1323124,0.0,CurationNote.canonical,
CC(C)(C)Nc1nc(N2CCCC2)nc(N2CCCC2)n1,CHEMBL1493118,1.0,CurationNote.canonical,
COc1cc(NC(=O)COC(=O)c2nc3nc(C)cc(C)n3n2)cc(OC)c1,CHEMBL1582789,0.0,CurationNote.canonical,
O=C(c1ccncc1)N1CCC[C@@]2(CCN(Cc3ccncc3)C2)C1,CHEMBL1374913,0.0,CurationNote.canonical,
Cc1ccc(C(=O)/C=C/c2c[nH]c3ccccc23)cc1,CHEMBL1506622,0.0,CurationNote.canonical,
CCC1(C)Cc2c(sc3nnn(CC(=O)Nc4cccc5ccccc45)c(=O)c23)CO1,CHEMBL1425971,0.0,CurationNote.canonical,
COc1ccc(Cn2c(N)c(C(=O)NCc3ccco3)c3nc4ccccc4nc32)cc1,CHEMBL1521414,0.0,CurationNote.canonical,
c1ccc([C@@H]2CN3CCSC3=N2)cc1,CHEMBL1369896,0.0,CurationNote.canonical,CurationIssue.duplicate
S=C(NCCC(c1ccccc1)c1ccccc1)Nc1ccc(Cl)cc1,CHEMBL1496986,1.0,CurationNote.canonical,
Cc1ccc(C(=O)Nc2c(C#N)c(C)c(C)n2Cc2ccccc2)cc1,CHEMBL1385649,1.0,CurationNote.canonical,
CN(C)C(=O)c1ccc(-c2ccc3ncnc(N4CCOCC4)c3c2)cc1,CHEMBL1554937,0.0,CurationNote.canonical,
COc1ccc(CNCCC(c2ccc(OC(C)C)cc2)C(C)C)cc1OC,CHEMBL1424307,1.0,CurationNote.canonical,
None,,nan,,CurationIssue.rdkit_failed
None,,nan,,CurationIssue.rdkit_failed
None,,nan,,CurationIssue.rdkit_failed
None,,nan,,CurationIssue.rdkit_failed
CC(C)/N=c1\cc2n(-c3ccc(Cl)cc3)c3ccccc3nc-2cc1Nc1ccc(Cl)cc1,CHEMBL1292,1.0,CurationNote.canonical,
COC(=O)[C@@]1(Cc2ccccc2)[C@H]2c3cc(C(=O)N(C)C)n(Cc4ccccc4)c3C[C@H]2CN1C(=O)c1ccccc1,CHEMBL1324882,0.0,CurationNote.canonical,
None,,nan,,CurationIssue.rdkit_failed
None,,nan,,CurationIssue.rdkit_failed
None,,nan,,CurationIssue.rdkit_failed
None,,nan,,CurationIssue.rdkit_failed
None,,nan,,CurationIssue.rdkit_failed
None,,nan,,CurationIssue.rdkit_failed
None,,nan,,CurationIssue.rdkit_failed
None,,nan,,CurationIssue.rdkit_failed
None,,nan,,CurationIssue.rdkit_failed
None,,nan,,CurationIssue.rdkit_failed
COC(=O)[C@@]1(Cc2ccccc2)[C@H]2c3cc(C(=O)N4CCCC4)n(Cc4ccccn4)c3C[C@H]2CN1C(=O)c1ccccc1,CHEMBL1594329,0.0,CurationNote.canonical,
None,,nan,,CurationIssue.rdkit_failed
None,,nan,,CurationIssue.rdkit_failed
None,,nan,,CurationIssue.rdkit_failed
None,,nan,,CurationIssue.rdkit_failed
CCCCCCCCC(=O)NCc1ccc(O)c(OC)c1,CHEMBL75124,0.0,CurationNote.canonical,
COc1ccccc1-c1cc(Nc2ccc(F)cc2)ncn1,CHEMBL1360434,0.0,CurationNote.canonical,
Cc1ccc(NC(=O)C2(NC(=O)c3cccc(N4C(=O)CSC4c4ccccc4)c3)CCCCC2)cc1,CHEMBL1333030,1.0,CurationNote.canonical,
CCOc1ccc(NCc2nnc(SCc3ccccc3Cl)n2-c2ccccc2)cc1,CHEMBL1484214,0.0,CurationNote.canonical,
Br.Brc1ccc(C2=Nn3c(nnc3-c3cccnc3)SC2)s1,CHEMBL1468521,1.0,CurationNote.canonical,CurationIssue.mixture
Cc1ccc(-c2csc3ncnc(NCCN4CCOCC4)c23)cc1,CHEMBL1576560,1.0,CurationNote.canonical,
CN(Cc1cc(Cl)cc(Cl)c1O)Cc1c(O)ccc2ccccc12,CHEMBL1488167,1.0,CurationNote.canonical,
None,DIFLUNISAL,nan,,CurationIssue.rdkit_failed
CN(C)C(=O)Oc1cc(OC(=O)N(C)C)cc([C@@H](O)CNC(C)(C)C)c1,CHEMBL1337841,1.0,CurationNote.canonical,
None,,nan,,CurationIssue.rdkit_failed
O=C(c1ccco1)N1CCC[C@@]2(CCN(c3ncccn3)C2)C1,CHEMBL1416912,0.0,CurationNote.canonical,
None,,nan,,CurationIssue.rdkit_failed
None,,nan,,CurationIssue.rdkit_failed
None,,nan,,CurationIssue.rdkit_failed
None,,nan,,CurationIssue.rdkit_failed
None,,nan,,CurationIssue.rdkit_failed
None,,nan,,CurationIssue.rdkit_failed
None,,nan,,CurationIssue.rdkit_failed
None,,nan,,CurationIssue.rdkit_failed
None,,nan,,CurationIssue.rdkit_failed
N#CC(C#N)=C/C(N)=C(/C#N)c1cc(O)c(O)c(O)c1,CHEMBL1376723,0.0,CurationNote.canonical,
COC(=O)c1cccc(-n2nnnc2S)c1,CHEMBL1385495,0.0,CurationNote.canonical,
O=C(CSc1nnnn1C1CCCC1)Nc1ccc(F)cc1,CHEMBL1528993,0.0,CurationNote.canonical,CurationIssue.inorganic
O=C(c1cc(C(F)(F)F)cc(C(F)(F)F)c1)N1CCC2(CCN(Cc3nccs3)CC2)CC1,CHEMBL1476729,1.0,CurationNote.canonical,
CC(=O)OC[C@@H]1O[C@@H](O/N=C2/C[C@@H](O)[C@@H](O)[C@H]3[C@@H]2CC[C@@H]2C(=O)N(Cc4ccc5c(c4)OCO5)C(=O)[C@H]23)[C@H](OC(C)=O)[C@H](OC(C)=O)[C@@H]1OC(C)=O,CHEMBL1323684,1.0,CurationNote.canonical,
Cl.OC(COCC1COc2ccccc2O1)CN1CCc2ccccc2C1,CHEMBL1581711,1.0,CurationNote.canonical,CurationIssue.mixture
Cn1cccc1C(=O)N1CCC2(CC1)CN(C(c1ccccc1)c1ccccc1)C2,CHEMBL1444367,1.0,CurationNote.canonical,
COc1ccccc1C(=O)NCCn1cc(SCC(=O)Nc2nnc(C)s2)c2ccccc21,CHEMBL1600813,0.0,CurationNote.canonical,
CCC/C=C(\CCC)C(NS(=O)(=O)c1ccc(Cl)cc1)c1ccccc1,CHEMBL1330718,0.0,CurationNote.canonical,
C[C@@H](C(=O)Nc1ccc2ccccc2c1)[C@H]1C[C@]1(C)[C@H](NP(=O)(c1ccccc1)c1ccccc1)c1ccccc1,CHEMBL1411164,1.0,CurationNote.canonical,
O=C(O)c1cccc(N2CCCC2=O)c1,CHEMBL1569147,1.0,CurationNote.canonical,
Clc1ccccc1-c1nc(NCc2cccs2)c2ccccc2n1,CHEMBL1591107,0.0,CurationNote.canonical,
Cc1cnc(NC(=O)CSc2ccc(Cl)cc2)s1,CHEMBL1578122,1.0,CurationNote.canonical,CurationIssue.inorganic
CCn1c(SCC(=O)N2CCN(S(=O)(=O)c3ccccc3)CC2)nnc1-c1cccs1,CHEMBL1488127,0.0,CurationNote.canonical,
O=C(N/N=C\c1ccc2c(c1)CCC2)c1ccccc1O,CHEMBL1596698,1.0,CurationNote.canonical,
CCN(CCCCOC(=O)c1ccc(OC)c(OC)c1)[C@@H](C)Cc1ccc(OC)cc1,CHEMBL1444844,1.0,CurationNote.canonical,
CN(C)CCN(Cc1cccs1)c1ccccn1,CHEMBL1411979,1.0,CurationNote.canonical,
O=C(NCc1cccnc1)/C(=C/c1ccc(-c2cccc(Cl)c2)o1)S(=O)(=O)c1ccccc1,CHEMBL1480453,0.0,CurationNote.canonical,
C[C@@H]1CC[C@H]2[C@H](C)[C@H]3[C@H](C[C@H]4[C@@H]5CC=C6C[C@@H](O)CC[C@@]6(C)[C@@H]5C[C@@H](O)[C@@]43C)N2C1,CHEMBL1512978,1.0,CurationNote.canonical,
COc1ccc2[nH]cc(CCNc3ncncc3-c3c(C)noc3C)c2c1,CHEMBL1356630,0.0,CurationNote.canonical,
CN1C(=O)/C(=N\OC(=O)c2cccc3ccccc23)c2ccccc21,CHEMBL3194842,0.0,CurationNote.canonical,
c1ccc([C@H]2NCCc3c2[nH]c2ccccc32)cc1,CHEMBL1355855,1.0,CurationNote.canonical,
COc1ccccc1CNCCCCCCNCCCCCCCCNCCCCCCNCc1ccccc1OC,CHEMBL27673,0.0,CurationNote.canonical,
COC(=O)c1ccc(NC(=O)c2ccccc2NS(=O)(=O)c2ccccc2)cc1,CHEMBL1400385,0.0,CurationNote.canonical,
c1cncc(CNc2nc(-c3ccoc3)nc3ccccc23)c1,CHEMBL1414251,1.0,CurationNote.canonical,
None,,nan,,CurationIssue.rdkit_failed
None,,nan,,CurationIssue.rdkit_failed
None,,nan,,CurationIssue.rdkit_failed
None,,nan,,CurationIssue.rdkit_failed
C=CCO[C@@H](Cn1ccnc1)c1ccc(Cl)cc1Cl,CHEMBL1359713,1.0,CurationNote.canonical,
CCC(=O)N(c1ccccc1)C1CCN(CCc2ccc(N=C=S)cc2)CC1,CHEMBL274844,1.0,CurationNote.canonical,
None,,nan,,CurationIssue.rdkit_failed
CN(C)CCCN1c2ccccc2Sc2ccc(Cl)cc21,CHEMBL71,1.0,CurationNote.canonical,CurationIssue.inorganic
Cc1ccccc1-c1cncnc1N(C)Cc1ccco1,CHEMBL1559126,0.0,CurationNote.canonical,
CC1C(=NO)C(C)C(c2ccc(N(C)C)cc2)NC1c1ccc(N(C)C)cc1,CHEMBL1527955,1.0,CurationNote.canonical,
None,DEXPROPRANOLOL,nan,,CurationIssue.rdkit_failed
None,8-AZAGUANINE,nan,,CurationIssue.rdkit_failed
COc1cc2nc(SCc3ccc(Cl)cc3Cl)n(Cc3cccs3)c(=N)c2cc1OC,CHEMBL1570465,1.0,CurationNote.canonical,
O=C(CCCCCn1c(=S)[nH]c2ccccc2c1=O)NCc1ccc2c(c1)OCO2,CHEMBL1528906,1.0,CurationNote.canonical,
CCS(=O)(=O)N1CCC(C(=O)NCCN2CCN(Cc3ccccc3)CC2)CC1,CHEMBL1446407,0.0,CurationNote.canonical,
NC1=NC(Nc2ccc(F)cc2F)=NC2(CCCCC2)N1,CHEMBL1431111,0.0,CurationNote.canonical,
CN(C)CCCN1c2ccccc2Sc2ccc3ccccc3c21,CHEMBL1446990,1.0,CurationNote.canonical,CurationIssue.inorganic
NC[C@@H]1O[C@H](c2ccccc2)Cc2c1ccc(O)c2O,CHEMBL86931,0.0,CurationNote.canonical,
CC(C)CN1CCC2(CC1)CCN(C(=O)c1cccc(F)c1)CC2,CHEMBL1315424,1.0,CurationNote.canonical,
CCN(CC)CCNC(=O)c1cc(Br)c(N)cc1OC,CHEMBL399510,1.0,CurationNote.canonical,
Cc1ccc(Nc2nc(-c3sc(NC(=O)c4ccc([N+](=O)[O-])cc4)nc3C)cs2)cc1,CHEMBL1458544,1.0,CurationNote.canonical,
O=C(NC1CCCC1)C(c1ccc(F)cc1)N(Cc1ccc(F)cc1)C(=O)c1cc[nH]n1,CHEMBL1343240,0.0,CurationNote.canonical,
None,,nan,,CurationIssue.rdkit_failed
None,,nan,,CurationIssue.rdkit_failed
None,,nan,,CurationIssue.rdkit_failed
None,,nan,,CurationIssue.rdkit_failed
None,,nan,,CurationIssue.rdkit_failed
None,,nan,,CurationIssue.rdkit_failed
CCC(=O)NCc1c(Cl)cccc1-n1cccc1,CHEMBL1423999,0.0,CurationNote.canonical,
None,,nan,,CurationIssue.rdkit_failed
None,,nan,,CurationIssue.rdkit_failed
CN(C)C(=O)C1CCN(Cc2c[nH]c3ccccc23)CC1,CHEMBL1515982,1.0,CurationNote.canonical,
CN(C)CC[C@H](c1ccc(Br)cc1)c1ccccn1,CHEMBL1400543,1.0,CurationNote.canonical,
O=C(c1ccco1)N1CCC[C@@]2(CCN(c3ccccn3)C2)C1,CHEMBL1376143,0.0,CurationNote.canonical,
Cc1cccc(-n2nc([N+](=O)[O-])c(NCc3cccnc3)[n+]2[O-])c1,CHEMBL1416252,0.0,CurationNote.canonical,
c1cncc(CNc2ncncc2-c2ccc3c(c2)OCO3)c1,CHEMBL1331525,0.0,CurationNote.canonical,
FC(F)(F)c1cccc(NC(S)=Nc2ccc(Cl)cc2Cl)c1,CHEMBL1588356,1.0,CurationNote.canonical,
O=C(CCN1C(=O)S/C(=C\c2ccccc2)C1=O)Nc1ccc(S(=O)(=O)Nc2nccs2)cc1,CHEMBL1562987,1.0,CurationNote.canonical,
None,DIMAPRIT,nan,,CurationIssue.rdkit_failed
None,,nan,,CurationIssue.rdkit_failed
O=C(COC(=O)c1ccncc1)NC(=O)C1CCCCC1,CHEMBL1427884,1.0,CurationNote.canonical,
Cc1ccc(/C=N/NC(=O)c2cccs2)cc1[N+](=O)[O-],CHEMBL3197340,1.0,CurationNote.canonical,
None,,nan,,CurationIssue.rdkit_failed
None,,nan,,CurationIssue.rdkit_failed
None,,nan,,CurationIssue.rdkit_failed
None,,nan,,CurationIssue.rdkit_failed
None,,nan,,CurationIssue.rdkit_failed
None,,nan,,CurationIssue.rdkit_failed
None,,nan,,CurationIssue.rdkit_failed
None,,nan,,CurationIssue.rdkit_failed
None,,nan,,CurationIssue.rdkit_failed
None,,nan,,CurationIssue.rdkit_failed
None,,nan,,CurationIssue.rdkit_failed
None,,nan,,CurationIssue.rdkit_failed
None,,nan,,CurationIssue.rdkit_failed
None,,nan,,CurationIssue.rdkit_failed
None,,nan,,CurationIssue.rdkit_failed
None,,nan,,CurationIssue.rdkit_failed
None,,nan,,CurationIssue.rdkit_failed
None,,nan,,CurationIssue.rdkit_failed
None,,nan,,CurationIssue.rdkit_failed
None,,nan,,CurationIssue.rdkit_failed
None,,nan,,CurationIssue.rdkit_failed
None,,nan,,CurationIssue.rdkit_failed
None,BEMEGRIDE,nan,,CurationIssue.rdkit_failed
None,,nan,,CurationIssue.rdkit_failed
None,,nan,,CurationIssue.rdkit_failed
None,,nan,,CurationIssue.rdkit_failed
None,,nan,,CurationIssue.rdkit_failed
None,,nan,,CurationIssue.rdkit_failed
N=C(N)c1ccc(/N=N\c2c(O)ccc3c2[nH]c2ccccc23)cc1,CHEMBL1436467,1.0,CurationNote.canonical,
None,,nan,,CurationIssue.rdkit_failed
None,,nan,,CurationIssue.rdkit_failed
None,,nan,,CurationIssue.rdkit_failed
None,NIACIN,nan,,CurationIssue.rdkit_failed
None,,nan,,CurationIssue.rdkit_failed
OCCNCCCOc1cccc(Cl)c1Cl,CHEMBL1356094,1.0,CurationNote.canonical,
Cn1ccc2cc3c(cc21)CCN3C(=O)Nc1cccnc1,CHEMBL297784,0.0,CurationNote.canonical,CurationIssue.disagreeing_duplicate
None,,nan,,CurationIssue.rdkit_failed
None,,nan,,CurationIssue.rdkit_failed
None,,nan,,CurationIssue.rdkit_failed
None,,nan,,CurationIssue.rdkit_failed
None,,nan,,CurationIssue.rdkit_failed
None,,nan,,CurationIssue.rdkit_failed
None,,nan,,CurationIssue.rdkit_failed
None,,nan,,CurationIssue.rdkit_failed
None,,nan,,CurationIssue.rdkit_failed
None,,nan,,CurationIssue.rdkit_failed
None,,nan,,CurationIssue.rdkit_failed
CCCC(=O)Nc1c2c(nn1-c1ccc(C)cc1C)CSC2,CHEMBL1338917,0.0,CurationNote.canonical,
O=C(NC1CCCCC1)C12CC3CC(C1)CC(n1cncn1)(C3)C2,CHEMBL1507984,0.0,CurationNote.canonical,
O=c1c2cnn(-c3ccccc3)c2nnn1/N=C/c1cccnc1,CHEMBL3192008,0.0,CurationNote.canonical,
CC/C(=C(\c1ccccc1)c1ccc(OCCN(C)C)cc1)c1ccccc1.O=C(O)CC(O)(CC(=O)O)C(=O)O,CHEMBL786,0.0,CurationNote.canonical,CurationIssue.mixture
O=C(Cc1ccc(Cl)c(Cl)c1)OCCN1CCCC1,CHEMBL53649,0.0,CurationNote.canonical,
C#CCSc1nnc(-c2sc(-c3ccccc3)nc2C)n1C,CHEMBL1393076,1.0,CurationNote.canonical,CurationIssue.inorganic
None,LEFLUNOMIDE,nan,,CurationIssue.rdkit_failed
Cn1c(=O)c2cc(S(=O)(=O)NCCC(=O)N3CC=C(c4ccccc4)CC3)ccc2n(C)c1=O,CHEMBL1480371,0.0,CurationNote.canonical,
None,,nan,,CurationIssue.rdkit_failed
None,,nan,,CurationIssue.rdkit_failed
None,,nan,,CurationIssue.rdkit_failed
None,,nan,,CurationIssue.rdkit_failed
None,,nan,,CurationIssue.rdkit_failed
None,,nan,,CurationIssue.rdkit_failed
None,,nan,,CurationIssue.rdkit_failed
None,,nan,,CurationIssue.rdkit_failed
None,,nan,,CurationIssue.rdkit_failed
None,,nan,,CurationIssue.rdkit_failed
None,,nan,,CurationIssue.rdkit_failed
None,,nan,,CurationIssue.rdkit_failed
None,,nan,,CurationIssue.rdkit_failed
None,,nan,,CurationIssue.rdkit_failed
None,CIS-RESVERATROL,nan,,CurationIssue.rdkit_failed
None,,nan,,CurationIssue.rdkit_failed
None,,nan,,CurationIssue.rdkit_failed
None,,nan,,CurationIssue.rdkit_failed
None,MYOSMINE,nan,,CurationIssue.rdkit_failed
None,,nan,,CurationIssue.rdkit_failed
None,,nan,,CurationIssue.rdkit_failed
None,,nan,,CurationIssue.rdkit_failed
None,,nan,,CurationIssue.rdkit_failed
None,,nan,,CurationIssue.rdkit_failed
None,,nan,,CurationIssue.rdkit_failed
None,,nan,,CurationIssue.rdkit_failed
None,,nan,,CurationIssue.rdkit_failed
None,,nan,,CurationIssue.rdkit_failed
None,,nan,,CurationIssue.rdkit_failed
None,,nan,,CurationIssue.rdkit_failed
None,,nan,,CurationIssue.rdkit_failed
None,,nan,,CurationIssue.rdkit_failed
None,,nan,,CurationIssue.rdkit_failed
None,,nan,,CurationIssue.rdkit_failed
None,,nan,,CurationIssue.rdkit_failed
None,,nan,,CurationIssue.rdkit_failed
None,,nan,,CurationIssue.rdkit_failed
None,,nan,,CurationIssue.rdkit_failed
None,,nan,,CurationIssue.rdkit_failed
None,,nan,,CurationIssue.rdkit_failed
None,,nan,,CurationIssue.rdkit_failed
None,,nan,,CurationIssue.rdkit_failed
None,,nan,,CurationIssue.rdkit_failed
None,,nan,,CurationIssue.rdkit_failed
None,,nan,,CurationIssue.rdkit_failed
None,OXOLINIC ACID,nan,,CurationIssue.rdkit_failed
None,,nan,,CurationIssue.rdkit_failed
None,,nan,,CurationIssue.rdkit_failed
None,,nan,,CurationIssue.rdkit_failed
None,,nan,,CurationIssue.rdkit_failed
None,,nan,,CurationIssue.rdkit_failed
None,,nan,,CurationIssue.rdkit_failed
None,,nan,,CurationIssue.rdkit_failed
None,,nan,,CurationIssue.rdkit_failed
None,,nan,,CurationIssue.rdkit_failed
None,,nan,,CurationIssue.rdkit_failed
None,,nan,,CurationIssue.rdkit_failed
None,,nan,,CurationIssue.rdkit_failed
None,,nan,,CurationIssue.rdkit_failed
None,,nan,,CurationIssue.rdkit_failed
None,,nan,,CurationIssue.rdkit_failed
None,,nan,,CurationIssue.rdkit_failed
None,,nan,,CurationIssue.rdkit_failed
None,,nan,,CurationIssue.rdkit_failed
None,,nan,,CurationIssue.rdkit_failed
None,,nan,,CurationIssue.rdkit_failed
None,,nan,,CurationIssue.rdkit_failed
None,,nan,,CurationIssue.rdkit_failed
None,,nan,,CurationIssue.rdkit_failed
None,,nan,,CurationIssue.rdkit_failed
None,,nan,,CurationIssue.rdkit_failed
None,,nan,,CurationIssue.rdkit_failed
None,,nan,,CurationIssue.rdkit_failed
None,,nan,,CurationIssue.rdkit_failed
None,,nan,,CurationIssue.rdkit_failed
None,,nan,,CurationIssue.rdkit_failed
None,,nan,,CurationIssue.rdkit_failed
None,,nan,,CurationIssue.rdkit_failed
None,,nan,,CurationIssue.rdkit_failed
None,,nan,,CurationIssue.rdkit_failed
None,,nan,,CurationIssue.rdkit_failed
None,,nan,,CurationIssue.rdkit_failed
None,,nan,,CurationIssue.rdkit_failed
None,,nan,,CurationIssue.rdkit_failed
None,,nan,,CurationIssue.rdkit_failed
None,,nan,,CurationIssue.rdkit_failed
None,,nan,,CurationIssue.rdkit_failed
Cc1ccc(C)c(C(=N)c2ccccc2Cc2ccccc2)c1,CHEMBL1551274,1.0,CurationNote.canonical,
None,,nan,,CurationIssue.rdkit_failed
None,,nan,,CurationIssue.rdkit_failed
None,,nan,,CurationIssue.rdkit_failed
None,,nan,,CurationIssue.rdkit_failed
None,,nan,,CurationIssue.rdkit_failed
None,,nan,,CurationIssue.rdkit_failed
None,,nan,,CurationIssue.rdkit_failed
None,,nan,,CurationIssue.rdkit_failed
None,,nan,,CurationIssue.rdkit_failed
None,,nan,,CurationIssue.rdkit_failed
None,,nan,,CurationIssue.rdkit_failed
None,,nan,,CurationIssue.rdkit_failed
None,TELENZEPINE,nan,,CurationIssue.rdkit_failed
None,,nan,,CurationIssue.rdkit_failed
None,,nan,,CurationIssue.rdkit_failed
None,,nan,,CurationIssue.rdkit_failed
None,,nan,,CurationIssue.rdkit_failed
None,,nan,,CurationIssue.rdkit_failed
None,,nan,,CurationIssue.rdkit_failed
None,,nan,,CurationIssue.rdkit_failed
C#CCN1C(C)=C(C(=O)OC)[C@@H](c2cccc([N+](=O)[O-])c2)C(C(=O)OCC)=C1C,CHEMBL1562657,0.0,CurationNote.canonical,
COc1ccccc1OCCCCCc1c(C)n[nH]c1C,CHEMBL1309266,0.0,CurationNote.canonical,
O=C(CCS(=O)(=O)c1cccs1)N1CCN(c2ccc(F)cc2)CC1,CHEMBL1571716,0.0,CurationNote.canonical,
CN(C(=O)Cc1ccc(Cl)c(Cl)c1)[C@@H]1CC[C@@]2(CCCO2)C[C@H]1N1CCCC1.CS(=O)(=O)O,CHEMBL1433907,1.0,CurationNote.canonical,CurationIssue.mixture
COc1cccc(C2=NOC(C(=O)Nc3cccnc3)C2)c1,CHEMBL1349875,0.0,CurationNote.canonical,
O=C(CCNNC(=O)c1ccncc1)NCc1ccccc1,CHEMBL1256841,1.0,CurationNote.canonical,
COc1ccc2[nH]cc(CCNc3ccnc(-c4ccc(C(=O)N(C)C)cc4)n3)c2c1,CHEMBL1357168,0.0,CurationNote.canonical,
CNCCNS(=O)(=O)c1cccc2cnccc12,CHEMBL148333,1.0,CurationNote.canonical,
CCc1ccc(C(C(=O)NCc2ccc(OC)cc2)N(CCOC)C(=O)Cc2cccs2)cc1,CHEMBL1387271,0.0,CurationNote.canonical,
None,,nan,,CurationIssue.rdkit_failed
None,,nan,,CurationIssue.rdkit_failed
None,,nan,,CurationIssue.rdkit_failed
None,OXOLINIC ACID,nan,,CurationIssue.rdkit_failed
None,,nan,,CurationIssue.rdkit_failed
None,,nan,,CurationIssue.rdkit_failed
None,,nan,,CurationIssue.rdkit_failed
None,RS-102,221,nan,,CurationIssue.rdkit_failed
None,,nan,,CurationIssue.rdkit_failed
CN(C)c1cc[n+](CC(=O)Nc2cc(C(F)(F)F)ccc2Cl)cc1.[Cl-],CHEMBL1578326,1.0,CurationNote.canonical,CurationIssue.mixture
CN1CCN(CC/C=C2\c3ccccc3Sc3ccc(S(=O)(=O)N(C)C)cc32)CC1,CHEMBL1336727,0.0,CurationNote.canonical,CurationIssue.inorganic
None,,nan,,CurationIssue.rdkit_failed
None,,nan,,CurationIssue.rdkit_failed
C[C@@H](Cc1ccccc1)NCCC(c1ccccc1)c1ccccc1.C[C@H](O)C(=O)O,CHEMBL1317618,1.0,CurationNote.canonical,CurationIssue.mixture
Cc1noc(C)c1C(=O)N1CCC2(CCN(C(=O)Nc3ccccc3)CC2)CC1,CHEMBL1355651,0.0,CurationNote.canonical,
Cc1cnc(CNc2ncnc3ccc(-c4cccc(NS(C)(=O)=O)c4)cc23)cn1,CHEMBL1435447,0.0,CurationNote.canonical,
CN1CCN(c2nc(-c3ccc4c(c3)OCO4)nc3ccccc23)CC1,CHEMBL1567472,1.0,CurationNote.canonical,
None,,nan,,CurationIssue.rdkit_failed
None,,nan,,CurationIssue.rdkit_failed
None,DIMERCAPROL,nan,,CurationIssue.rdkit_failed
None,,nan,,CurationIssue.rdkit_failed
None,,nan,,CurationIssue.rdkit_failed
None,,nan,,CurationIssue.rdkit_failed
None,SULFADIMETHOXINE,nan,,CurationIssue.rdkit_failed
None,,nan,,CurationIssue.rdkit_failed
None,,nan,,CurationIssue.rdkit_failed
None,,nan,,CurationIssue.rdkit_failed
None,,nan,,CurationIssue.rdkit_failed
None,,nan,,CurationIssue.rdkit_failed
None,,nan,,CurationIssue.rdkit_failed
CCOC(=O)Cn1c(CN(Cc2ccccc2)Cc2ccccc2)nc2c1c(=O)[nH]c(=O)n2C,CHEMBL1496811,0.0,CurationNote.canonical,
CCNc1ncc2nc(-c3ccc(Cl)cc3)c(=O)n(-c3ccc(OC)cc3)c2n1,CHEMBL1553218,1.0,CurationNote.canonical,
CCCCOc1ccc(S(=O)(=O)Nc2cccnc2)cc1,CHEMBL1367220,0.0,CurationNote.canonical,
CSc1nncn1/N=C/c1ccc2c(c1)OCO2,CHEMBL3210042,0.0,CurationNote.canonical,CurationIssue.inorganic
C[C@H]1CN(C2CCC(C#N)(c3ccc(F)cc3)CC2)CC[C@@]1(C(=O)O)c1ccccc1,CHEMBL1593213,1.0,CurationNote.canonical,
Cc1cccc(C)c1OC[C@H](C)N,CHEMBL146855,0.0,CurationNote.canonical,
CCC(C(=O)NC(C)(C)C)N(C(=O)Cn1nnc(-c2ccccc2F)n1)c1cccc2c1CCCC2,CHEMBL1387144,0.0,CurationNote.canonical,
COc1cccc(/C=N/NC(=O)c2c(-c3ccccc3)noc2C)c1,CHEMBL3207962,0.0,CurationNote.canonical,
Nc1ccc(-c2sc(N)nc2-c2ccccc2)cc1,CHEMBL1352745,0.0,CurationNote.canonical,
CC1=Nc2ccc(Cl)cc2S(=O)(=O)N1,CHEMBL181,1.0,CurationNote.canonical,
COc1ccc(/C=C2\SC(=O)N(CCNC(=O)C3CC(=O)N(c4ccccc4)C3)C2=O)cc1,CHEMBL1388133,0.0,CurationNote.canonical,
CCOc1ccc(NC2=NCC(=O)N2Cc2cccs2)cc1.Cl,CHEMBL1341642,1.0,CurationNote.canonical,CurationIssue.mixture
CN1CCCN=C1/C=C\c1cccs1.O=C(O)C(O)C(O)C(=O)O,CHEMBL2062345,1.0,CurationNote.canonical,CurationIssue.mixture
CC(C)NC[C@H]1CCc2cc(CO)c([N+](=O)[O-])cc2N1,CHEMBL1403931,1.0,CurationNote.canonical,
COc1cc(NC(=O)c2cc(Cl)ccc2Cl)ccc1-c1cc2ccccc2oc1=O,CHEMBL1448291,0.0,CurationNote.canonical,
O=C(c1ccc(Cl)c(Cl)c1)c1cc(-c2ccccn2)c(N2CCOCC2)s1,CHEMBL1498977,1.0,CurationNote.canonical,
COc1ccccc1CNc1ccnc(-c2ccc(N(C)C)cc2)n1,CHEMBL1407257,1.0,CurationNote.canonical,
O=C(N/N=C/c1c[nH]c2ccc(Br)cc12)c1ccn(Cc2ccc(Cl)cc2)n1,CHEMBL3193586,0.0,CurationNote.canonical,
CNCCCC1c2ccccc2C=Cc2ccccc21,CHEMBL668,1.0,CurationNote.canonical,CurationIssue.duplicate
COc1ncc2nc(-c3ccccc3)c(=O)n(Cc3cccs3)c2n1,CHEMBL1356485,0.0,CurationNote.canonical,
Cc1ccc(OCCCN2C(=O)C(=O)c3cccc(C)c32)cc1,CHEMBL1505211,0.0,CurationNote.canonical,
CCOC(=O)c1sc(C)c2c(=O)n(Cc3ccc(Cl)cc3)c(C)nc12,CHEMBL1501395,1.0,CurationNote.canonical,
CN(C)C(=O)c1ccc(-c2cncnc2N(C)Cc2ccco2)cc1,CHEMBL1489211,0.0,CurationNote.canonical,
FC(F)Sc1ccc(NC2=NN=C(c3ccc4c(c3)OCCO4)CS2)cc1,CHEMBL1424596,0.0,CurationNote.canonical,CurationIssue.inorganic
O=C(CCN1C(=O)c2cccc3cccc(c23)C1=O)N1CCN(Cc2ccc3c(c2)OCO3)CC1,CHEMBL1496311,0.0,CurationNote.canonical,
NNC(=O)CCc1ccc2ccc3ccccc3c2c1,CHEMBL1332504,1.0,CurationNote.canonical,
CCN(CCCNC(=O)C1CCN(S(=O)(=O)CC)CC1)c1cccc(C)c1,CHEMBL1323270,0.0,CurationNote.canonical,
COC(=O)/C(=C\C(=O)c1ccccc1)Nc1cccc(C(F)(F)F)c1,CHEMBL3189288,0.0,CurationNote.canonical,
Br.CCCn1c(=N)n(CC(=O)c2ccco2)c2ccccc21,CHEMBL1419738,1.0,CurationNote.canonical,CurationIssue.mixture
O=C(Nc1ccccc1)N1CCC2(CC1)CCN(S(=O)(=O)c1ccccc1)CC2,CHEMBL1395029,0.0,CurationNote.canonical,
CC1CCC(NC(=O)c2ccc(CS(=O)(=O)Cc3ccccc3F)o2)CC1,CHEMBL1311780,0.0,CurationNote.canonical,
None,,nan,,CurationIssue.rdkit_failed
None,,nan,,CurationIssue.rdkit_failed
None,LEVOBUNOLOL,nan,,CurationIssue.rdkit_failed
None,,nan,,CurationIssue.rdkit_failed
None,,nan,,CurationIssue.rdkit_failed
None,,nan,,CurationIssue.rdkit_failed
None,,nan,,CurationIssue.rdkit_failed
None,,nan,,CurationIssue.rdkit_failed
None,,nan,,CurationIssue.rdkit_failed
None,,nan,,CurationIssue.rdkit_failed
None,,nan,,CurationIssue.rdkit_failed
None,,nan,,CurationIssue.rdkit_failed
None,,nan,,CurationIssue.rdkit_failed
None,,nan,,CurationIssue.rdkit_failed
None,,nan,,CurationIssue.rdkit_failed
Sc1nnc(C23CC4CC(CC(C4)C2)C3)n1Cc1ccco1,CHEMBL1550240,0.0,CurationNote.canonical,CurationIssue.inorganic
None,,nan,,CurationIssue.rdkit_failed
None,,nan,,CurationIssue.rdkit_failed
None,,nan,,CurationIssue.rdkit_failed
None,,nan,,CurationIssue.rdkit_failed
None,,nan,,CurationIssue.rdkit_failed
None,,nan,,CurationIssue.rdkit_failed
None,,nan,,CurationIssue.rdkit_failed
None,,nan,,CurationIssue.rdkit_failed
None,,nan,,CurationIssue.rdkit_failed
None,,nan,,CurationIssue.rdkit_failed
None,,nan,,CurationIssue.rdkit_failed
None,,nan,,CurationIssue.rdkit_failed
None,,nan,,CurationIssue.rdkit_failed
None,,nan,,CurationIssue.rdkit_failed
None,TRICARBALLYLIC ACID,nan,,CurationIssue.rdkit_failed
None,,nan,,CurationIssue.rdkit_failed
None,NARAMYCIN B,nan,,CurationIssue.rdkit_failed
None,,nan,,CurationIssue.rdkit_failed
None,,nan,,CurationIssue.rdkit_failed
None,,nan,,CurationIssue.rdkit_failed
CC/C(=C(\c1ccccc1)c1ccc(OCCN(C)C)cc1)c1ccccc1,CHEMBL83,0.0,CurationNote.canonical,
None,,nan,,CurationIssue.rdkit_failed
None,,nan,,CurationIssue.rdkit_failed
None,,nan,,CurationIssue.rdkit_failed
None,,nan,,CurationIssue.rdkit_failed
None,,nan,,CurationIssue.rdkit_failed
O=C(O)CN1CCN(Cc2ccccc2)C1=O,CHEMBL1612107,0.0,CurationNote.canonical,
None,,nan,,CurationIssue.rdkit_failed
COc1ccccc1-c1cncnc1N(C)Cc1ccco1,CHEMBL1489528,0.0,CurationNote.canonical,
None,,nan,,CurationIssue.rdkit_failed
None,,nan,,CurationIssue.rdkit_failed
None,,nan,,CurationIssue.rdkit_failed
COc1cccc(-c2nccc(NCCc3c[nH]c4ccc(OC)cc34)n2)c1,CHEMBL1318114,1.0,CurationNote.canonical,
None,,nan,,CurationIssue.rdkit_failed
None,,nan,,CurationIssue.rdkit_failed
COC(=O)C1=C(N)N(c2ccccc2C(F)(F)F)C2=C(C(=O)CCC2)C1c1ccc2c(c1)OCO2,CHEMBL1442542,0.0,CurationNote.canonical,
N[C@@H](C(=O)O)c1ccc(C(=O)O)c(C(=O)O)c1,CHEMBL1331443,1.0,CurationNote.canonical,
O=C(Nc1cccc(F)c1)N1CC2(CCNCC2)C1,CHEMBL1396202,1.0,CurationNote.canonical,
O=C(/C=C\c1ccc(O)cc1)c1ccc(O)cc1O,CHEMBL1395334,0.0,CurationNote.canonical,
CN1CCN(CC(=O)N2c3ccccc3Sc3cc4ccccc4cc32)CC1,CHEMBL1374524,1.0,CurationNote.canonical,CurationIssue.inorganic
CC1CCN(CCOc2cc(Cl)ccc2Cl)CC1,CHEMBL1718851,1.0,CurationNote.canonical,
C[C@H]1CC(C)(C)C[C@@](OCCN2CCCCC2)(c2ccccc2)C1,CHEMBL1447160,1.0,CurationNote.canonical,
O=[N+]([O-])c1ccc2c(/N=N\c3ccc4ccccc4c3O)c(O)cc(S(=O)(=O)O)c2c1,CHEMBL1513643,1.0,CurationNote.canonical,
None,,nan,,CurationIssue.rdkit_failed
None,,nan,,CurationIssue.rdkit_failed
None,,nan,,CurationIssue.rdkit_failed
None,,nan,,CurationIssue.rdkit_failed
None,,nan,,CurationIssue.rdkit_failed
None,SCOPOLETIN,nan,,CurationIssue.rdkit_failed
None,,nan,,CurationIssue.rdkit_failed
None,,nan,,CurationIssue.rdkit_failed
None,ISOSPAGLUMIC ACID,nan,,CurationIssue.rdkit_failed
None,,nan,,CurationIssue.rdkit_failed
CN1C[C@H](CNC(=O)OCc2ccccc2)C[C@H]2c3cccc4c3c(cn4C)C[C@@H]21,CHEMBL1441920,1.0,CurationNote.canonical,CurationIssue.duplicate
None,AMANTADINE,nan,,CurationIssue.rdkit_failed
None,,nan,,CurationIssue.rdkit_failed
None,QUINOLINIC ACID,nan,,CurationIssue.rdkit_failed
None,,nan,,CurationIssue.rdkit_failed
None,,nan,,CurationIssue.rdkit_failed
S=P(C1CCCCC1)(C1CCCCC1)[C@H](c1cccnc1)N1CCCC1,CHEMBL1491853,1.0,CurationNote.canonical,
C=CCC(C)(NCc1ccccc1)c1ccco1.Cl,CHEMBL1726069,1.0,CurationNote.canonical,CurationIssue.mixture
Cc1ccccc1C(=O)NC(C)c1ccc2c(c1)CCCC2,CHEMBL1467630,0.0,CurationNote.canonical,
Nc1nc(SCCc2ccccc2)c2nc[nH]c2n1,CHEMBL1437990,1.0,CurationNote.canonical,
O=c1c2c(-c3cccs3)csc2ncn1-c1ccc(Br)cc1,CHEMBL1570083,1.0,CurationNote.canonical,
O=c1[nH]c2ccccc2n1CCCN1CCN(C(c2ccccc2)c2ccccc2)CC1,CHEMBL13828,1.0,CurationNote.canonical,
COC(=O)N1CCC2(CCCN(Cc3ccccc3OC)C2)CC1,CHEMBL1593923,1.0,CurationNote.canonical,
CCN1C(=O)C(CC(=O)Nc2ccc(Br)cc2)N(CCCc2ccccc2)C1=S,CHEMBL1369125,1.0,CurationNote.canonical,
Nc1nc(Nc2ccccc2)nc2c1ncn2[C@@H]1O[C@@H](CO)[C@H](O)[C@H]1O,CHEMBL1396302,0.0,CurationNote.canonical,
CCCN1CCN(CCCNC(=O)Cn2nc(-c3ccc(C)cc3)ccc2=O)CC1,CHEMBL1392457,0.0,CurationNote.canonical,
Cc1ccc(C)c(NC(=O)C2(C)CC3c4ccccc4C2c2ccccc23)c1,CHEMBL1722019,1.0,CurationNote.canonical,
None,,nan,,CurationIssue.rdkit_failed
None,,nan,,CurationIssue.rdkit_failed
C[C@@H](C(=O)Nc1ccc2ccccc2c1)[C@H]1C[C@]1(C)[C@H](NC(=O)c1cccnc1)c1ccccc1,CHEMBL1408528,1.0,CurationNote.canonical,
NS(=O)(=O)c1ccc(NCc2ccccc2OCc2ccccc2F)cc1,CHEMBL1380717,0.0,CurationNote.canonical,
CN(C)CC/C=C1\c2ccccc2Sc2cc(Cl)ccc21,CHEMBL1473303,1.0,CurationNote.canonical,CurationIssue.inorganic
None,,nan,,CurationIssue.rdkit_failed
None,,nan,,CurationIssue.rdkit_failed
Cc1ccc(SCc2n[nH]c3c2C(C(C)C)C(C#N)=C(N)O3)cc1,CHEMBL1450157,1.0,CurationNote.canonical,
None,,nan,,CurationIssue.rdkit_failed
None,,nan,,CurationIssue.rdkit_failed
CC(C)NC(=O)C1CC(=O)N(c2ccc(F)c(Cl)c2)C1,CHEMBL1490079,0.0,CurationNote.canonical,
COc1cccc(C2=NOC(C(=O)NCc3ccccc3)C2)c1,CHEMBL1548428,0.0,CurationNote.canonical,
NS(=O)(=O)c1ccc(/N=N\c2cnc(O)c(O)c2)cc1,CHEMBL1476714,1.0,CurationNote.canonical,
Cc1c(N2C(=O)/C(=C3/C(=O)N(C)c4ccccc43)SC2=S)c(=O)n(-c2ccccc2)n1C,CHEMBL1581408,1.0,CurationNote.canonical,
Cc1ccc(OCCCOc2cccc3cccnc23)cc1C,CHEMBL1431605,0.0,CurationNote.canonical,
O[C@@](CCN1CCCCC1)(c1ccccc1)C1CCCCC1,CHEMBL1356870,1.0,CurationNote.canonical,
CN1CC[C@@]2(CCN3CCc4c(oc5ccccc45)[C@@H]3C2)N(C)C1=O,CHEMBL1394278,0.0,CurationNote.canonical,
None,,nan,,CurationIssue.rdkit_failed
None,,nan,,CurationIssue.rdkit_failed
None,,nan,,CurationIssue.rdkit_failed
None,,nan,,CurationIssue.rdkit_failed
None,,nan,,CurationIssue.rdkit_failed
None,,nan,,CurationIssue.rdkit_failed
None,,nan,,CurationIssue.rdkit_failed
None,,nan,,CurationIssue.rdkit_failed
None,,nan,,CurationIssue.rdkit_failed
None,,nan,,CurationIssue.rdkit_failed
None,,nan,,CurationIssue.rdkit_failed
None,,nan,,CurationIssue.rdkit_failed
COc1ccccc1-c1cncnc1N1CCN(C)CC1,CHEMBL1555314,0.0,CurationNote.canonical,
COc1ccc2[nH]cc(CCNc3cc(-c4ccccc4Cl)ncn3)c2c1,CHEMBL1568086,0.0,CurationNote.canonical,
O=C(c1ccco1)N1CCC[C@@]2(CCN(Cc3ccncc3)C2)C1,CHEMBL1574626,0.0,CurationNote.canonical,
O=C(c1csnn1)N1CCC[C@@]2(CCN(Cc3ccncc3)C2)C1,CHEMBL1512702,1.0,CurationNote.canonical,
c1ccc(-c2nc(N3CCCCCC3)nc(-n3ccnc3)n2)cc1,CHEMBL1428217,0.0,CurationNote.canonical,
None,DIAZOXIDE,nan,,CurationIssue.rdkit_failed
None,,nan,,CurationIssue.rdkit_failed
None,,nan,,CurationIssue.rdkit_failed
None,OXAPROZIN,nan,,CurationIssue.rdkit_failed
None,,nan,,CurationIssue.rdkit_failed
None,,nan,,CurationIssue.rdkit_failed
None,,nan,,CurationIssue.rdkit_failed
None,,nan,,CurationIssue.rdkit_failed
None,,nan,,CurationIssue.rdkit_failed
None,,nan,,CurationIssue.rdkit_failed
None,,nan,,CurationIssue.rdkit_failed
None,,nan,,CurationIssue.rdkit_failed
None,,nan,,CurationIssue.rdkit_failed
None,,nan,,CurationIssue.rdkit_failed
None,,nan,,CurationIssue.rdkit_failed
Nc1nc(-c2ccccc2)c(-c2ccccc2)s1,CHEMBL247129,0.0,CurationNote.canonical,
CCCN1C[C@@H](CSC)C[C@H]2c3cccc4[nH]cc(c34)C[C@@H]21.CS(=O)(=O)O,CHEMBL1553768,1.0,CurationNote.canonical,CurationIssue.mixture
None,,nan,,CurationIssue.rdkit_failed
None,,nan,,CurationIssue.rdkit_failed
None,,nan,,CurationIssue.rdkit_failed
None,(NICOTINAMIDOMETHYL)PHOSPHONIC ACID,nan,,CurationIssue.rdkit_failed
CCCCN1CCCC[C@H]1C(=O)Nc1c(C)cccc1C,CHEMBL1201193,1.0,CurationNote.canonical,
None,,nan,,CurationIssue.rdkit_failed
CCOC(=O)c1oc2ccccc2c1NC(=O)c1cc(OC)cc(OC)c1,CHEMBL1588802,0.0,CurationNote.canonical,
CCN1CCN(CCCNC(=O)c2cc3cc4ccc(OC)cc4nc3o2)CC1,CHEMBL1335319,1.0,CurationNote.canonical,
None,,nan,,CurationIssue.rdkit_failed
N#Cc1ccccc1-c1ccc2ncnc(NCCN3CCOCC3)c2c1,CHEMBL1396326,0.0,CurationNote.canonical,
NCCCCCCNS(=O)(=O)c1cccc2c(Cl)cccc12,CHEMBL41631,0.0,CurationNote.canonical,CurationIssue.disagreeing_duplicate
None,,nan,,CurationIssue.rdkit_failed
Cc1nc2sccc2c(=O)n1-c1ccccc1Cl,CHEMBL1564579,0.0,CurationNote.canonical,
None,,nan,,CurationIssue.rdkit_failed
None,,nan,,CurationIssue.rdkit_failed
None,LEVOBUNOLOL,nan,,CurationIssue.rdkit_failed
None,,nan,,CurationIssue.rdkit_failed
None,,nan,,CurationIssue.rdkit_failed
None,,nan,,CurationIssue.rdkit_failed
None,METFORMIN,nan,,CurationIssue.rdkit_failed
None,,nan,,CurationIssue.rdkit_failed
None,,nan,,CurationIssue.rdkit_failed
None,,nan,,CurationIssue.rdkit_failed
None,,nan,,CurationIssue.rdkit_failed
None,,nan,,CurationIssue.rdkit_failed
None,,nan,,CurationIssue.rdkit_failed
None,,nan,,CurationIssue.rdkit_failed
None,EDROPHONIUM,nan,,CurationIssue.rdkit_failed
None,,nan,,CurationIssue.rdkit_failed
None,,nan,,CurationIssue.rdkit_failed
None,,nan,,CurationIssue.rdkit_failed
None,,nan,,CurationIssue.rdkit_failed
None,,nan,,CurationIssue.rdkit_failed
None,,nan,,CurationIssue.rdkit_failed
None,,nan,,CurationIssue.rdkit_failed
None,,nan,,CurationIssue.rdkit_failed
None,,nan,,CurationIssue.rdkit_failed
None,,nan,,CurationIssue.rdkit_failed
None,,nan,,CurationIssue.rdkit_failed
None,,nan,,CurationIssue.rdkit_failed
COc1ccc(O[C@H]2C=C[C@@H](c3ccccc3)O[C@H]2COC(=O)CC/C(C)=N/OCC[C@@H]2C=C[C@H](OC(C)=O)[C@H](COC(C)=O)O2)cc1,CHEMBL1365537,1.0,CurationNote.canonical,
None,,nan,,CurationIssue.rdkit_failed
None,,nan,,CurationIssue.rdkit_failed
None,,nan,,CurationIssue.rdkit_failed
None,,nan,,CurationIssue.rdkit_failed
None,,nan,,CurationIssue.rdkit_failed
None,,nan,,CurationIssue.rdkit_failed
None,,nan,,CurationIssue.rdkit_failed
COC(=O)[C@@]1(Cc2ccccc2)[C@H]2c3cc(C(=O)N(C)C)[nH]c3C[C@H]2CN1C(=O)c1ccccc1,CHEMBL1488574,0.0,CurationNote.canonical,
None,,nan,,CurationIssue.rdkit_failed
None,,nan,,CurationIssue.rdkit_failed
None,,nan,,CurationIssue.rdkit_failed
None,,nan,,CurationIssue.rdkit_failed
None,,nan,,CurationIssue.rdkit_failed
None,,nan,,CurationIssue.rdkit_failed
None,,nan,,CurationIssue.rdkit_failed
None,,nan,,CurationIssue.rdkit_failed
None,,nan,,CurationIssue.rdkit_failed
None,SUCCINYLSULFATHIAZOLE,nan,,CurationIssue.rdkit_failed
COc1cccc(-c2ccc3ncnc(NCc4ccccc4)c3c2)c1,CHEMBL516075,1.0,CurationNote.canonical,
CCC(Sc1nc(=O)cc(N)n1CCc1ccccc1)C(=O)Nc1ccccc1C#N,CHEMBL1402562,0.0,CurationNote.canonical,CurationIssue.inorganic
COc1ccccc1-c1nccc(NCc2cccnc2)n1,CHEMBL1325735,0.0,CurationNote.canonical,
Cc1cccc(OCCCC(=O)Nc2ccccc2C(F)(F)F)c1,CHEMBL1361214,0.0,CurationNote.canonical,
CC[n+]1c(/C=C/Nc2ccccc2)oc2ccccc21.[I-],CHEMBL1303557,1.0,CurationNote.canonical,CurationIssue.mixture
COc1ccc2[nH]cc(CCNc3ncncc3-c3ccc(N(C)C)cc3)c2c1,CHEMBL1552623,1.0,CurationNote.canonical,
O=C(NCCC1=CCCCC1)C1CCCN(c2nc3ccccc3o2)C1,CHEMBL1339054,0.0,CurationNote.canonical,
CCN1C/C(=C\c2cccc(C)c2)c2nc3ccccc3c(C(=O)O)c2C1,CHEMBL1413668,0.0,CurationNote.canonical,
CCc1c2c(nc3cccc(OC)c13)OC(CC)C2,CHEMBL1517099,0.0,CurationNote.canonical,
CC(C)[C@@]1(NC(=O)[C@@H]2C[C@H]3c4cccc5[nH]cc(c45)C[C@@H]3N(C)C2)O[C@@]2(O)[C@H]3CCCN3C(=O)[C@H](Cc3ccccc3)N2C1=O,CHEMBL1513556,0.0,CurationNote.canonical,
Br.COc1ccc2c(c1)nc(SCC(=O)c1ccc(Br)s1)n2C,CHEMBL1485384,1.0,CurationNote.canonical,CurationIssue.mixture
CC(=O)c1ccc(NC(=O)C(Cc2ccccc2)NC(=O)c2ccco2)cc1,CHEMBL1741617,0.0,CurationNote.canonical,
N#Cc1cccc(-c2nc(NCc3cccs3)c3ccccc3n2)c1,CHEMBL1513669,1.0,CurationNote.canonical,
COC(=O)N1CCC2(CC1)CCN(c1ccccn1)CC2,CHEMBL1590763,1.0,CurationNote.canonical,
O=C(CCN1C(=O)C2C3C=CC(C3)C2C1=O)NCCN1CCCc2ccccc21,CHEMBL1428167,0.0,CurationNote.canonical,
COc1ccc(Cl)cc1NC(=O)CN1C(=O)CSC1=O,CHEMBL1452675,1.0,CurationNote.canonical,
COc1ccccc1CNc1nc(-c2ccccc2CN(C)C)nc2ccccc12,CHEMBL1446815,1.0,CurationNote.canonical,
CN(C)c1ncc2nc(-c3ccccc3)c(=O)n(C[C@H]3CCCO3)c2n1,CHEMBL1476139,0.0,CurationNote.canonical,
CCCC(=O)Nc1nnc(CCN2CCCCC2)s1,CHEMBL1503527,0.0,CurationNote.canonical,
CN(C)CC[C@H](c1ccc(Cl)cc1)c1ccccn1,CHEMBL1554789,0.0,CurationNote.canonical,
O=C(/C=C\c1ccc(O)c(O)c1)OCCc1ccccc1,CHEMBL1397711,0.0,CurationNote.canonical,
O=C(NCCc1ccc(Cl)cc1)C1CCN(S(=O)(=O)N2CCC3(CC2)OCCO3)CC1,CHEMBL1344743,0.0,CurationNote.canonical,
N#Cc1nc(COc2ccccc2Cl)oc1NCc1ccco1,CHEMBL1411496,1.0,CurationNote.canonical,
O=C(Nc1nccs1)C1Cc2ccccc2CN1S(=O)(=O)c1ccc(F)cc1,CHEMBL1301725,0.0,CurationNote.canonical,
COc1ccc(C(=O)Nc2ccc(OCC(F)(F)C(F)F)c(C(F)(F)F)c2)cc1OC,CHEMBL1580804,0.0,CurationNote.canonical,
COc1ccc(Cl)cc1/N=N\c1ncc[nH]1,CHEMBL1435053,1.0,CurationNote.canonical,
C[C@H](N)Cc1c[nH]c2ccc(OCc3cccs3)cc12,CHEMBL1315945,0.0,CurationNote.canonical,CurationIssue.duplicate
None,,nan,,CurationIssue.rdkit_failed
O=C(Nc1ccccc1C(=O)NCCc1ccccc1)c1ccco1,CHEMBL1322942,0.0,CurationNote.canonical,
COc1cccc(C(C(=O)Nc2ccc(F)cc2)N(C(=O)Cn2nnc3ccccc32)C2CC2)c1,CHEMBL1532443,0.0,CurationNote.canonical,
CN(CCc1ccc(Cl)c(Cl)c1)C[C@@H](O)COc1ccc(NS(C)(=O)=O)cc1,CHEMBL493044,0.0,CurationNote.canonical,
COc1ccc(Nc2nc(N)nc(CN(C)C3CCCCC3)n2)cc1,CHEMBL539676,1.0,CurationNote.canonical,
Cn1c(SCC(=O)NCc2ccc3c(c2)OCO3)nnc1-c1cc2ccccc2cc1O,CHEMBL1490181,1.0,CurationNote.canonical,
O=C(O)C[C@H]1OCC=C2CN3CC[C@@]45C6=CC(=O)C(=O)C([N+](=O)[O-])=C6N[C@H]4[C@H]1[C@H]2C[C@@H]35,CHEMBL1320315,1.0,CurationNote.canonical,
None,,nan,,CurationIssue.rdkit_failed
None,,nan,,CurationIssue.rdkit_failed
None,,nan,,CurationIssue.rdkit_failed
None,,nan,,CurationIssue.rdkit_failed
None,,nan,,CurationIssue.rdkit_failed
None,,nan,,CurationIssue.rdkit_failed
None,,nan,,CurationIssue.rdkit_failed
None,,nan,,CurationIssue.rdkit_failed
None,,nan,,CurationIssue.rdkit_failed
None,,nan,,CurationIssue.rdkit_failed
None,,nan,,CurationIssue.rdkit_failed
None,AMINOMETHYLBENZOIC ACID,nan,,CurationIssue.rdkit_failed
None,,nan,,CurationIssue.rdkit_failed
CCO/C(O)=C/C1=NC(C)(C)Cc2cc(OC)c(O)cc21,CHEMBL3193293,0.0,CurationNote.canonical,
None,,nan,,CurationIssue.rdkit_failed
None,,nan,,CurationIssue.rdkit_failed
None,,nan,,CurationIssue.rdkit_failed
None,,nan,,CurationIssue.rdkit_failed
None,,nan,,CurationIssue.rdkit_failed
None,,nan,,CurationIssue.rdkit_failed
None,,nan,,CurationIssue.rdkit_failed
None,,nan,,CurationIssue.rdkit_failed
None,ACETYL-L-LEUCINE,nan,,CurationIssue.rdkit_failed
None,,nan,,CurationIssue.rdkit_failed
None,,nan,,CurationIssue.rdkit_failed
None,,nan,,CurationIssue.rdkit_failed
O=c1cnc2cnc(N3CCNCC3)nc2n1Cc1cccs1,CHEMBL1327915,0.0,CurationNote.canonical,
O=C(c1ccncc1)N1CCC[C@@]2(CCN(Cc3cc(C(F)(F)F)cc(C(F)(F)F)c3)C2)C1,CHEMBL1531699,1.0,CurationNote.canonical,
O=c1c2ccccc2nc(-c2ccc(Cl)cc2Cl)n1CCCn1ccnc1,CHEMBL1416438,1.0,CurationNote.canonical,
O=C(NC1CCCCC1)N1CCCC(c2nc(-c3cccs3)no2)C1,CHEMBL1488504,0.0,CurationNote.canonical,
CCOc1nc(NCCN2CCOCC2)nc(Nc2ccc(C)cc2)n1,CHEMBL1331881,0.0,CurationNote.canonical,
Cc1nc2ccccn2c1C(=O)CSc1ccccc1Cl,CHEMBL1311432,0.0,CurationNote.canonical,CurationIssue.inorganic
CCc1c(C(=O)NCc2ccc3c(c2)OCO3)[nH]c(C)c1C(C)=O,CHEMBL1705400,0.0,CurationNote.canonical,
CCOc1ccccc1Oc1coc2cc(OC)ccc2c1=O,CHEMBL1352269,1.0,CurationNote.canonical,
CN1C(=O)C(=Cc2ccc(N3CCCCCC3)o2)C(=O)N(C)C1=S,CHEMBL1454931,0.0,CurationNote.canonical,
Cc1c(C(=O)Nc2nccs2)sc2nc(-c3cccs3)cc(C(F)(F)F)c12,CHEMBL1363569,1.0,CurationNote.canonical,
CN1CCc2cc3c(cc2[C@@H]1[C@@H]1C(=O)Oc2c1ccc1c2OCO1)OCO3,CHEMBL1321655,0.0,CurationNote.canonical,
C(=C\c1ccccc1)\CN1CCN(CCOC(c2ccccc2)c2ccccc2)CC1,CHEMBL1457262,1.0,CurationNote.canonical,
CNCC[C@H](Oc1ccccc1C)c1ccccc1,CHEMBL1442868,0.0,CurationNote.canonical,
O=C1c2ccccc2-c2cc([N+](=O)[O-])c([N+](=O)[O-])cc21,CHEMBL512908,1.0,CurationNote.canonical,
CCN1CCN(c2ccc(NC(=O)C(C)C)cc2Cl)CC1,CHEMBL1576372,0.0,CurationNote.canonical,
CN1CCN(CCCN2c3ccccc3Sc3ccc(S(=O)(=O)N(C)C)cc32)CC1.CS(=O)(=O)O.CS(=O)(=O)O,CHEMBL1481539,1.0,CurationNote.canonical,CurationIssue.mixture
COc1ccc(-c2csc3c2[N+]2=CCC=C2C3[O-])cc1,CHEMBL3350578,1.0,CurationNote.canonical,
CN1CCc2cccc3c2[C@H]1Cc1ccc(O)c(O)c1-3,CHEMBL53,0.0,CurationNote.canonical,
COc1ccc(CNc2ncncc2-c2ccccc2CN(C)C)c(OC)c1,CHEMBL492132,1.0,CurationNote.canonical,
O=C1c2ccccc2C(=O)c2c1ccc(C(=O)O)c2-c1ccc2ccccc2c1,CHEMBL1399619,1.0,CurationNote.canonical,
O=C(c1ccco1)N1CCC2(CC1)CCN(C(c1ccccc1)c1ccccc1)CC2,CHEMBL1397596,1.0,CurationNote.canonical,
None,,nan,,CurationIssue.rdkit_failed
NCCNc1ncnc2ccc(Cl)cc12,CHEMBL1556377,1.0,CurationNote.canonical,
None,,nan,,CurationIssue.rdkit_failed
None,,nan,,CurationIssue.rdkit_failed
None,,nan,,CurationIssue.rdkit_failed
None,,nan,,CurationIssue.rdkit_failed
None,,nan,,CurationIssue.rdkit_failed
None,,nan,,CurationIssue.rdkit_failed
None,,nan,,CurationIssue.rdkit_failed
None,,nan,,CurationIssue.rdkit_failed
C1=Cc2ccccc2C1.C=C(C)c1ccccc1.[N-]=[N+]=Nc1ccccc1,CHEMBL1603802,1.0,CurationNote.canonical,CurationIssue.mixture
Cc1ccc(C(=O)Nc2ccccc2-c2ccccc2)cc1S(=O)(=O)Nc1cccc(C)c1C,CHEMBL1421764,1.0,CurationNote.canonical,
O=c1n(CCCN2CCN(c3cccc(Cl)c3)CC2)nc2ccccn12,CHEMBL621,0.0,CurationNote.canonical,
Cc1cc(C)c(Cn2cnc(-c3ccc([N+](=O)[O-])cc3)c2)c(C)c1,CHEMBL1420885,0.0,CurationNote.canonical,
C/C(=N/O)c1ccc2cc(Br)c3ccccc3c2c1,CHEMBL1611220,1.0,CurationNote.canonical,
Cc1cccc(CNc2cc(-c3cccc(C#N)c3)ncn2)c1,CHEMBL1533139,0.0,CurationNote.canonical,
O=c1c2ccccc2sc2c(CO)ccc(NCCN3CCCCC3)c12,CHEMBL1437648,1.0,CurationNote.canonical,
COc1cccc(-c2nc(N(C)Cc3ccco3)c3ccccc3n2)c1,CHEMBL1317009,1.0,CurationNote.canonical,
O=C(CN1CCN(CC(=O)Nc2ccccc2Cl)CC1)Nc1ccc2c(c1)OCCO2,CHEMBL1413058,0.0,CurationNote.canonical,
C=CCN1CC[C@@]23CCCC[C@@H]2[C@@H]1Cc1ccc(O)cc13.O=C(O)C(O)C(O)C(=O)O,CHEMBL2062334,1.0,CurationNote.canonical,CurationIssue.mixture
CCCSc1nc(C)cc(C)c1S(=O)(=O)c1ccccc1C,CHEMBL1509477,0.0,CurationNote.canonical,CurationIssue.inorganic
COc1ccc(-c2cc(-c3cc(F)ccc3O)[nH]n2)cc1OC,CHEMBL1300301,0.0,CurationNote.canonical,
None,,nan,,CurationIssue.rdkit_failed
None,,nan,,CurationIssue.rdkit_failed
CCN1CCCC1Cn1cnc2c3cc(C)ccc3nc-2c1O,CHEMBL1550537,1.0,CurationNote.canonical,
None,,nan,,CurationIssue.rdkit_failed
CC(=O)Nc1ccc(NC(=O)CSc2nnc(-c3ccccc3)n2Cc2ccc3c(c2)OCO3)cc1,CHEMBL1719582,0.0,CurationNote.canonical,CurationIssue.inorganic
C[C@H](N)CN1CCc2ccc(Br)cc21,CHEMBL309760,1.0,CurationNote.canonical,
N#Cc1cccc(-c2nc(NCc3ccccc3)c3ccccc3n2)c1,CHEMBL1327681,1.0,CurationNote.canonical,
COC(=O)c1[nH]c2cc(OC)ccc2c1NC(=O)c1ccc2c(c1)OCO2,CHEMBL1388771,0.0,CurationNote.canonical,
CNC(=O)Oc1ccc2c(c1)[C@@]1(C)CCN(C)[C@@H]1N2C,CHEMBL1243269,1.0,CurationNote.canonical,
None,,nan,,CurationIssue.rdkit_failed
O=C(c1ccco1)N1CCC2(CCCN(c3cccc(-c4ccccc4)c3)C2)CC1,CHEMBL1594421,0.0,CurationNote.canonical,
Cc1ccc(S(=O)(=O)N2CCOCC2)cc1NC(=O)COC(=O)CCC(=O)c1cccs1,CHEMBL1586504,0.0,CurationNote.canonical,
CCCCCCCCCCC/C=C\C(C)(C)/C=C\CCCC(=O)O,CHEMBL1323529,0.0,CurationNote.canonical,
None,,nan,,CurationIssue.rdkit_failed
None,,nan,,CurationIssue.rdkit_failed
None,,nan,,CurationIssue.rdkit_failed
None,,nan,,CurationIssue.rdkit_failed
None,,nan,,CurationIssue.rdkit_failed
None,,nan,,CurationIssue.rdkit_failed
Cc1cc(NC(=O)c2ccc(S(=O)(=O)Nc3ccccc3)cc2)no1,CHEMBL1564907,0.0,CurationNote.canonical,
CC(=O)Nc1ccccc1C=C1c2ccccc2-c2ccccc21,CHEMBL1452722,1.0,CurationNote.canonical,
Nc1ncc(-c2ccccc2)n1CC1CCCO1,CHEMBL1605713,1.0,CurationNote.canonical,
COc1ncc2nc(CCc3ccccc3)c(=O)n(C)c2n1,CHEMBL1321899,0.0,CurationNote.canonical,
Cc1cc2nc3c(=O)[nH]c(=O)nc-3n(C[C@@H](O)[C@@H](O)[C@@H](O)CO)c2cc1C,CHEMBL1397833,0.0,CurationNote.canonical,
Cn1c(-c2ccc(F)cc2)cnc1NCc1ccc(F)cc1,CHEMBL1589340,1.0,CurationNote.canonical,
None,,nan,,CurationIssue.rdkit_failed
None,,nan,,CurationIssue.rdkit_failed
None,,nan,,CurationIssue.rdkit_failed
None,HYDROFLUMETHIAZIDE,nan,,CurationIssue.rdkit_failed
None,,nan,,CurationIssue.rdkit_failed
CN(Cc1ccco1)c1ncncc1-c1ccc2c(c1)OCO2,CHEMBL1452250,1.0,CurationNote.canonical,
CCNc1ncc2nc(CCc3ccccc3)c(=O)n(C3CC3)c2n1,CHEMBL1591635,1.0,CurationNote.canonical,
O=C(CSc1nnc(COc2ccccc2)n1-c1ccccc1)c1ccccc1,CHEMBL1575899,0.0,CurationNote.canonical,CurationIssue.inorganic
,CHEMBL1608210,1.0,CurationNote.canonical,CurationIssue.duplicate
None,,nan,,CurationIssue.rdkit_failed
None,,nan,,CurationIssue.rdkit_failed
None,,nan,,CurationIssue.rdkit_failed
None,,nan,,CurationIssue.rdkit_failed
None,,nan,,CurationIssue.rdkit_failed
None,,nan,,CurationIssue.rdkit_failed
None,,nan,,CurationIssue.rdkit_failed
None,,nan,,CurationIssue.rdkit_failed
None,,nan,,CurationIssue.rdkit_failed
None,,nan,,CurationIssue.rdkit_failed
None,,nan,,CurationIssue.rdkit_failed
None,,nan,,CurationIssue.rdkit_failed
None,,nan,,CurationIssue.rdkit_failed
None,,nan,,CurationIssue.rdkit_failed
None,,nan,,CurationIssue.rdkit_failed
None,,nan,,CurationIssue.rdkit_failed
None,,nan,,CurationIssue.rdkit_failed
None,,nan,,CurationIssue.rdkit_failed
None,,nan,,CurationIssue.rdkit_failed
None,,nan,,CurationIssue.rdkit_failed
None,,nan,,CurationIssue.rdkit_failed
None,,nan,,CurationIssue.rdkit_failed
None,,nan,,CurationIssue.rdkit_failed
None,,nan,,CurationIssue.rdkit_failed
None,,nan,,CurationIssue.rdkit_failed
None,,nan,,CurationIssue.rdkit_failed
None,,nan,,CurationIssue.rdkit_failed
None,,nan,,CurationIssue.rdkit_failed
None,,nan,,CurationIssue.rdkit_failed
None,,nan,,CurationIssue.rdkit_failed
COC(=O)CSc1nnc(C)n1-c1cccc(OC)c1,CHEMBL1536299,1.0,CurationNote.canonical,CurationIssue.inorganic
Cn1c(-c2ccc3c(c2)OCO3)cc(=O)c2ccccc21,CHEMBL1371756,1.0,CurationNote.canonical,
CCCCN1CCC[C@@H]1CNC(=O)c1cc(C#N)c2ccccc2c1OC,CHEMBL1443376,0.0,CurationNote.canonical,
Cc1ccc(-c2ccc(=O)n(CC(=O)N3CCN(c4cccc(C)c4)C(C)C3)n2)cc1,CHEMBL1572383,0.0,CurationNote.canonical,
None,,nan,,CurationIssue.rdkit_failed
None,,nan,,CurationIssue.rdkit_failed
None,,nan,,CurationIssue.rdkit_failed
None,,nan,,CurationIssue.rdkit_failed
None,,nan,,CurationIssue.rdkit_failed
None,,nan,,CurationIssue.rdkit_failed
None,,nan,,CurationIssue.rdkit_failed
None,,nan,,CurationIssue.rdkit_failed
None,,nan,,CurationIssue.rdkit_failed
None,,nan,,CurationIssue.rdkit_failed
None,,nan,,CurationIssue.rdkit_failed
None,,nan,,CurationIssue.rdkit_failed
None,,nan,,CurationIssue.rdkit_failed
None,,nan,,CurationIssue.rdkit_failed
None,,nan,,CurationIssue.rdkit_failed
None,,nan,,CurationIssue.rdkit_failed
None,,nan,,CurationIssue.rdkit_failed
None,,nan,,CurationIssue.rdkit_failed
None,,nan,,CurationIssue.rdkit_failed
None,,nan,,CurationIssue.rdkit_failed
None,BMY-7378,nan,,CurationIssue.rdkit_failed
None,,nan,,CurationIssue.rdkit_failed
None,,nan,,CurationIssue.rdkit_failed
None,,nan,,CurationIssue.rdkit_failed
None,DIETHYLCARBAMAZINE CITRATE,nan,,CurationIssue.rdkit_failed
None,TYRPHOSTIN 47,nan,,CurationIssue.rdkit_failed
None,,nan,,CurationIssue.rdkit_failed
None,,nan,,CurationIssue.rdkit_failed
None,,nan,,CurationIssue.rdkit_failed
Cc1cc(C)c2c(N=NN(C)C)[nH]nc2n1,CHEMBL1466490,0.0,CurationNote.canonical,
None,,nan,,CurationIssue.rdkit_failed
None,,nan,,CurationIssue.rdkit_failed
None,,nan,,CurationIssue.rdkit_failed
None,,nan,,CurationIssue.rdkit_failed
None,,nan,,CurationIssue.rdkit_failed
None,PENTAMIDINE ISETHIONATE,nan,,CurationIssue.rdkit_failed
COc1ccc(/C=N/NC(=O)Cc2csc(Nc3cccc(C(F)(F)F)c3)n2)cc1C,CHEMBL1973886,0.0,CurationNote.canonical,
None,,nan,,CurationIssue.rdkit_failed
None,,nan,,CurationIssue.rdkit_failed
None,,nan,,CurationIssue.rdkit_failed
None,,nan,,CurationIssue.rdkit_failed
C[C@@H](CN1c2ccccc2Sc2ccccc21)N(C)C,CHEMBL251904,1.0,CurationNote.canonical,CurationIssue.inorganic
CCOC(=O)c1cc2sc(C)cc2n1CCCN1C(=O)c2ccccc2C1=O,CHEMBL1598896,0.0,CurationNote.canonical,
COc1ccc(C(=O)N2CCCC2=O)cc1,CHEMBL36994,0.0,CurationNote.canonical,
COc1cccc(Cn2c(=O)cnc3cnc(OCc4ccccc4)nc32)c1,CHEMBL1394258,0.0,CurationNote.canonical,
None,,nan,,CurationIssue.rdkit_failed
None,,nan,,CurationIssue.rdkit_failed
O=S(=O)(c1ccccc1)N1CCN(S(=O)(=O)c2ccccc2)c2ccccc21,CHEMBL1570894,1.0,CurationNote.canonical,
CC(C)(C)NC[C@@H](O)COc1cccc2[nH]c(C#N)cc12,CHEMBL1516015,0.0,CurationNote.canonical,
None,,nan,,CurationIssue.rdkit_failed
None,THIAMINE HYDROCHLORIDE,nan,,CurationIssue.rdkit_failed
None,,nan,,CurationIssue.rdkit_failed
None,,nan,,CurationIssue.rdkit_failed
None,,nan,,CurationIssue.rdkit_failed
None,,nan,,CurationIssue.rdkit_failed
None,,nan,,CurationIssue.rdkit_failed
None,,nan,,CurationIssue.rdkit_failed
None,,nan,,CurationIssue.rdkit_failed
None,,nan,,CurationIssue.rdkit_failed
None,,nan,,CurationIssue.rdkit_failed
None,,nan,,CurationIssue.rdkit_failed
None,,nan,,CurationIssue.rdkit_failed
None,,nan,,CurationIssue.rdkit_failed
None,,nan,,CurationIssue.rdkit_failed
None,,nan,,CurationIssue.rdkit_failed
None,,nan,,CurationIssue.rdkit_failed
Cc1noc(C)c1-c1ccc2ncnc(NCc3cccnc3)c2c1,CHEMBL585861,0.0,CurationNote.canonical,
c1cncc(-c2nccc(-n3ccnc3)n2)c1,CHEMBL1491545,1.0,CurationNote.canonical,
CN(C)CCO[C@](C)(c1ccccc1)c1ccccn1.O=C(O)CCC(=O)O,CHEMBL1494294,0.0,CurationNote.canonical,CurationIssue.mixture
COCc1nnc(NC(=O)CC(c2ccccc2)c2ccccc2)s1,CHEMBL1490078,1.0,CurationNote.canonical,
None,,nan,,CurationIssue.rdkit_failed
None,HYDRALAZINE,nan,,CurationIssue.rdkit_failed
None,,nan,,CurationIssue.rdkit_failed
None,,nan,,CurationIssue.rdkit_failed
None,,nan,,CurationIssue.rdkit_failed
O=C(c1ccncc1)N1CCC2(CC1)CN(c1ccccc1)C2,CHEMBL1317805,1.0,CurationNote.canonical,
O=c1c([N+](=O)[O-])cc(C(F)(F)F)cn1Cc1c(Cl)cccc1Cl,CHEMBL1575145,0.0,CurationNote.canonical,
CCCCn1nc2cc(C(=O)NC3CCCc4ccccc43)ccc2c1OCC,CHEMBL1343091,0.0,CurationNote.canonical,
S=C=Nc1cccc(C2(N3CCCCC3)CCCCC2)c1,CHEMBL41541,1.0,CurationNote.canonical,
COc1cccc(-c2nc(NCCN3CCOCC3)c3ccccc3n2)c1,CHEMBL1553902,0.0,CurationNote.canonical,
Cc1ccccc1[C@@H](OCCN(C)C)c1ccccc1,CHEMBL1354398,0.0,CurationNote.canonical,CurationIssue.duplicate
COc1ccc(CNc2ncncc2-c2ccccc2OC)c(OC)c1,CHEMBL492127,0.0,CurationNote.canonical,
Cc1nn(Cc2c(F)c(F)c(F)c(F)c2F)c(C)c1NC(=O)c1cccc(COc2ccccc2Cl)c1,CHEMBL1312265,1.0,CurationNote.canonical,
Cc1cccc(CNc2ncnc3ccc(-c4cccc(NS(C)(=O)=O)c4)cc23)c1,CHEMBL491771,0.0,CurationNote.canonical,
COC(=O)N1CCC2(CC1)CN(c1ccccn1)C2,CHEMBL1486009,1.0,CurationNote.canonical,
Oc1ccc(CNCc2ccccc2)c2cccnc12,CHEMBL476672,1.0,CurationNote.canonical,
O=C(c1cccc(F)c1)N1CCC[C@@]2(CCN(Cc3ccncc3)C2)C1,CHEMBL1354841,0.0,CurationNote.canonical,
COC(=O)N1CCC2(CC1)CCN(C(c1ccccc1)c1ccccc1)CC2,CHEMBL1556218,1.0,CurationNote.canonical,
CC(C)C(=O)NCCc1nc2ccccc2n1CCCOc1ccc(Cl)cc1,CHEMBL1517696,1.0,CurationNote.canonical,
CN(C)S(=O)(=O)c1ccc(C(=O)Nc2ccc(CN3CCCC3)cc2)cc1,CHEMBL1492087,1.0,CurationNote.canonical,
COc1ccc(NC(=O)c2ccc(-c3ccc(-c4noc(C)n4)cc3C)cc2)cc1N1CCN(C)CC1,CHEMBL15928,0.0,CurationNote.canonical,CurationIssue.disagreeing_duplicate
Cc1ccc(OCC(=O)Nn2cnc3ccccc32)cc1,CHEMBL1587623,1.0,CurationNote.canonical,
CCOc1c2ccc(C(=O)NCc3cc(C(F)(F)F)cc(C(F)(F)F)c3)cc2nn1C,CHEMBL1342700,0.0,CurationNote.canonical,
CC[N+](C)(CC)CCC[n+]1c(-c2ccccc2)c2cc(N)ccc2c2ccc(N)cc21,CHEMBL332935,1.0,CurationNote.canonical,
CS(=O)(=O)O.Oc1ccc2c3c1O[C@H]1c4oc5ccccc5c4C[C@]4(O)[C@H](C2)N(CC2CC2)CC[C@@]314,CHEMBL1371893,1.0,CurationNote.canonical,CurationIssue.mixture
O=C1/C(=C\c2ccccn2)SC(=S)N1Nc1ncc(C(F)(F)F)cc1Cl,CHEMBL1561714,0.0,CurationNote.canonical,
O=C(CC1C(=O)N(c2ccc(Cl)cc2)C(=S)N1CCc1ccncc1)Nc1ccc(F)cc1,CHEMBL1450860,1.0,CurationNote.canonical,
C=CCc1ccc(OCCOCCOc2ccc(C)cc2[N+](=O)[O-])c(OC)c1,CHEMBL1329562,0.0,CurationNote.canonical,
C[N+]12CCC(CC1)[C@@H](OC(=O)C(O)(c1ccccc1)c1ccccc1)C2,CHEMBL1398637,0.0,CurationNote.canonical,
CN(C)Cc1ccccc1-c1ccc2ncnc(N3CCOCC3)c2c1,CHEMBL1435947,0.0,CurationNote.canonical,
Oc1ccc(-c2nc(-c3ccc(F)cc3)c(-c3ccncc3)[nH]2)cc1,CHEMBL278041,1.0,CurationNote.canonical,
None,,nan,,CurationIssue.rdkit_failed
None,,nan,,CurationIssue.rdkit_failed
None,,nan,,CurationIssue.rdkit_failed
None,,nan,,CurationIssue.rdkit_failed
None,,nan,,CurationIssue.rdkit_failed
O=C(NC(=S)N(Cc1ccccc1)Cc1ccccc1)c1ccccc1F,CHEMBL1340482,1.0,CurationNote.canonical,
None,,nan,,CurationIssue.rdkit_failed
None,,nan,,CurationIssue.rdkit_failed
Cc1cnc(CNc2ncncc2-c2ccccc2Cl)cn1,CHEMBL1531837,0.0,CurationNote.canonical,
None,,nan,,CurationIssue.rdkit_failed
O=C(CC(c1ccccc1)c1ccccc1)NCC1CCCO1,CHEMBL1523936,0.0,CurationNote.canonical,
O=C1CS/C(=C\[N+](=O)[O-])N1c1ccc(OC(F)(F)F)cc1,CHEMBL1579455,0.0,CurationNote.canonical,
COc1ccccc1CN1CC[C@@]2(CCCN(S(=O)(=O)c3ccccc3)C2)C1,CHEMBL1446922,1.0,CurationNote.canonical,
CN(C)CC/C=C1\c2ccccc2COc2ccccc21,CHEMBL860,1.0,CurationNote.canonical,
COc1cccc(Nc2ncc3nc(-c4cccs4)c(=O)n(C[C@H]4CCCO4)c3n2)c1,CHEMBL1318480,0.0,CurationNote.canonical,
O=C(OC[C@@H](O)CO)c1ccccc1Nc1ccnc2cc(Cl)ccc12,CHEMBL1316219,0.0,CurationNote.canonical,
CN(C)CCCN1c2ccccc2CCc2ccc(Cl)cc21,CHEMBL415,1.0,CurationNote.canonical,CurationIssue.duplicate
CCCS(=O)(=O)N1CCCC(C(=O)NCCN2CCC(Cc3ccccc3)CC2)C1,CHEMBL1525716,1.0,CurationNote.canonical,
O=C(CSC1=NCCN1)Nc1ccccc1,CHEMBL1358009,1.0,CurationNote.canonical,
O=S(=O)(NC1CCN(Cc2ccccc2)CC1)c1cccc2cccnc12,CHEMBL1313506,1.0,CurationNote.canonical,
CCCn1c(-c2cccs2)nc2nc3ccccc3nc21,CHEMBL1399438,0.0,CurationNote.canonical,
COC(=O)C1=C(C)NC(C)=C(C(=O)OCCN(C)Cc2ccccc2)[C@@H]1c1cccc([N+](=O)[O-])c1,CHEMBL1598680,0.0,CurationNote.canonical,
Cc1ccccc1-c1cc(Nc2ccccc2)ncn1,CHEMBL1496934,0.0,CurationNote.canonical,
None,,nan,,CurationIssue.rdkit_failed
COc1ccccc1-c1nc(NCc2cccnc2)c2ccccc2n1,CHEMBL1490740,0.0,CurationNote.canonical,
CC(C)NC[C@@H](O)COc1cccc2ccccc12,CHEMBL275742,0.0,CurationNote.canonical,CurationIssue.duplicate
CC(C)CN1CC[C@@]2(CCCN(C(=O)c3ccco3)C2)C1,CHEMBL1357422,1.0,CurationNote.canonical,
,CHEMBL1592586,1.0,CurationNote.canonical,CurationIssue.duplicate
COc1ccc2nc(C)cc(SCC(=O)NNC(=O)COc3ccccc3)c2c1,CHEMBL1580159,1.0,CurationNote.canonical,
Cn1nc(C(F)(F)F)c(C(=O)Nc2ccc(F)cc2F)c1Sc1cccc(C(F)(F)F)c1,CHEMBL1567447,0.0,CurationNote.canonical,CurationIssue.inorganic
COc1ccc(O[C@H]2C=C[C@@H](c3ccccc3)O[C@@H]2CO/N=C(\C)CCN2CCCCc3nc(C)c(C)cc32)cc1,CHEMBL1332636,1.0,CurationNote.canonical,
None,,nan,,CurationIssue.rdkit_failed
C[N+](C)(C)C1=NNC2=Nc3ccccc3SC2=C1,CHEMBL1318766,1.0,CurationNote.canonical,
None,,nan,,CurationIssue.rdkit_failed
CCCNC(=O)CC(NS(=O)(=O)c1ccc(Cl)cc1)c1ccco1,CHEMBL1742228,1.0,CurationNote.canonical,
CN1CCN(c2ccc([N+](=O)[O-])cc2NC(=O)c2ccccc2Cl)CC1,CHEMBL1609857,0.0,CurationNote.canonical,
COc1ccccc1-c1nc(NCc2cnc(C)cn2)c2ccccc2n1,CHEMBL1592213,0.0,CurationNote.canonical,
Cc1ccc(Cc2cnc(NC(=O)c3cccs3)s2)cc1,CHEMBL476513,0.0,CurationNote.canonical,
None,,nan,,CurationIssue.rdkit_failed
None,,nan,,CurationIssue.rdkit_failed
None,,nan,,CurationIssue.rdkit_failed
None,R-KETOPROFEN,nan,,CurationIssue.rdkit_failed
None,,nan,,CurationIssue.rdkit_failed
None,,nan,,CurationIssue.rdkit_failed
CCn1ccc(C(=O)Oc2ccc(Cl)cc2)n1,CHEMBL1417002,0.0,CurationNote.canonical,
O=C(c1cnccn1)N1CCC2(CCCN(c3ncccn3)C2)CC1,CHEMBL1394371,0.0,CurationNote.canonical,
C/C(=N\NC(=O)Cc1ccccc1)c1cccs1,CHEMBL3210631,0.0,CurationNote.canonical,
CCc1ccccc1NC(=O)CSc1nc(-c2ccccc2)nn1C(=O)c1cccc([N+](=O)[O-])c1,CHEMBL1542159,1.0,CurationNote.canonical,CurationIssue.inorganic
None,,nan,,CurationIssue.rdkit_failed
None,,nan,,CurationIssue.rdkit_failed
O=c1c(-c2cccs2)nc2cnc(N3CCNCC3)nc2n1-c1ccccc1,CHEMBL1355909,0.0,CurationNote.canonical,
COc1ccc(N(CC(=O)NCc2cccc(OC)c2)S(=O)(=O)c2c(C)noc2C)cc1,CHEMBL1742296,0.0,CurationNote.canonical,
None,,nan,,CurationIssue.rdkit_failed
None,,nan,,CurationIssue.rdkit_failed
None,,nan,,CurationIssue.rdkit_failed
None,,nan,,CurationIssue.rdkit_failed
None,,nan,,CurationIssue.rdkit_failed
None,,nan,,CurationIssue.rdkit_failed
None,,nan,,CurationIssue.rdkit_failed
None,,nan,,CurationIssue.rdkit_failed
None,,nan,,CurationIssue.rdkit_failed
None,,nan,,CurationIssue.rdkit_failed
None,,nan,,CurationIssue.rdkit_failed
None,,nan,,CurationIssue.rdkit_failed
None,,nan,,CurationIssue.rdkit_failed
None,,nan,,CurationIssue.rdkit_failed
None,,nan,,CurationIssue.rdkit_failed
None,,nan,,CurationIssue.rdkit_failed
None,,nan,,CurationIssue.rdkit_failed
Oc1c(CN2CCOCC2)cc(-c2ccccc2)cc1CN1CCOCC1,CHEMBL1525376,0.0,CurationNote.canonical,
CCNc1ncc2nc(-c3cn(C)c4ccccc34)c(=O)n(CCC#N)c2n1,CHEMBL1376290,1.0,CurationNote.canonical,
COC(=O)N1CCC2(CCN(CC(C)C)CC2)CC1,CHEMBL1525180,1.0,CurationNote.canonical,
c1ccc(Nc2ncnc3ccc(-c4ccc5c(c4)OCO5)cc23)cc1,CHEMBL1552270,1.0,CurationNote.canonical,
Fc1ccc(Nc2ccnc(-c3ccc4c(c3)OCO4)n2)cc1,CHEMBL1357444,1.0,CurationNote.canonical,
CCc1cccc(CC)c1NC(=O)CN1CC(C)S/C1=N\C1CCCCC1,CHEMBL3189655,1.0,CurationNote.canonical,
COc1ccc(CNc2ncncc2-c2ccccc2C(F)(F)F)c(OC)c1,CHEMBL489943,1.0,CurationNote.canonical,
CCCOc1cccc(-c2cc(-c3nnc(S)n3CC)c3ccccc3n2)c1,CHEMBL1309557,1.0,CurationNote.canonical,
CCOC(=O)C1CCN(Cc2cnc(Oc3ccc(OC)cc3)s2)CC1,CHEMBL1408315,0.0,CurationNote.canonical,
CCN(CC)CCOc1ccc(Cc2ccccc2)cc1,CHEMBL26424,0.0,CurationNote.canonical,
N#Cc1cccc(NC(=O)N2CCC3(CC2)CCN(C(=O)c2csnn2)CC3)c1,CHEMBL1555238,0.0,CurationNote.canonical,
COc1ccc(Oc2ncc3nc(C)c(=O)n(Cc4cccs4)c3n2)cc1,CHEMBL1415957,0.0,CurationNote.canonical,
CCCc1cc2c(n1Cc1cccc(Cl)c1)C(C)C1CN(C(=O)c3ccccc3)C(C)(C(=O)OC)C21,CHEMBL1453244,0.0,CurationNote.canonical,
CC(C)(C)NC(=O)CN(Cc1cccs1)C(=O)CCC(=O)Nc1nccs1,CHEMBL1741345,0.0,CurationNote.canonical,
CCOc1cc(/C=N/NC(=O)c2cccc([N+](=O)[O-])c2)ccc1OS(=O)(=O)c1ccccc1,CHEMBL3208849,1.0,CurationNote.canonical,
Cc1c(C)n(C)c2ccc(C(=O)Nc3cccc4ccccc34)cc12,CHEMBL1467717,0.0,CurationNote.canonical,
COc1ccc2[nH]cc(CCNc3ncncc3-c3ccccc3C(F)(F)F)c2c1,CHEMBL1450521,1.0,CurationNote.canonical,
Nc1nc(Cc2ccccc2)nc(Cc2ccccc2)c1-c1ccccc1,CHEMBL1410759,1.0,CurationNote.canonical,
COc1ccccc1CNC(=O)CSc1nc2nc(C)cc(C)n2n1,CHEMBL1347066,0.0,CurationNote.canonical,CurationIssue.inorganic
None,,nan,,CurationIssue.rdkit_failed
FC(F)(F)c1ccccc1-c1ccc2ncnc(NCc3cccs3)c2c1,CHEMBL1357724,1.0,CurationNote.canonical,
COc1ccccc1NCc1nnc(SCC(=O)N/N=C/c2ccco2)n1-c1ccc(Cl)cc1Cl,CHEMBL3192068,0.0,CurationNote.canonical,
None,,nan,,CurationIssue.rdkit_failed
None,,nan,,CurationIssue.rdkit_failed
None,,nan,,CurationIssue.rdkit_failed
None,,nan,,CurationIssue.rdkit_failed
None,,nan,,CurationIssue.rdkit_failed
None,,nan,,CurationIssue.rdkit_failed
None,,nan,,CurationIssue.rdkit_failed
None,,nan,,CurationIssue.rdkit_failed
None,,nan,,CurationIssue.rdkit_failed
None,,nan,,CurationIssue.rdkit_failed
None,,nan,,CurationIssue.rdkit_failed
CCOc1ccc(C(=O)Nc2cnn(Cc3ccc(Cl)c(Cl)c3)c2)cc1,CHEMBL1540150,0.0,CurationNote.canonical,
[O-][S+](Cc1cc(Oc2ccccc2)nc(-c2ccccc2)n1)c1ccccc1,CHEMBL1480575,1.0,CurationNote.canonical,
COc1cccc(-c2nc(NCc3ccccc3OC)c3ccccc3n2)c1,CHEMBL1515717,1.0,CurationNote.canonical,
CC(/C=N/NC(=O)Cc1cccs1)=C\c1ccco1,CHEMBL3208106,0.0,CurationNote.canonical,
CN(CCc1ccc(Cl)c(Cl)c1)CCN1CCCCCC1,CHEMBL356688,1.0,CurationNote.canonical,
O=C(NCCc1ccccc1)N1c2ccccc2Sc2ccccc21,CHEMBL602314,0.0,CurationNote.canonical,CurationIssue.inorganic
O=c1c2ccccc2nnn1CSc1ccc2c(c1)OCCO2,CHEMBL1542047,0.0,CurationNote.canonical,CurationIssue.inorganic
Cn1c(=N)c(S(=O)(=O)c2ccc(F)cc2)cc2c(=O)n3ccccc3nc21,CHEMBL1299891,1.0,CurationNote.canonical,
CS(=O)(=O)O.Cc1ccc(N(CC2=NCCN2)c2cccc(O)c2)cc1,CHEMBL1200873,1.0,CurationNote.canonical,CurationIssue.mixture
CC(CO)Nc1nc(SCc2ccccc2)nc2sc3c(c12)CCC3,CHEMBL1310810,0.0,CurationNote.canonical,
O=C(c1ccco1)N1CCC2(CC1)CN(C(c1ccccc1)c1ccccc1)C2,CHEMBL1320619,1.0,CurationNote.canonical,
Cc1cccc(Oc2ncc(-c3ccc(Cl)cc3)cn2)c1C,CHEMBL1425511,0.0,CurationNote.canonical,
N#Cc1ccc(CN2CC[C@@]3(CCCN(C(=O)c4cnccn4)C3)C2)cc1,CHEMBL1514110,0.0,CurationNote.canonical,
C/C(=N\N1CCN(C2c3ccccc3-c3ccccc32)CC1)c1cccnc1,CHEMBL3195867,1.0,CurationNote.canonical,
Cl.ClCCNc1nc2cc(Cl)ccc2[nH]1,CHEMBL1429762,1.0,CurationNote.canonical,CurationIssue.mixture
COc1cc(OC)cc(C(=O)NC(=S)NCCc2ccccc2)c1,CHEMBL1574831,1.0,CurationNote.canonical,
None,,nan,,CurationIssue.rdkit_failed
None,,nan,,CurationIssue.rdkit_failed
None,,nan,,CurationIssue.rdkit_failed
None,,nan,,CurationIssue.rdkit_failed
None,,nan,,CurationIssue.rdkit_failed
None,,nan,,CurationIssue.rdkit_failed
None,,nan,,CurationIssue.rdkit_failed
None,MYRICETIN,nan,,CurationIssue.rdkit_failed
None,,nan,,CurationIssue.rdkit_failed
None,,nan,,CurationIssue.rdkit_failed
None,,nan,,CurationIssue.rdkit_failed
None,,nan,,CurationIssue.rdkit_failed
None,,nan,,CurationIssue.rdkit_failed
None,,nan,,CurationIssue.rdkit_failed
None,,nan,,CurationIssue.rdkit_failed
None,,nan,,CurationIssue.rdkit_failed
None,,nan,,CurationIssue.rdkit_failed
None,,nan,,CurationIssue.rdkit_failed
None,,nan,,CurationIssue.rdkit_failed
None,,nan,,CurationIssue.rdkit_failed
None,,nan,,CurationIssue.rdkit_failed
None,,nan,,CurationIssue.rdkit_failed
None,,nan,,CurationIssue.rdkit_failed
None,,nan,,CurationIssue.rdkit_failed
None,,nan,,CurationIssue.rdkit_failed
None,,nan,,CurationIssue.rdkit_failed
None,PYROPHOSPHORIC ACID,nan,,CurationIssue.rdkit_failed
None,,nan,,CurationIssue.rdkit_failed
None,,nan,,CurationIssue.rdkit_failed
None,,nan,,CurationIssue.rdkit_failed
None,,nan,,CurationIssue.rdkit_failed
None,,nan,,CurationIssue.rdkit_failed
None,,nan,,CurationIssue.rdkit_failed
None,,nan,,CurationIssue.rdkit_failed
Clc1ccccc1-c1nc(NCCN2CCOCC2)c2ccccc2n1,CHEMBL1518035,0.0,CurationNote.canonical,
O=C(Nc1ccnc(-c2cccnc2)n1)c1ccccc1Cl,CHEMBL1588553,0.0,CurationNote.canonical,
CC(=O)OC[C@@H]1O[C@H](C/C=N\O[C@@H](C)CN2CCCCc3nc(C)c(C)cc32)C=C[C@@H]1OC(C)=O,CHEMBL1475151,1.0,CurationNote.canonical,
c1ccc2c(NC3CCNCC3)nc(-c3ccoc3)nc2c1,CHEMBL1356029,1.0,CurationNote.canonical,
NCCC(=O)NCCc1c[nH]cn1,CHEMBL461024,0.0,CurationNote.canonical,
O=C1CC(c2ccc3c(c2)OCO3)Sc2nc3ccccc3n21,CHEMBL1393189,1.0,CurationNote.canonical,CurationIssue.inorganic
CN(C)c1ccc(-c2nccc(NCc3ccccc3)n2)cc1,CHEMBL1397517,1.0,CurationNote.canonical,
CCC1=C(C[C@H]2NCCc3cc(OC)c(OC)cc32)C[C@H]2c3ccccc3CCN2C1,CHEMBL1554654,1.0,CurationNote.canonical,
Fc1ccc(C(OCCN2CCN(C/C=C\c3ccccc3)CC2)c2ccc(F)cc2)cc1,CHEMBL1517172,1.0,CurationNote.canonical,
COc1ccc(CNc2ncnc3ccc(-c4ccccc4CN(C)C)cc23)c(OC)c1,CHEMBL474415,1.0,CurationNote.canonical,
COc1ccc(Nc2nc(N3CCCCC3)c3ccccc3n2)cc1,CHEMBL1379149,1.0,CurationNote.canonical,
Cc1ccccc1-c1ccc2ncnc(-n3ccnc3)c2c1,CHEMBL1435409,0.0,CurationNote.canonical,
COCC(=O)N1CCC2(CC1)CN(C(c1ccccc1)c1ccccc1)C2,CHEMBL1552897,1.0,CurationNote.canonical,
CN1[C@H]2CC[C@@H]1CC(OC(c1ccc(F)cc1)c1ccc(F)cc1)C2,CHEMBL1552961,1.0,CurationNote.canonical,
O=C(NC1CCCc2ccccc21)C1CCN(S(=O)(=O)N2CCCCCC2)CC1,CHEMBL1343012,0.0,CurationNote.canonical,
CCOC(=O)Nc1ccc2c(c1)OCO2,CHEMBL1363474,0.0,CurationNote.canonical,
None,,nan,,CurationIssue.rdkit_failed
None,,nan,,CurationIssue.rdkit_failed
None,,nan,,CurationIssue.rdkit_failed
None,,nan,,CurationIssue.rdkit_failed
None,,nan,,CurationIssue.rdkit_failed
O=C1OCC(CO)(CO)N=C1NNc1ccc(Cl)c(Cl)c1,CHEMBL1448161,1.0,CurationNote.canonical,
None,,nan,,CurationIssue.rdkit_failed
None,,nan,,CurationIssue.rdkit_failed
None,,nan,,CurationIssue.rdkit_failed
None,,nan,,CurationIssue.rdkit_failed
None,MIGALASTAT,nan,,CurationIssue.rdkit_failed
None,,nan,,CurationIssue.rdkit_failed
None,,nan,,CurationIssue.rdkit_failed
None,,nan,,CurationIssue.rdkit_failed
None,,nan,,CurationIssue.rdkit_failed
None,,nan,,CurationIssue.rdkit_failed
None,,nan,,CurationIssue.rdkit_failed
None,,nan,,CurationIssue.rdkit_failed
None,,nan,,CurationIssue.rdkit_failed
None,,nan,,CurationIssue.rdkit_failed
None,,nan,,CurationIssue.rdkit_failed
None,,nan,,CurationIssue.rdkit_failed
None,,nan,,CurationIssue.rdkit_failed
None,,nan,,CurationIssue.rdkit_failed
None,,nan,,CurationIssue.rdkit_failed
None,,nan,,CurationIssue.rdkit_failed
None,,nan,,CurationIssue.rdkit_failed
None,,nan,,CurationIssue.rdkit_failed
None,,nan,,CurationIssue.rdkit_failed
None,,nan,,CurationIssue.rdkit_failed
None,,nan,,CurationIssue.rdkit_failed
None,,nan,,CurationIssue.rdkit_failed
None,,nan,,CurationIssue.rdkit_failed
None,DIZOCILPINE,nan,,CurationIssue.rdkit_failed
None,,nan,,CurationIssue.rdkit_failed
None,METICRANE,nan,,CurationIssue.rdkit_failed
None,,nan,,CurationIssue.rdkit_failed
None,(-)-ROLIPRAM,nan,,CurationIssue.rdkit_failed
None,,nan,,CurationIssue.rdkit_failed
None,,nan,,CurationIssue.rdkit_failed
None,,nan,,CurationIssue.rdkit_failed
None,,nan,,CurationIssue.rdkit_failed
None,,nan,,CurationIssue.rdkit_failed
COc1ccc2[nH]c(Sc3c([N+](=O)[O-])nc(C)n3Cc3ccccc3)nc2c1,CHEMBL1372952,0.0,CurationNote.canonical,CurationIssue.inorganic
C=CCN1CCc2cccc3c2[C@@H]1Cc1ccc(O)c(O)c1-3,CHEMBL319557,0.0,CurationNote.canonical,
COC(=O)c1ccc(NC(=O)Cn2nc(-c3ccncc3)nc2SCC(=O)Nc2nccs2)cc1,CHEMBL1464417,1.0,CurationNote.canonical,
None,,nan,,CurationIssue.rdkit_failed
None,,nan,,CurationIssue.rdkit_failed
None,,nan,,CurationIssue.rdkit_failed
None,ARGININE,nan,,CurationIssue.rdkit_failed
None,,nan,,CurationIssue.rdkit_failed
None,,nan,,CurationIssue.rdkit_failed
None,2S,4R-4-METHYLGLUTAMATE,nan,,CurationIssue.rdkit_failed
None,,nan,,CurationIssue.rdkit_failed
None,,nan,,CurationIssue.rdkit_failed
None,,nan,,CurationIssue.rdkit_failed
None,,nan,,CurationIssue.rdkit_failed
None,,nan,,CurationIssue.rdkit_failed
None,,nan,,CurationIssue.rdkit_failed
N=C(N)S[C@H]1c2ccccc2-c2cc([N+](=O)[O-])ccc21,CHEMBL1395009,1.0,CurationNote.canonical,
CN(C)c1ccc(-c2nccc(NCCN3CCOCC3)n2)cc1,CHEMBL1357872,0.0,CurationNote.canonical,
CN(Cc1ccco1)c1cc(-c2ccc3c(c2)OCO3)ncn1,CHEMBL1315373,0.0,CurationNote.canonical,
CCCC[C@@H]1C[C@H]1C(NC(=O)c1ccco1)c1ccc(-c2ccccc2)cc1,CHEMBL1566936,0.0,CurationNote.canonical,
Clc1ccc(C2=C3CCCCn4c(-c5ccccc5)c[n+](c43)C2)cc1.[Br-],CHEMBL1441508,1.0,CurationNote.canonical,CurationIssue.mixture
CC1(C)C(=O)N=C2C1=C(O)C(=O)c1ccccc12,CHEMBL580421,1.0,CurationNote.canonical,
Cc1ccc(-[n+]2cc(=O)o[nH]2)cc1,CHEMBL1358816,1.0,CurationNote.canonical,
COc1cccc(-c2cc(NCc3ccccc3)ncn2)c1,CHEMBL1436024,0.0,CurationNote.canonical,
None,,nan,,CurationIssue.rdkit_failed
None,,nan,,CurationIssue.rdkit_failed
None,,nan,,CurationIssue.rdkit_failed
None,,nan,,CurationIssue.rdkit_failed
None,,nan,,CurationIssue.rdkit_failed
None,,nan,,CurationIssue.rdkit_failed
None,,nan,,CurationIssue.rdkit_failed
CCOc1ccc(C(=O)Nc2ccc(Cl)cn2)cc1Cl,CHEMBL1330067,1.0,CurationNote.canonical,
Cc1ccc(CNC(=O)c2nnn(-c3cccc(C)c3)c2N)cc1,CHEMBL1370377,0.0,CurationNote.canonical,
O[C@H](COc1ccccc1)CN1CCCCC1,CHEMBL1358085,1.0,CurationNote.canonical,
Cc1ccc(SCCNC(=O)c2ccc(C)c(S(=O)(=O)Nc3ccccc3C)c2)cc1,CHEMBL1376755,1.0,CurationNote.canonical,
O=C1[C@H]2CC[C@H]3/C(=N\OCc4ccccc4)C[C@@H](O)[C@@H](O)[C@@H]3[C@@H]2C(=O)N1c1cccc(Oc2ccccc2)c1,CHEMBL1322329,1.0,CurationNote.canonical,
COc1ccccc1CNc1ccnc(-c2cccc(C#N)c2)n1,CHEMBL1551200,0.0,CurationNote.canonical,
COc1ccccc1-c1ccc2ncnc(N(C)C)c2c1,CHEMBL1408856,0.0,CurationNote.canonical,
O=C(CN(Cc1ccccc1Cl)C(=O)c1ccc(CN2CCOCC2)o1)NCC1CCCO1,CHEMBL1741439,1.0,CurationNote.canonical,
C=CCc1ccccc1OC[C@H](O)CNC(C)C,CHEMBL1395661,1.0,CurationNote.canonical,CurationIssue.duplicate
Cc1ccc(S(=O)(=O)N2CCN(C(=O)c3ccccc3)C2C(C)C)cc1,CHEMBL1564665,0.0,CurationNote.canonical,
CN(C)c1ncnc2ccc(-c3ccccc3C(F)(F)F)cc12,CHEMBL1512540,0.0,CurationNote.canonical,
COC(=O)[C@H](Cc1ccccc1)NC(=O)C/C=C\[C@@H](C)[C@@H](CO)OC,CHEMBL1495395,1.0,CurationNote.canonical,
O=C(COc1ccc(F)cc1)Nc1nnc(-c2ccncc2)s1,CHEMBL1442612,1.0,CurationNote.canonical,
c1ccc(-c2nnn(CCN3CCCCC3)n2)cc1,CHEMBL1492063,1.0,CurationNote.canonical,
CCN(c1nc(N)c(C(=O)NC(=N)N)nc1Cl)C(C)C,CHEMBL517986,0.0,CurationNote.canonical,
COc1ccccc1-c1ccc2ncnc(NCCN3CCOCC3)c2c1,CHEMBL1513121,0.0,CurationNote.canonical,
COc1ccc(CNc2ccnc(-c3ccc4c(c3)OCO4)n2)c(OC)c1,CHEMBL1405461,1.0,CurationNote.canonical,
Cl.O=C(CN1CCN(C2CCCCC2)CC1)NCCC1=CCCCC1,CHEMBL1421173,0.0,CurationNote.canonical,CurationIssue.mixture
O=C(c1cccc(F)c1)N1CCC2(CCN(Cc3ccncc3)CC2)CC1,CHEMBL1514390,0.0,CurationNote.canonical,
COc1ccc(C(=O)NCC(=O)OCc2cccc(Br)c2)cc1,CHEMBL1374605,0.0,CurationNote.canonical,
Cc1ccccc1-c1cncnc1NCCN1CCOCC1,CHEMBL1442173,0.0,CurationNote.canonical,
None,,nan,,CurationIssue.rdkit_failed
None,,nan,,CurationIssue.rdkit_failed
None,,nan,,CurationIssue.rdkit_failed
None,,nan,,CurationIssue.rdkit_failed
None,,nan,,CurationIssue.rdkit_failed
None,,nan,,CurationIssue.rdkit_failed
None,,nan,,CurationIssue.rdkit_failed
None,,nan,,CurationIssue.rdkit_failed
None,,nan,,CurationIssue.rdkit_failed
None,,nan,,CurationIssue.rdkit_failed
None,,nan,,CurationIssue.rdkit_failed
None,,nan,,CurationIssue.rdkit_failed
None,,nan,,CurationIssue.rdkit_failed
None,,nan,,CurationIssue.rdkit_failed
None,,nan,,CurationIssue.rdkit_failed
None,,nan,,CurationIssue.rdkit_failed
None,,nan,,CurationIssue.rdkit_failed
None,,nan,,CurationIssue.rdkit_failed
None,,nan,,CurationIssue.rdkit_failed
None,,nan,,CurationIssue.rdkit_failed
None,,nan,,CurationIssue.rdkit_failed
None,,nan,,CurationIssue.rdkit_failed
None,,nan,,CurationIssue.rdkit_failed
None,,nan,,CurationIssue.rdkit_failed
None,,nan,,CurationIssue.rdkit_failed
None,,nan,,CurationIssue.rdkit_failed
None,PIRETANIDE,nan,,CurationIssue.rdkit_failed
None,,nan,,CurationIssue.rdkit_failed
None,,nan,,CurationIssue.rdkit_failed
None,,nan,,CurationIssue.rdkit_failed
None,,nan,,CurationIssue.rdkit_failed
None,,nan,,CurationIssue.rdkit_failed
None,,nan,,CurationIssue.rdkit_failed
None,,nan,,CurationIssue.rdkit_failed
None,,nan,,CurationIssue.rdkit_failed
None,,nan,,CurationIssue.rdkit_failed
CCOC(=O)c1oc2nc(CC(C)C)c3c(c2c1N)CCC3,CHEMBL1388180,0.0,CurationNote.canonical,
CCOC(=O)N1CCN(Cc2nc(-c3ccc(Cl)cc3)no2)CC1,CHEMBL1490894,0.0,CurationNote.canonical,
COC(=O)C(CC(C)C)NC(=O)C(N)Cc1ccccc1.Cl,CHEMBL1699675,0.0,CurationNote.canonical,CurationIssue.mixture
CCc1cc2c(nc1CC)CCN(CC/C(C)=N/O[C@@H](C)CN1CCCc3nc(C)c(C)cc31)C2,CHEMBL1396829,1.0,CurationNote.canonical,
c1ccc2[nH]c(-c3cscn3)nc2c1,CHEMBL625,1.0,CurationNote.canonical,
C[C@@H](C(=O)NCc1nc2ccccc2[nH]1)[C@@H]1C[C@@]1(C)[C@@H](NC(=O)OCc1ccccc1)c1ccccc1,CHEMBL1610944,0.0,CurationNote.canonical,
CC1CCN(CC[C@@H]2CCCN2S(=O)(=O)c2cccc(O)c2)CC1,CHEMBL561144,0.0,CurationNote.canonical,
Nc1nnc(-c2cccc(Cl)c2Cl)c(N)n1,CHEMBL741,1.0,CurationNote.canonical,
Cc1ccc(NC(=O)Cc2ncc(C(F)(F)F)cc2Cl)cc1Cl,CHEMBL1497610,1.0,CurationNote.canonical,
Cc1cc(C)cc(C(=O)OC2C[C@@H]3CC[C@H](C2)N3C)c1,CHEMBL1476871,1.0,CurationNote.canonical,
COn1c(SCc2ccc(C)cc2C)nc2ccccc2c1=O,CHEMBL1545653,1.0,CurationNote.canonical,
O=C(c1cnccn1)N1CCC2(CC1)CN(Cc1cc(C(F)(F)F)cc(C(F)(F)F)c1)C2,CHEMBL1606990,1.0,CurationNote.canonical,
CNCCCC12CCC(c3ccccc31)c1ccccc12,CHEMBL21731,0.0,CurationNote.canonical,
Cc1cccc(CNc2ccnc(-c3cccnc3)n2)c1,CHEMBL1317461,1.0,CurationNote.canonical,
COc1cc2c(cc1O)[C@H]1Cc3ccc(OC)c(O)c3CN1CC2,CHEMBL1395394,1.0,CurationNote.canonical,
O=c1cnc2cnc(OCc3ccccc3)nc2n1Cc1ccc(F)cc1,CHEMBL1596952,0.0,CurationNote.canonical,
CCOC(=O)c1sc(C)c(C(=O)NCC(C)(C)CN(C)C)c1N,CHEMBL1584442,1.0,CurationNote.canonical,
Cn1sc(NC(=O)c2ccccc2Cl)nc1=O,CHEMBL1461234,0.0,CurationNote.canonical,
O=C(c1ccncc1)N1CCC2(CC1)CCN(c1ncccn1)CC2,CHEMBL1451768,0.0,CurationNote.canonical,
Clc1cccc(Cl)c1NC1=NCCN1,CHEMBL134,1.0,CurationNote.canonical,
CC(C)CNC(=O)c1ccc(COc2ccc(Cl)cc2Cl)o1,CHEMBL1463140,0.0,CurationNote.canonical,
Cc1cccc(CN(C)CCc2ccccn2)c1,CHEMBL1597539,1.0,CurationNote.canonical,
CC(C)(C)NC[C@H](O)COc1nsnc1N1CCOCC1,CHEMBL499,1.0,CurationNote.canonical,CurationIssue.duplicate
CCN1CCCC1CNC(=O)CSCc1nc(-c2ccccc2C)oc1C,CHEMBL1536766,1.0,CurationNote.canonical,
CN(C)c1ccc(-c2cncnc2NCc2ccccc2)cc1,CHEMBL1516232,0.0,CurationNote.canonical,
C[C@]12CC[C@@H]3[C@H](CC[C@H]4C[C@@H](O)CC[C@@]43C)[C@@H]1CCC2=O,CHEMBL1326153,0.0,CurationNote.canonical,
C#CCCCO/N=C1/C[C@@H](O)[C@@H](O)[C@@H]2[C@@H]3C(=O)N(C(C)(C)C)C(=O)[C@H]3CC[C@@H]12,CHEMBL1434199,1.0,CurationNote.canonical,
CC/C(=C(\c1ccccc1)c1ccc(OCCN(C)C)cc1)c1ccccc1.O=C(O)CC(O)(CC(=O)O)C(=O)O,CHEMBL786,0.0,CurationNote.canonical,CurationIssue.mixture
CCN(CC)CCOC(=O)[C@@H](c1ccccc1)C1CCCCC1,CHEMBL1560567,1.0,CurationNote.canonical,
None,,nan,,CurationIssue.rdkit_failed
None,,nan,,CurationIssue.rdkit_failed
None,,nan,,CurationIssue.rdkit_failed
None,,nan,,CurationIssue.rdkit_failed
None,,nan,,CurationIssue.rdkit_failed
None,,nan,,CurationIssue.rdkit_failed
None,,nan,,CurationIssue.rdkit_failed
None,,nan,,CurationIssue.rdkit_failed
None,,nan,,CurationIssue.rdkit_failed
None,,nan,,CurationIssue.rdkit_failed
None,,nan,,CurationIssue.rdkit_failed
None,,nan,,CurationIssue.rdkit_failed
None,,nan,,CurationIssue.rdkit_failed
None,,nan,,CurationIssue.rdkit_failed
None,,nan,,CurationIssue.rdkit_failed
None,,nan,,CurationIssue.rdkit_failed
None,,nan,,CurationIssue.rdkit_failed
None,,nan,,CurationIssue.rdkit_failed
None,,nan,,CurationIssue.rdkit_failed
COc1ccc(-n2nc([N+](=O)[O-])c(NCCc3ccc(Cl)cc3)[n+]2[O-])cc1,CHEMBL1425367,0.0,CurationNote.canonical,
Cc1cc(C)c2c(N)c3ccccc3nc2n1,CHEMBL1331702,0.0,CurationNote.canonical,
None,,nan,,CurationIssue.rdkit_failed
None,,nan,,CurationIssue.rdkit_failed
None,,nan,,CurationIssue.rdkit_failed
None,,nan,,CurationIssue.rdkit_failed
None,,nan,,CurationIssue.rdkit_failed
None,,nan,,CurationIssue.rdkit_failed
None,,nan,,CurationIssue.rdkit_failed
Cn1c(-c2sc(=S)n(-c3ccccc3)c2N)nc2ccccc21,CHEMBL1522087,1.0,CurationNote.canonical,
None,,nan,,CurationIssue.rdkit_failed
None,,nan,,CurationIssue.rdkit_failed
None,,nan,,CurationIssue.rdkit_failed
None,,nan,,CurationIssue.rdkit_failed
None,,nan,,CurationIssue.rdkit_failed
None,,nan,,CurationIssue.rdkit_failed
None,TRIMETHOBENZAMIDE,nan,,CurationIssue.rdkit_failed
None,,nan,,CurationIssue.rdkit_failed
None,,nan,,CurationIssue.rdkit_failed
None,,nan,,CurationIssue.rdkit_failed
None,,nan,,CurationIssue.rdkit_failed
None,,nan,,CurationIssue.rdkit_failed
None,,nan,,CurationIssue.rdkit_failed
Cc1cc(Cn2cnc3c2C[C@@H](C(=O)O)N(C(=O)C(c2ccccc2)c2ccccc2)C3)ccc1N(C)C.O=C(O)C(F)(F)F.O=C(O)C(F)(F)F,CHEMBL157946,0.0,CurationNote.canonical,CurationIssue.mixture
Cc1cc(C(C)(C)C)cc(C)c1CC1=NCCN1,CHEMBL312448,1.0,CurationNote.canonical,CurationIssue.duplicate
CN(C)C/C=C(\c1ccc(Br)cc1)c1cccnc1,CHEMBL354646,1.0,CurationNote.canonical,
COC(=O)c1ccccc1Oc1c(F)c(F)nc(N2CCOCC2)c1F,CHEMBL1500174,0.0,CurationNote.canonical,
CCCN1CCC(=NNC(=O)c2ccc(Br)o2)CC1,CHEMBL1366778,1.0,CurationNote.canonical,
None,,nan,,CurationIssue.rdkit_failed
None,,nan,,CurationIssue.rdkit_failed
None,,nan,,CurationIssue.rdkit_failed
Cc1c(NC(=O)OCCNC(=O)Nc2ccccc2)sc(=S)n1C,CHEMBL1349241,0.0,CurationNote.canonical,
Cc1cc(S(=O)(=O)NCCCN2CCOCC2)ccc1F,CHEMBL1486583,0.0,CurationNote.canonical,
CCCCNC(=O)C1CC(=O)N(c2ccc(OC)cc2)C1c1ccc(OC)cc1,CHEMBL1335882,0.0,CurationNote.canonical,
Cc1cc(C(=O)NCc2ccccc2)no1,CHEMBL1499633,0.0,CurationNote.canonical,
CN(Cc1ccco1)c1ncnc2ccc(-c3cccc(C#N)c3)cc12,CHEMBL1514027,0.0,CurationNote.canonical,
NC(=O)c1ccc(OC[C@H](O)CN2CC=C(c3ccc(F)cc3)CC2)cc1,CHEMBL1472903,0.0,CurationNote.canonical,
Sc1ccc2ccccc2c1CNCc1ccccc1,CHEMBL1371696,1.0,CurationNote.canonical,CurationIssue.inorganic
Cc1c2ccncc2c(C)c2c1[nH]c1ccccc12,CHEMBL123,1.0,CurationNote.canonical,
CS(=O)(=O)N1CCC[C@@]2(CCN(Cc3nccs3)C2)C1,CHEMBL1592202,0.0,CurationNote.canonical,
O=C(CN1CCN(c2ccc(Cl)cc2)CC1)Nc1cccc(F)c1,CHEMBL1505375,1.0,CurationNote.canonical,
C[N+]1(CC(=O)Nc2ccc(F)cc2)CCN(C(=O)c2ccco2)CC1.[Cl-],CHEMBL1741391,1.0,CurationNote.canonical,CurationIssue.mixture
CCCc1cc2c(n1CCc1ccc(Cl)cc1)C(C)C1CN(C(=O)c3ccccc3)C(C)(C(=O)OC)C21,CHEMBL1453216,1.0,CurationNote.canonical,
COc1ccc2cc3cc(C(=O)NCc4ccccn4)oc3nc2c1,CHEMBL1492178,0.0,CurationNote.canonical,
CC[n+]1c(C=CN(C)c2ccccc2)sc2ccc(Cl)cc21.[O-][Cl+3]([O-])([O-])[O-],CHEMBL1312953,1.0,CurationNote.canonical,CurationIssue.mixture
COc1ccccc1CN1CCCC2(CCN(C(=O)c3c(C)noc3C)CC2)C1,CHEMBL1592364,0.0,CurationNote.canonical,
CCn1c(SCC(=O)c2ccc3ccccc3c2)nnc1-c1cccs1,CHEMBL1468272,0.0,CurationNote.canonical,
COc1ccc(OC)c(/C=N/NC(=O)c2csc3ccccc23)c1,CHEMBL3209359,0.0,CurationNote.canonical,
COc1ccccc1CN(Cc1cc2cc3c(cc2nc1O)OCCO3)Cc1nnnn1Cc1ccco1,CHEMBL1538161,0.0,CurationNote.canonical,
Fc1ccc(-c2cnc(-c3cccs3)o2)cc1,CHEMBL1378710,0.0,CurationNote.canonical,
FC(F)(F)c1ccccc1-c1nccc(NCc2ccccc2)n1,CHEMBL1552677,0.0,CurationNote.canonical,
c1cc(CNCCCN2CCOCC2)ccn1,CHEMBL1720911,0.0,CurationNote.canonical,
O=S(=O)(c1cccc2c(I)cccc12)N1CCCNCC1,CHEMBL249089,1.0,CurationNote.canonical,
None,,nan,,CurationIssue.rdkit_failed
None,,nan,,CurationIssue.rdkit_failed
None,,nan,,CurationIssue.rdkit_failed
None,,nan,,CurationIssue.rdkit_failed
CCOc1ccc(-n2c(Cc3ccccc3)nnc2SCc2c(C)noc2C)cc1,CHEMBL1409446,0.0,CurationNote.canonical,
O=C(Cc1cccs1)NNC(=S)NCc1ccc(Cl)cc1,CHEMBL1504920,1.0,CurationNote.canonical,
CCOC(=O)c1c(C)n(C)c2ccc(OC)c(NC(=O)CN3CCN(Cc4ccccc4)CC3)c12,CHEMBL1300755,1.0,CurationNote.canonical,
O=C1NCN(c2ccccc2)C12CCN(CCCC(c1ccc(F)cc1)c1ccc(F)cc1)CC2,CHEMBL46516,1.0,CurationNote.canonical,CurationIssue.duplicate
CCNc1ncc2nc(-c3ccc(F)cc3)c(=O)n(CCOC)c2n1,CHEMBL1515374,1.0,CurationNote.canonical,
Cc1cc(OCc2ccc([N+](=O)[O-])cc2)c2c3c(c(=O)oc2c1)CCCC3,CHEMBL1408908,1.0,CurationNote.canonical,
C/C(CCN1CCCCc2nc(C)c(C)cc21)=N\O[C@@H](C)CN1CCCc2nc(C)c(C)cc21,CHEMBL1515706,1.0,CurationNote.canonical,
COc1cc2c(cc1OC)-c1c/c(=N/c3c(C)cc(C)cc3C)n(C)c(=O)n1CC2,CHEMBL1411581,0.0,CurationNote.canonical,
Cn1nccc1C(=O)Nc1ccc(Cl)cc1,CHEMBL1467219,1.0,CurationNote.canonical,
COc1ccccc1CNc1ccnc(-c2ccccc2C(F)(F)F)n1,CHEMBL1446009,0.0,CurationNote.canonical,
COc1ccc2[nH]cc(CCNc3cc(-c4ccc5c(c4)OCO5)ncn3)c2c1,CHEMBL1593827,1.0,CurationNote.canonical,
COc1ccccc1OCCN1C(=O)S/C(=C\c2ccco2)C1=O,CHEMBL1404529,0.0,CurationNote.canonical,
CCCCC/N=c1\ccn(Cc2ccccc2)c2ccccc12,CHEMBL281622,1.0,CurationNote.canonical,
Cc1[nH]c2ccccc2c1/C=C/c1cc[n+](C)cc1.[I-],CHEMBL600360,0.0,CurationNote.canonical,CurationIssue.mixture
Cc1ccc(CCN2CC(C(=O)NCCCN(C)Cc3ccccc3)CC2=O)cc1,CHEMBL1389078,0.0,CurationNote.canonical,
NCCc1c[nH]c2ccccc12,CHEMBL6640,0.0,CurationNote.canonical,
O=C(NC[C@H]1CCCCN1)c1cc(OCC(F)(F)F)ccc1OCC(F)(F)F,CHEMBL398673,1.0,CurationNote.canonical,
Cc1noc(C)c1-c1nccc(NCc2ccccc2)n1,CHEMBL1355701,0.0,CurationNote.canonical,
Cc1ccc(S(=O)(=O)N2CCCC(C(=O)NCCCN3CCCCC3C)C2)cc1,CHEMBL1741639,0.0,CurationNote.canonical,
O=C(NCCN1CCOCC1)c1ccc2ccccc2c1,CHEMBL1578474,0.0,CurationNote.canonical,
CCOC(=O)C1Cc2c([nH]c3ccccc23)CN1.Cl,CHEMBL1432651,0.0,CurationNote.canonical,CurationIssue.mixture
CC(C)NC[C@H](O)COc1cccc2ccccc12,CHEMBL452861,1.0,CurationNote.canonical,
CC1=NCC[N@@+]1(CCc1ccccc1)Cc1ccccc1,CHEMBL1491684,1.0,CurationNote.canonical,
O=C(c1ccncc1)N1CCC2(CCCN(C(c3ccccc3)c3ccccc3)C2)CC1,CHEMBL1492346,1.0,CurationNote.canonical,
Cc1ccc(S(N)(=O)=O)cc1NC(=O)/C=C/c1cccs1,CHEMBL1483773,0.0,CurationNote.canonical,
COc1ccc(/C=N/Nc2snc(SC)c2C#N)cc1OC,CHEMBL2004183,1.0,CurationNote.canonical,
CCCCn1cnc2c(c(CC#N)nn2-c2ccccc2)c1=N,CHEMBL1372657,1.0,CurationNote.canonical,
C[n+]1cc2c3c(ccc2c2ccc4cc5c(cc4c21)OCO5)OCO3,CHEMBL417799,0.0,CurationNote.canonical,CurationIssue.duplicate
None,,nan,,CurationIssue.rdkit_failed
Cc1cccc(NC(=O)Cn2c(=O)n3nc(CCn4nc(C)cc4C)nc3c3ccccc32)c1,CHEMBL1421758,0.0,CurationNote.canonical,
None,,nan,,CurationIssue.rdkit_failed
None,,nan,,CurationIssue.rdkit_failed
None,,nan,,CurationIssue.rdkit_failed
None,,nan,,CurationIssue.rdkit_failed
None,,nan,,CurationIssue.rdkit_failed
None,,nan,,CurationIssue.rdkit_failed
None,,nan,,CurationIssue.rdkit_failed
None,,nan,,CurationIssue.rdkit_failed
None,,nan,,CurationIssue.rdkit_failed
None,,nan,,CurationIssue.rdkit_failed
None,,nan,,CurationIssue.rdkit_failed
None,,nan,,CurationIssue.rdkit_failed
None,,nan,,CurationIssue.rdkit_failed
None,,nan,,CurationIssue.rdkit_failed
Cc1cc(C(C)(C)C)c(O)c(C)c1CC1=NCCN1,CHEMBL762,0.0,CurationNote.canonical,CurationIssue.duplicate
C=C(CC1(C(C)NP(=O)(c2ccccc2)c2ccccc2)CC1)c1ccccc1,CHEMBL1519978,0.0,CurationNote.canonical,
COc1ccccc1CN1CCC2(CCNCC2)CC1,CHEMBL1363967,1.0,CurationNote.canonical,
O=C(Cn1cnc2ccccc21)NC(c1ccccc1)c1ccccc1,CHEMBL1586480,1.0,CurationNote.canonical,
CN(C)c1ncc2nc(CCc3ccccc3)c(=O)n(C3CC3)c2n1,CHEMBL1481127,1.0,CurationNote.canonical,
O=C(Nc1ccc2c(c1)OCCO2)c1cc2sccc2n1Cc1ccc(F)cc1,CHEMBL1414633,1.0,CurationNote.canonical,
CCOc1ccccc1O[C@@H](c1ccccc1)[C@@H]1CNCCO1,CHEMBL180101,0.0,CurationNote.canonical,
CN1/C(=C\C(=O)COC(=O)Cn2nnc(-c3ccccc3)n2)C(C)(C)c2ccccc21,CHEMBL1306897,0.0,CurationNote.canonical,
CCCCCNCc1cccc(Br)c1.Cl,CHEMBL1344331,1.0,CurationNote.canonical,CurationIssue.mixture
CC(=O)OC[C@H]1O[C@@H](O/N=C(\C)CCN2CCCc3nc(C)c(C)cc32)[C@H](OC(C)=O)[C@@H](OC(C)=O)[C@H]1OC(C)=O,CHEMBL1402495,1.0,CurationNote.canonical,
O=C(c1csnn1)N1CCC2(CCCN(c3ccccn3)C2)CC1,CHEMBL1551090,0.0,CurationNote.canonical,
CCN(CCO)C[C@H]1CCC[C@H]2CCCC[C@H]12.Cl,CHEMBL1518571,1.0,CurationNote.canonical,CurationIssue.mixture
CC1(C)N=C(N)N=C(N)N1c1cccc(OCc2cccc([N+](=O)[O-])c2)c1,CHEMBL1555255,1.0,CurationNote.canonical,
N#Cc1cc(N)ccc1Sc1ccc(Cl)cc1,CHEMBL1561692,0.0,CurationNote.canonical,CurationIssue.inorganic
O=C(c1ccco1)N1CCC2(CCCN(Cc3ccncc3)C2)CC1,CHEMBL1447149,1.0,CurationNote.canonical,
None,,nan,,CurationIssue.rdkit_failed
CC(Sc1ncnc2ccccc12)C(=O)Nc1ccc2c(c1)OCO2,CHEMBL1576777,0.0,CurationNote.canonical,CurationIssue.inorganic
None,,nan,,CurationIssue.rdkit_failed
None,,nan,,CurationIssue.rdkit_failed
None,,nan,,CurationIssue.rdkit_failed
None,,nan,,CurationIssue.rdkit_failed
CC(C)OC(=O)C(C#N)c1nc2ccccc2nc1N1CCN(Cc2ccccc2)CC1,CHEMBL1340140,1.0,CurationNote.canonical,
None,,nan,,CurationIssue.rdkit_failed
CSc1nc(N)nc(SCC(=O)Nc2ccc(Cl)cc2)c1C#N,CHEMBL1588990,1.0,CurationNote.canonical,CurationIssue.inorganic
None,,nan,,CurationIssue.rdkit_failed
Cc1ccc(-c2cnc(NC(=O)CCC(=O)N3CCCCC3)n2C)cc1,CHEMBL1386134,0.0,CurationNote.canonical,
None,,nan,,CurationIssue.rdkit_failed
CCCNC(C)(C)COC(=O)c1ccccc1,CHEMBL127810,1.0,CurationNote.canonical,
None,,nan,,CurationIssue.rdkit_failed
S=C1SCN(CCN2CCOCC2)CN1Cc1ccccc1,CHEMBL1365235,0.0,CurationNote.canonical,
None,,nan,,CurationIssue.rdkit_failed
None,,nan,,CurationIssue.rdkit_failed
None,,nan,,CurationIssue.rdkit_failed
None,,nan,,CurationIssue.rdkit_failed
CCCCC/C(=N\O)c1c[nH]c2ccccc12,CHEMBL3214452,1.0,CurationNote.canonical,
CCc1ccccc1NC(=O)NC1CC2CCC(C1)N2Cc1cccs1,CHEMBL1717575,1.0,CurationNote.canonical,
O=S(=O)(Nc1ccc2oc(-c3ccccc3)nc2c1)c1ccccc1,CHEMBL1448646,0.0,CurationNote.canonical,
COC(=O)c1ccc(C(NC(=O)c2ccco2)[C@]2(C)C[C@H]2C2CCCCC2)cc1,CHEMBL1479727,0.0,CurationNote.canonical,
O=C(NCC1COc2ccccc2O1)C1CCN(S(=O)(=O)c2cccc3nsnc23)CC1,CHEMBL1560555,1.0,CurationNote.canonical,
None,,nan,,CurationIssue.rdkit_failed
None,,nan,,CurationIssue.rdkit_failed
None,,nan,,CurationIssue.rdkit_failed
None,,nan,,CurationIssue.rdkit_failed
None,,nan,,CurationIssue.rdkit_failed
Cc1ccc2ccccc2c1CSc1nc(N)nc2c1ncn2CC(C)C,CHEMBL1358137,1.0,CurationNote.canonical,CurationIssue.inorganic
None,,nan,,CurationIssue.rdkit_failed
CCOC(=O)c1c(C)c(C(=O)N2CCCCCC2)c(C)n1C,CHEMBL1600131,0.0,CurationNote.canonical,
COC(=O)C1(Cc2ccccc2)C=C2C(=C(C(C)C)C(=O)C2C)CN1,CHEMBL1335471,0.0,CurationNote.canonical,
CCc1ccc(CCN2CCCCC2)nc1,CHEMBL1565751,1.0,CurationNote.canonical,
NCCCc1ccc2oc3ccccc3c2c1,CHEMBL1609160,1.0,CurationNote.canonical,
Cc1ccccc1-c1cc(-n2ccnc2)ncn1,CHEMBL1553070,1.0,CurationNote.canonical,
None,,nan,,CurationIssue.rdkit_failed
Cc1cccc(C)c1NC1=NCCCS1,CHEMBL297362,1.0,CurationNote.canonical,
FC(F)(F)c1cc(-c2ccco2)nc(NCc2cccs2)n1,CHEMBL1443979,0.0,CurationNote.canonical,
CC(C)(C)NS(=O)(=O)c1ccc(NC(=O)C(Sc2ccccc2)c2ccccc2)cc1,CHEMBL1410009,1.0,CurationNote.canonical,CurationIssue.inorganic
CCn1cnc2sc(C(=O)N3CCN(c4ccc(OC)cc4)CC3)c(C)c2c1=O,CHEMBL1483152,0.0,CurationNote.canonical,
None,,nan,,CurationIssue.rdkit_failed
None,,nan,,CurationIssue.rdkit_failed
None,,nan,,CurationIssue.rdkit_failed
None,,nan,,CurationIssue.rdkit_failed
None,,nan,,CurationIssue.rdkit_failed
None,GS-39783,nan,,CurationIssue.rdkit_failed
None,,nan,,CurationIssue.rdkit_failed
None,,nan,,CurationIssue.rdkit_failed
None,,nan,,CurationIssue.rdkit_failed
None,,nan,,CurationIssue.rdkit_failed
O=C(O)[C@@H]1Cc2c([nH]c3ccccc23)[C@@H](CCCCO)N1,CHEMBL1366667,1.0,CurationNote.canonical,
CCCCc1c(CCC)c(=N)c2ccccc2n1C.I,CHEMBL609628,1.0,CurationNote.canonical,CurationIssue.mixture
None,,nan,,CurationIssue.rdkit_failed
None,MECLOFENOXATE,nan,,CurationIssue.rdkit_failed
None,,nan,,CurationIssue.rdkit_failed
None,,nan,,CurationIssue.rdkit_failed
None,,nan,,CurationIssue.rdkit_failed
None,BRILLIANT GREEN OXALATE,nan,,CurationIssue.rdkit_failed
None,,nan,,CurationIssue.rdkit_failed
O=C1c2ccccc2C(=O)N1CCCSc1ccccc1,CHEMBL1593889,1.0,CurationNote.canonical,CurationIssue.inorganic
O=C(c1ccncc1)N1CCC2(CCCN(Cc3ccncc3)C2)CC1,CHEMBL1400309,1.0,CurationNote.canonical,
C/C(=N\NC(=O)CSCc1ccc(Cl)cc1)c1ccc2c(c1)OCCO2,CHEMBL3192627,1.0,CurationNote.canonical,
None,,nan,,CurationIssue.rdkit_failed
None,,nan,,CurationIssue.rdkit_failed
None,PHENINDIONE,nan,,CurationIssue.rdkit_failed
Cc1ccc(S(=O)(=O)N[C@@H](CCCCN)C(=O)CCl)cc1,CHEMBL466465,0.0,CurationNote.canonical,
O=C(O)c1ccc2c3c1cccc3c(=O)n1c3ccccc3nc21,CHEMBL1182777,0.0,CurationNote.canonical,
None,DISULFIRAM,nan,,CurationIssue.rdkit_failed
None,,nan,,CurationIssue.rdkit_failed
None,,nan,,CurationIssue.rdkit_failed
None,,nan,,CurationIssue.rdkit_failed
None,,nan,,CurationIssue.rdkit_failed
None,,nan,,CurationIssue.rdkit_failed
None,,nan,,CurationIssue.rdkit_failed
None,,nan,,CurationIssue.rdkit_failed
None,,nan,,CurationIssue.rdkit_failed
None,PURVALANOL B,nan,,CurationIssue.rdkit_failed
None,,nan,,CurationIssue.rdkit_failed
None,,nan,,CurationIssue.rdkit_failed
None,,nan,,CurationIssue.rdkit_failed
None,,nan,,CurationIssue.rdkit_failed
None,,nan,,CurationIssue.rdkit_failed
None,,nan,,CurationIssue.rdkit_failed
None,,nan,,CurationIssue.rdkit_failed
None,,nan,,CurationIssue.rdkit_failed
None,,nan,,CurationIssue.rdkit_failed
None,,nan,,CurationIssue.rdkit_failed
CC(=O)OC[C@@H]1O[C@@H](O/N=C2/C[C@@H](O)[C@@H](O)[C@H]3[C@@H]2CC[C@H]2C(=O)N(c4ccc(F)cc4F)C(=O)[C@H]32)[C@H](OC(C)=O)[C@H](OC(C)=O)[C@@H]1OC(C)=O,CHEMBL1472933,1.0,CurationNote.canonical,
CC(=O)Nc1ccc(S(=O)(=O)NC(CC(=O)NCCC2=CCCCC2)C(C)C)cc1,CHEMBL1741451,1.0,CurationNote.canonical,
O=C(OCC(=O)c1ccc([N+](=O)[O-])cc1)/C(=C\c1ccc(Cl)cc1)NC(=O)c1ccccc1,CHEMBL1506008,0.0,CurationNote.canonical,
CN1CC[C@@]2(CCCN(C(=O)c3csnn3)C2)C1,CHEMBL1395027,0.0,CurationNote.canonical,
None,,nan,,CurationIssue.rdkit_failed
None,SEPIAPTERIN,nan,,CurationIssue.rdkit_failed
None,,nan,,CurationIssue.rdkit_failed
None,,nan,,CurationIssue.rdkit_failed
None,,nan,,CurationIssue.rdkit_failed
None,,nan,,CurationIssue.rdkit_failed
None,,nan,,CurationIssue.rdkit_failed
None,,nan,,CurationIssue.rdkit_failed
None,,nan,,CurationIssue.rdkit_failed
None,,nan,,CurationIssue.rdkit_failed
None,,nan,,CurationIssue.rdkit_failed
None,,nan,,CurationIssue.rdkit_failed
None,,nan,,CurationIssue.rdkit_failed
None,,nan,,CurationIssue.rdkit_failed
None,,nan,,CurationIssue.rdkit_failed
None,,nan,,CurationIssue.rdkit_failed
None,,nan,,CurationIssue.rdkit_failed
None,,nan,,CurationIssue.rdkit_failed
None,,nan,,CurationIssue.rdkit_failed
None,AMINOQUINURIDE,nan,,CurationIssue.rdkit_failed
None,,nan,,CurationIssue.rdkit_failed
None,CYTISINICLINE,nan,,CurationIssue.rdkit_failed
None,,nan,,CurationIssue.rdkit_failed
None,,nan,,CurationIssue.rdkit_failed
None,,nan,,CurationIssue.rdkit_failed
None,,nan,,CurationIssue.rdkit_failed
None,,nan,,CurationIssue.rdkit_failed
None,DILAZEP,nan,,CurationIssue.rdkit_failed
None,,nan,,CurationIssue.rdkit_failed
None,,nan,,CurationIssue.rdkit_failed
None,,nan,,CurationIssue.rdkit_failed
None,,nan,,CurationIssue.rdkit_failed
None,,nan,,CurationIssue.rdkit_failed
None,,nan,,CurationIssue.rdkit_failed
None,,nan,,CurationIssue.rdkit_failed
None,,nan,,CurationIssue.rdkit_failed
None,,nan,,CurationIssue.rdkit_failed
None,,nan,,CurationIssue.rdkit_failed
c1cc(CSc2ncnc3[nH]cnc23)ccn1,CHEMBL1567238,1.0,CurationNote.canonical,CurationIssue.inorganic
None,,nan,,CurationIssue.rdkit_failed
None,,nan,,CurationIssue.rdkit_failed
None,,nan,,CurationIssue.rdkit_failed
None,,nan,,CurationIssue.rdkit_failed
None,,nan,,CurationIssue.rdkit_failed
None,,nan,,CurationIssue.rdkit_failed
None,CYCLACILLIN,nan,,CurationIssue.rdkit_failed
None,,nan,,CurationIssue.rdkit_failed
None,,nan,,CurationIssue.rdkit_failed
None,MESALAMINE,nan,,CurationIssue.rdkit_failed
None,,nan,,CurationIssue.rdkit_failed
None,,nan,,CurationIssue.rdkit_failed
None,,nan,,CurationIssue.rdkit_failed
None,,nan,,CurationIssue.rdkit_failed
None,,nan,,CurationIssue.rdkit_failed
None,,nan,,CurationIssue.rdkit_failed
None,(-)-EPICATECHIN,nan,,CurationIssue.rdkit_failed
None,,nan,,CurationIssue.rdkit_failed
None,,nan,,CurationIssue.rdkit_failed
None,,nan,,CurationIssue.rdkit_failed
None,,nan,,CurationIssue.rdkit_failed
None,,nan,,CurationIssue.rdkit_failed
None,,nan,,CurationIssue.rdkit_failed
None,,nan,,CurationIssue.rdkit_failed
None,,nan,,CurationIssue.rdkit_failed
None,,nan,,CurationIssue.rdkit_failed
None,,nan,,CurationIssue.rdkit_failed
None,,nan,,CurationIssue.rdkit_failed
O=[N+]([O-])C(/C=C(\Cl)[N+](=O)[O-])=C1N(Cc2ccc(Cl)nc2)CCN1Cc1ccc(Cl)nc1,CHEMBL1313693,0.0,CurationNote.canonical,
CC(=O)Nc1cc(-c2ccccc2)nn1Cc1ccc(Cl)cc1,CHEMBL1367377,0.0,CurationNote.canonical,
None,,nan,,CurationIssue.rdkit_failed
None,,nan,,CurationIssue.rdkit_failed
None,,nan,,CurationIssue.rdkit_failed
None,,nan,,CurationIssue.rdkit_failed
None,,nan,,CurationIssue.rdkit_failed
Cc1cc(Cl)ccc1OCCCC(=O)N1CCN(C)CC1,CHEMBL1712760,0.0,CurationNote.canonical,
None,,nan,,CurationIssue.rdkit_failed
None,,nan,,CurationIssue.rdkit_failed
None,,nan,,CurationIssue.rdkit_failed
None,,nan,,CurationIssue.rdkit_failed
None,,nan,,CurationIssue.rdkit_failed
None,,nan,,CurationIssue.rdkit_failed
None,,nan,,CurationIssue.rdkit_failed
None,,nan,,CurationIssue.rdkit_failed
None,,nan,,CurationIssue.rdkit_failed
Cc1ccc(-c2nnc(-c3ccccc3S(=O)(=O)Cc3ccc(Cl)cc3)o2)cc1,CHEMBL1383143,1.0,CurationNote.canonical,
CC(=O)OC[C@@H]1O[C@@H](O/N=C2/C[C@@H](O)[C@@H](O)[C@H]3[C@@H]2CC[C@@H]2C(=O)N([C@@H](C)c4ccccc4)C(=O)[C@H]23)[C@H](OC(C)=O)[C@H](OC(C)=O)[C@@H]1OC(C)=O,CHEMBL1404415,1.0,CurationNote.canonical,
O=[N+]([O-])c1ccc(Cl)c(/C=N/N2CCN(Cc3ccccc3)CC2)c1,CHEMBL3210111,0.0,CurationNote.canonical,
C[N+](C)(CCCOc1ccccc1)c1ccccc1.O=C([O-])c1cc2ccccc2cc1O,CHEMBL1573957,1.0,CurationNote.canonical,CurationIssue.mixture
CCOC(=O)C1CCCN(C/C=C/c2ccccc2[N+](=O)[O-])C1,CHEMBL1428605,1.0,CurationNote.canonical,
C=CCNc1nc(SCC=C)nc2ccsc12,CHEMBL1467110,0.0,CurationNote.canonical,
COc1ccc(C(=O)OC(C)CN2CCN(C)CC2)cc1OC.Cl,CHEMBL1503171,1.0,CurationNote.canonical,CurationIssue.mixture
Cn1cc(-c2nc3cnc(N4CCNCC4)nc3n(CCc3ccccc3)c2=O)c2ccccc21,CHEMBL1395137,0.0,CurationNote.canonical,
O=C(CCCN1CC=C(n2c(=O)[nH]c3ccccc32)CC1)c1ccc(F)cc1,CHEMBL1108,1.0,CurationNote.canonical,
CCNc1ncc2nc(-c3ccc(Cl)cc3)c(=O)n(Cc3cccs3)c2n1,CHEMBL1553766,0.0,CurationNote.canonical,
Clc1ccc([C@@H](OCCN2CCCCC2)c2ccccc2)cc1,CHEMBL1516068,1.0,CurationNote.canonical,
CC(C)C(O)(C#CCN1CCCC1)c1ccccc1.Cl,CHEMBL1462483,0.0,CurationNote.canonical,CurationIssue.mixture
Cc1ccccc1NS(=O)(=O)c1ccc2ncc(C(=O)N(C)Cc3ccco3)c(O)c2c1,CHEMBL1541487,0.0,CurationNote.canonical,
O=Nc1ccc2oc(=O)ccc2c1,CHEMBL1255659,0.0,CurationNote.canonical,
CCCCN1C2=C(C(=O)CCC2)C(c2ccc(Cl)c(Cl)c2)C2=C1c1ccccc1C2=O,CHEMBL1601111,1.0,CurationNote.canonical,
COc1ccc(O[C@H]2C=C[C@@H](c3ccccc3)O[C@H]2COC(=O)CC/C(C)=N\O[C@@H](C)c2cn([C@H](CO)Cc3ccccc3)nn2)cc1,CHEMBL1320406,1.0,CurationNote.canonical,
COc1ccccc1CNC(=O)Cn1nnc(-c2ccncc2)n1,CHEMBL1461511,1.0,CurationNote.canonical,
O=Nc1c(O)n(Cc2ccc(Cl)cc2)c2ccccc12,CHEMBL1366979,0.0,CurationNote.canonical,
Cc1ccc2nc(Nc3ccccc3O)nc(-c3ccccc3)c2c1,CHEMBL1500518,1.0,CurationNote.canonical,
None,,nan,,CurationIssue.rdkit_failed
None,,nan,,CurationIssue.rdkit_failed
None,,nan,,CurationIssue.rdkit_failed
None,,nan,,CurationIssue.rdkit_failed
None,,nan,,CurationIssue.rdkit_failed
None,,nan,,CurationIssue.rdkit_failed
None,,nan,,CurationIssue.rdkit_failed
None,,nan,,CurationIssue.rdkit_failed
CCN(CC)CCOC(=O)c1ccc(N)cc1,CHEMBL569,0.0,CurationNote.canonical,CurationIssue.duplicate
COc1cccc(-c2cncnc2NCc2ccccc2OC)c1,CHEMBL489534,1.0,CurationNote.canonical,
CCCN(C(=O)Cc1n[nH]c(N)n1)C1(C(=O)Nc2ccccc2C)CCCCC1,CHEMBL1496370,0.0,CurationNote.canonical,
COC(=O)[C@@H]1C[C@H]1[C@@H](N)c1ccccc1,CHEMBL1358161,1.0,CurationNote.canonical,
CCN(CC)CCOC(=O)[C@@H](Cc1cccc2ccccc12)C[C@@H]1CCCO1,CHEMBL1443491,1.0,CurationNote.canonical,
Cn1c(N/N=C/c2c[nH]c3ccccc23)nc2ccccc21,CHEMBL3192856,1.0,CurationNote.canonical,
O=C(Nc1cccc(NC(=O)c2ccc(-c3cccc(Br)c3)o2)c1)c1ccco1,CHEMBL1519798,0.0,CurationNote.canonical,
Cn1cccc1C(=O)N1CCC[C@@]2(CCN(c3ncccn3)C2)C1,CHEMBL1316348,0.0,CurationNote.canonical,
COc1cccc(CN2CCN(Cc3cc(OC)c(OC)cc3[N+](=O)[O-])CC2)c1.O=C(O)C(=O)O,CHEMBL1472223,1.0,CurationNote.canonical,CurationIssue.mixture
COc1ccc(C[C@@H](N)c2ccc(OC)cc2)cc1,CHEMBL1612346,1.0,CurationNote.canonical,
COc1ccc(CCN(C)CCc2ccc(OC)c(OC)c2)cc1OC,CHEMBL1329438,0.0,CurationNote.canonical,CurationIssue.disagreeing_duplicate
c1cn(-c2cc(-c3ccc4c(c3)OCO4)ncn2)cn1,CHEMBL1554579,1.0,CurationNote.canonical,
CN(C)c1nc(-c2cccc(NS(C)(=O)=O)c2)nc2ccccc12,CHEMBL1590857,0.0,CurationNote.canonical,
O=C(OCc1cccc(F)c1)c1ccc2c(c1)-c1ccccc1C2=O,CHEMBL1560365,1.0,CurationNote.canonical,
CC(=O)Nc1cc(C(F)(F)F)ccc1Oc1cccc(Br)c1,CHEMBL1307320,1.0,CurationNote.canonical,
FC(F)(F)c1cc(CN2CCC3(CCNCC3)CC2)cc(C(F)(F)F)c1,CHEMBL1514836,0.0,CurationNote.canonical,
None,,nan,,CurationIssue.rdkit_failed
None,,nan,,CurationIssue.rdkit_failed
None,GLYCINE,nan,,CurationIssue.rdkit_failed
None,,nan,,CurationIssue.rdkit_failed
None,,nan,,CurationIssue.rdkit_failed
None,,nan,,CurationIssue.rdkit_failed
None,,nan,,CurationIssue.rdkit_failed
None,,nan,,CurationIssue.rdkit_failed
None,,nan,,CurationIssue.rdkit_failed
None,,nan,,CurationIssue.rdkit_failed
None,,nan,,CurationIssue.rdkit_failed
None,,nan,,CurationIssue.rdkit_failed
None,,nan,,CurationIssue.rdkit_failed
None,,nan,,CurationIssue.rdkit_failed
None,,nan,,CurationIssue.rdkit_failed
None,,nan,,CurationIssue.rdkit_failed
None,,nan,,CurationIssue.rdkit_failed
None,,nan,,CurationIssue.rdkit_failed
None,,nan,,CurationIssue.rdkit_failed
CC(=O)c1cccc(NS(=O)(=O)c2ccc(N/C=C\C(=O)c3ccc(F)cc3)cc2)c1,CHEMBL1471369,1.0,CurationNote.canonical,
CCNC(=O)N1CCN(CCCC(c2ccc(F)cc2)c2ccc(F)cc2)CC1,CHEMBL1079935,0.0,CurationNote.canonical,
O=C(/C=C\C=C/c1ccc2c(c1)OCO2)N1CCCCC1,CHEMBL1395862,0.0,CurationNote.canonical,
None,,nan,,CurationIssue.rdkit_failed
None,,nan,,CurationIssue.rdkit_failed
CN1C[C@H](C(=O)N[C@]2(C)O[C@@]3(O)[C@H]4CCCN4C(=O)[C@H](Cc4ccccc4)N3C2=O)C[C@H]2c3cccc4[nH]cc(c34)C[C@@H]21,CHEMBL1552095,0.0,CurationNote.canonical,
CCCCCCC[n+]1ccc(-c2cc[n+](CCCCCCC)cc2)cc1,CHEMBL1314130,1.0,CurationNote.canonical,
Cc1nnc(-c2cccc(Br)c2)c2cn(-c3ccccc3Cl)nc12,CHEMBL1563819,0.0,CurationNote.canonical,
None,,nan,,CurationIssue.rdkit_failed
None,,nan,,CurationIssue.rdkit_failed
None,,nan,,CurationIssue.rdkit_failed
C=C[C@H]1CN2CC[C@@H]1C[C@H]2[C@@H](O)c1ccnc2ccccc12,CHEMBL1414315,1.0,CurationNote.canonical,CurationIssue.duplicate
N#Cc1cccc(-c2ccc3ncnc(NCc4ccccc4)c3c2)c1,CHEMBL1436272,1.0,CurationNote.canonical,
Cc1ccccc1-c1cncnc1N1CCNCC1,CHEMBL1567725,0.0,CurationNote.canonical,
COc1ccc(NC(=O)NC2CC3CCCC(C2)N3Cc2ccccc2)cc1,CHEMBL1742244,0.0,CurationNote.canonical,
COC(=O)[C@@H]1[C@@H](O)CC[C@H]2CN3CCc4c([nH]c5ccccc45)[C@@H]3C[C@H]12,CHEMBL31410,0.0,CurationNote.canonical,
Cc1cc(C(=O)CSc2nnc(N)s2)c(C)n1CCc1ccc(F)cc1,CHEMBL1381730,1.0,CurationNote.canonical,CurationIssue.inorganic
Cc1nc2n(c(=O)c1CCN1CCC(c3noc4cc(F)ccc34)CC1)CCCC2,CHEMBL85,1.0,CurationNote.canonical,CurationIssue.duplicate
None,,nan,,CurationIssue.rdkit_failed
None,,nan,,CurationIssue.rdkit_failed
None,,nan,,CurationIssue.rdkit_failed
Cc1ccc(Nc2nnc(-c3ccc4c(c3)OCO4)o2)c(C)c1,CHEMBL1496125,1.0,CurationNote.canonical,
CC(C)CN1CC2(CCN(C(=O)c3ccco3)CC2)C1,CHEMBL1599748,1.0,CurationNote.canonical,
CCNC(=O)NC(=O)CSc1nc2ccccc2n1CC(C)C,CHEMBL1545514,0.0,CurationNote.canonical,CurationIssue.inorganic
Cc1cccc(CN2CCN([C@@H](c3ccccc3)c3ccc(Cl)cc3)CC2)c1,CHEMBL1440522,1.0,CurationNote.canonical,
COc1ccc(CNc2ncncc2-c2ccc(C(=O)N(C)C)cc2)c(OC)c1,CHEMBL491978,0.0,CurationNote.canonical,
CCOc1ccc(N2C(=O)C3C4C=CC(CC4)C3C2=O)c([N+](=O)[O-])c1,CHEMBL1563722,0.0,CurationNote.canonical,
None,,nan,,CurationIssue.rdkit_failed
None,,nan,,CurationIssue.rdkit_failed
O=[N+]([O-])c1ccc(S(=O)(=O)Cc2ccccc2)c2nonc12,CHEMBL1360942,1.0,CurationNote.canonical,
COc1ccc(N2CCc3c(C)nc4c(OC)cc(OC)cc4c32)c(OC)c1,CHEMBL1524363,1.0,CurationNote.canonical,
None,,nan,,CurationIssue.rdkit_failed
Cc1cc(C)n(CCCNCC(O)c2ccccc2)n1.O=C(O)C(=O)O,CHEMBL1500945,1.0,CurationNote.canonical,CurationIssue.mixture
None,,nan,,CurationIssue.rdkit_failed
None,,nan,,CurationIssue.rdkit_failed
None,,nan,,CurationIssue.rdkit_failed
None,,nan,,CurationIssue.rdkit_failed
None,,nan,,CurationIssue.rdkit_failed
None,,nan,,CurationIssue.rdkit_failed
None,,nan,,CurationIssue.rdkit_failed
None,,nan,,CurationIssue.rdkit_failed
None,,nan,,CurationIssue.rdkit_failed
None,,nan,,CurationIssue.rdkit_failed
None,,nan,,CurationIssue.rdkit_failed
None,,nan,,CurationIssue.rdkit_failed
c1cc(CSSCc2ccncc2)ccn1,CHEMBL1327466,1.0,CurationNote.canonical,
None,,nan,,CurationIssue.rdkit_failed
CNc1nc(-c2ccccc2CN(C)C)nc2ccccc12,CHEMBL1563147,1.0,CurationNote.canonical,
None,,nan,,CurationIssue.rdkit_failed
None,,nan,,CurationIssue.rdkit_failed
None,,nan,,CurationIssue.rdkit_failed
None,,nan,,CurationIssue.rdkit_failed
None,,nan,,CurationIssue.rdkit_failed
None,,nan,,CurationIssue.rdkit_failed
None,,nan,,CurationIssue.rdkit_failed
None,,nan,,CurationIssue.rdkit_failed
C=CC[C@@H]1C=C[C@H](Oc2ccc(C)cc2)[C@H](COC(=O)NCc2cccc3ccccc23)O1,CHEMBL1316749,1.0,CurationNote.canonical,
C[C@H](N)Cc1c[nH]c2ccc(OCc3cccs3)cc12,CHEMBL1315945,1.0,CurationNote.canonical,
c1ccc(CN2CC[C@@H](CNc3ncnc4ccccc34)C2)cc1,CHEMBL1607443,1.0,CurationNote.canonical,
None,FOSFONET,nan,,CurationIssue.rdkit_failed
None,,nan,,CurationIssue.rdkit_failed
None,,nan,,CurationIssue.rdkit_failed
None,TACRINE,nan,,CurationIssue.rdkit_failed
None,,nan,,CurationIssue.rdkit_failed
None,,nan,,CurationIssue.rdkit_failed
None,,nan,,CurationIssue.rdkit_failed
None,,nan,,CurationIssue.rdkit_failed
None,,nan,,CurationIssue.rdkit_failed
None,,nan,,CurationIssue.rdkit_failed
None,,nan,,CurationIssue.rdkit_failed
None,,nan,,CurationIssue.rdkit_failed
COc1ccc(-c2cc(C(F)(F)F)nc(NC3CCCC3)n2)cc1OC,CHEMBL1510139,0.0,CurationNote.canonical,
C=C[C@@H]1CN2CC[C@H]1C[C@H]2[C@H](O)c1ccnc2ccccc12,CHEMBL1590546,1.0,CurationNote.canonical,
C[C@@H](Cc1ccc(Cl)cc1Cl)NO.Cc1ccc(S(=O)(=O)O)cc1,CHEMBL1450573,1.0,CurationNote.canonical,CurationIssue.mixture
CN(C)Cc1ccccc1-c1nc(NC2CC2)c2ccccc2n1,CHEMBL1529151,1.0,CurationNote.canonical,
O=C(c1csnn1)N1CCC[C@@]2(CCN(c3ccncc3)C2)C1,CHEMBL1354319,1.0,CurationNote.canonical,
None,,nan,,CurationIssue.rdkit_failed
None,,nan,,CurationIssue.rdkit_failed
CCCC[C@H](CC)CNC(=N)NC(=N)NCCCCCCNC(=N)NC(=N)NC[C@@H](CC)CCCC,CHEMBL1551683,1.0,CurationNote.canonical,
Cc1cc(Cc2cc(Cc3cc(C)cc(C(C)(C)C)c3O)c(C)cc2C)c(O)c(C(C)(C)C)c1,CHEMBL1487318,1.0,CurationNote.canonical,
CCCCCCCCCCCCC/C=C\[C@@H](O)[C@@H](N)CO,CHEMBL1453208,0.0,CurationNote.canonical,
CNCC[C@H](Oc1ccc(C(F)(F)F)cc1)c1ccccc1,CHEMBL1169388,1.0,CurationNote.canonical,CurationIssue.duplicate
None,,nan,,CurationIssue.rdkit_failed
O=C1CSC2(CCN(CCCN3c4ccccc4Sc4ccc(Cl)cc43)CC2)N1,CHEMBL1483796,1.0,CurationNote.canonical,CurationIssue.inorganic
None,,nan,,CurationIssue.rdkit_failed
None,,nan,,CurationIssue.rdkit_failed
None,,nan,,CurationIssue.rdkit_failed
COc1ccc(/C=N/NC(=O)c2ccccc2)cc1CN1CCN(c2ccc(F)cc2)CC1,CHEMBL3214477,0.0,CurationNote.canonical,
None,,nan,,CurationIssue.rdkit_failed
Cc1cc(Br)cc(C)c1OCCCCN(C)C.O=C(O)C(=O)O,CHEMBL1549336,1.0,CurationNote.canonical,CurationIssue.mixture
Cc1cc(C)n(-c2cc(N3CCN(S(=O)(=O)c4ccc(C)c(C)c4)CC3)ccc2[N+](=O)[O-])n1,CHEMBL1724748,1.0,CurationNote.canonical,
CC(=O)O[C@@H]1CN2CCC1CC2,CHEMBL608828,0.0,CurationNote.canonical,
CCCC[C@@H]1C[C@H]1C(NC(=O)c1ccccc1)c1ccc(Cl)cc1,CHEMBL1368892,0.0,CurationNote.canonical,
O[C@@H](c1cc(-c2ccc(Cl)cc2)nc2ccccc12)[C@@H]1CCCCN1,CHEMBL1370859,1.0,CurationNote.canonical,
None,,nan,,CurationIssue.rdkit_failed
None,,nan,,CurationIssue.rdkit_failed
None,,nan,,CurationIssue.rdkit_failed
None,,nan,,CurationIssue.rdkit_failed
None,,nan,,CurationIssue.rdkit_failed
None,,nan,,CurationIssue.rdkit_failed
None,,nan,,CurationIssue.rdkit_failed
None,,nan,,CurationIssue.rdkit_failed
None,,nan,,CurationIssue.rdkit_failed
None,,nan,,CurationIssue.rdkit_failed
None,,nan,,CurationIssue.rdkit_failed
None,,nan,,CurationIssue.rdkit_failed
CN1CCN(CCCN2c3ccccc3Sc3ccc(C(F)(F)F)cc32)CC1,CHEMBL422,1.0,CurationNote.canonical,CurationIssue.inorganic
NCCSCc1ccccc1Cl,CHEMBL1376952,1.0,CurationNote.canonical,
Cc1ccc(S(=O)(=O)Oc2ccc(C3C4=C(CCCC4=O)OC4=C3C(=O)CCC4)cc2)cc1,CHEMBL1384720,1.0,CurationNote.canonical,
,CHEMBL1590882,1.0,CurationNote.canonical,CurationIssue.duplicate
CCOC(=O)CNc1c(-c2ccccc2)nc2ccc(Cl)cn12,CHEMBL1595500,1.0,CurationNote.canonical,
COc1ccc2oc(-c3ccc(C)c(NC(=O)CSc4ccc(Cl)cc4)c3)nc2c1,CHEMBL1333382,1.0,CurationNote.canonical,CurationIssue.inorganic
CSc1nc2ccccc2cc1/C=C(\C#N)c1ccc(Cl)cc1Cl,CHEMBL1595037,1.0,CurationNote.canonical,CurationIssue.inorganic
CCCC(C(=O)OCCN(CC)CC)(c1ccccc1)c1ccccc1,CHEMBL282567,1.0,CurationNote.canonical,CurationIssue.duplicate
None,,nan,,CurationIssue.rdkit_failed
None,,nan,,CurationIssue.rdkit_failed
None,,nan,,CurationIssue.rdkit_failed
None,,nan,,CurationIssue.rdkit_failed
COc1cccc([C@H]2Oc3ccc(OC)cc3/C(=N\O[C@@H]3O[C@H](COC(C)=O)[C@H](OC(C)=O)[C@H](OC(C)=O)[C@H]3OC(C)=O)[C@@H]2O)c1,CHEMBL1433551,1.0,CurationNote.canonical,
None,,nan,,CurationIssue.rdkit_failed
None,N-ACETYLASPARTIC ACID,nan,,CurationIssue.rdkit_failed
None,,nan,,CurationIssue.rdkit_failed
None,,nan,,CurationIssue.rdkit_failed
None,,nan,,CurationIssue.rdkit_failed
None,,nan,,CurationIssue.rdkit_failed
COc1cc(N)c(Cl)cc1C(=O)N[C@@H]1CN2CCC1CC2,CHEMBL28992,0.0,CurationNote.canonical,
None,,nan,,CurationIssue.rdkit_failed
None,,nan,,CurationIssue.rdkit_failed
None,,nan,,CurationIssue.rdkit_failed
None,,nan,,CurationIssue.rdkit_failed
CC(C)(C)C1CCC2(CC1)CCN(CCCN1CCOCC1)CC2,CHEMBL1526268,1.0,CurationNote.canonical,
Cc1noc(C)c1-c1cc(NCc2cccs2)ncn1,CHEMBL1484253,0.0,CurationNote.canonical,
CCCN1C[C@H](CSC)C[C@H]2c3cccc4[nH]cc(c34)C[C@@H]21.CS(=O)(=O)O,CHEMBL1317978,1.0,CurationNote.canonical,CurationIssue.mixture
Cc1onc(-c2c(Cl)cccc2Cl)c1C(=O)Nc1ccc2c(c1)OCO2,CHEMBL1371824,1.0,CurationNote.canonical,
CC(=O)N1CCC[C@@]2(CCN(Cc3cc(C(F)(F)F)cc(C(F)(F)F)c3)C2)C1,CHEMBL1445522,0.0,CurationNote.canonical,
CC[C@]1(C2=NCCN2)Cc2ccccc2O1,CHEMBL1357517,0.0,CurationNote.canonical,CurationIssue.disagreeing_duplicate
Cc1ccc2c(c1)C1CN(C)CCC1N2C(=O)Nc1cccc(Cl)c1,CHEMBL1560068,1.0,CurationNote.canonical,
CN(C)Cc1ccccc1-c1ccc2ncnc(NCc3cccs3)c2c1,CHEMBL1323438,1.0,CurationNote.canonical,
O=C(CSc1nc2ccccc2o1)Nc1ccccc1N1CCCCCC1,CHEMBL1370053,0.0,CurationNote.canonical,CurationIssue.inorganic
None,,nan,,CurationIssue.rdkit_failed
None,,nan,,CurationIssue.rdkit_failed
None,,nan,,CurationIssue.rdkit_failed
None,,nan,,CurationIssue.rdkit_failed
None,,nan,,CurationIssue.rdkit_failed
None,,nan,,CurationIssue.rdkit_failed
None,,nan,,CurationIssue.rdkit_failed
None,,nan,,CurationIssue.rdkit_failed
None,,nan,,CurationIssue.rdkit_failed
None,,nan,,CurationIssue.rdkit_failed
None,,nan,,CurationIssue.rdkit_failed
None,,nan,,CurationIssue.rdkit_failed
None,,nan,,CurationIssue.rdkit_failed
None,,nan,,CurationIssue.rdkit_failed
None,,nan,,CurationIssue.rdkit_failed
None,,nan,,CurationIssue.rdkit_failed
None,,nan,,CurationIssue.rdkit_failed
None,,nan,,CurationIssue.rdkit_failed
None,,nan,,CurationIssue.rdkit_failed
None,,nan,,CurationIssue.rdkit_failed
None,,nan,,CurationIssue.rdkit_failed
None,,nan,,CurationIssue.rdkit_failed
None,,nan,,CurationIssue.rdkit_failed
c1cncc(-c2cc(NCc3cccs3)ncn2)c1,CHEMBL1512919,0.0,CurationNote.canonical,
COc1ccccc1CN1CCCC2(CCN(S(=O)(=O)c3ccccc3)CC2)C1,CHEMBL1357089,1.0,CurationNote.canonical,
Cc1ccccc1NC(=O)OCc1cn(-c2ccc(Cl)cc2)nn1,CHEMBL1454249,1.0,CurationNote.canonical,
CN(C)CCOC(c1ccccc1)c1ccccc1.Cn1c(=O)c2[nH]c(Cl)nc2n(C)c1=O,CHEMBL1200406,1.0,CurationNote.canonical,CurationIssue.mixture
Cc1noc(C)c1-c1nccc(NCCN2CCOCC2)n1,CHEMBL1440715,0.0,CurationNote.canonical,
CCNc1ncc2nc(C)c(=O)n(C[C@H]3CCCO3)c2n1,CHEMBL1551618,0.0,CurationNote.canonical,
COc1ccc(S(=O)(=O)N2CC3C4C=CC(C4)C3C2)cc1,CHEMBL1461827,0.0,CurationNote.canonical,
None,,nan,,CurationIssue.rdkit_failed
O=C(O)CC/C=C\C[C@@H]1CO[C@H](c2ccccc2Cl)O[C@@H]1c1ccccc1O,CHEMBL30024,0.0,CurationNote.canonical,
COc1ccc2[nH]cc(CCNc3ccnc(-c4ccccc4C)n3)c2c1,CHEMBL1316408,1.0,CurationNote.canonical,
O=C(c1ccco1)N1CCC2(CC1)CCN(c1ccncc1)CC2,CHEMBL1557821,1.0,CurationNote.canonical,
CCN(CC)C(=O)N[C@@H]1C[C@H]2c3cccc4[nH]cc(c34)C[C@@H]2N(C)C1,CHEMBL1433815,1.0,CurationNote.canonical,
CN(Cc1ccco1)c1ncnc2ccc(-c3cccnc3)cc12,CHEMBL1315609,1.0,CurationNote.canonical,
None,PYRIDOSTIGMINE,nan,,CurationIssue.rdkit_failed
None,,nan,,CurationIssue.rdkit_failed
None,SULFAMETHOXYPYRIDAZINE,nan,,CurationIssue.rdkit_failed
None,,nan,,CurationIssue.rdkit_failed
None,,nan,,CurationIssue.rdkit_failed
None,,nan,,CurationIssue.rdkit_failed
None,,nan,,CurationIssue.rdkit_failed
None,,nan,,CurationIssue.rdkit_failed
None,,nan,,CurationIssue.rdkit_failed
None,,nan,,CurationIssue.rdkit_failed
None,,nan,,CurationIssue.rdkit_failed
None,,nan,,CurationIssue.rdkit_failed
None,DOPAMINE,nan,,CurationIssue.rdkit_failed
None,DIFLUFENICAN,nan,,CurationIssue.rdkit_failed
None,,nan,,CurationIssue.rdkit_failed
None,,nan,,CurationIssue.rdkit_failed
None,,nan,,CurationIssue.rdkit_failed
None,,nan,,CurationIssue.rdkit_failed
None,,nan,,CurationIssue.rdkit_failed
None,,nan,,CurationIssue.rdkit_failed
None,PENTYLENETETRAZOL,nan,,CurationIssue.rdkit_failed
None,,nan,,CurationIssue.rdkit_failed
None,,nan,,CurationIssue.rdkit_failed
None,,nan,,CurationIssue.rdkit_failed
None,,nan,,CurationIssue.rdkit_failed
None,,nan,,CurationIssue.rdkit_failed
None,,nan,,CurationIssue.rdkit_failed
None,,nan,,CurationIssue.rdkit_failed
None,,nan,,CurationIssue.rdkit_failed
None,,nan,,CurationIssue.rdkit_failed
None,,nan,,CurationIssue.rdkit_failed
None,,nan,,CurationIssue.rdkit_failed
None,,nan,,CurationIssue.rdkit_failed
None,,nan,,CurationIssue.rdkit_failed
None,,nan,,CurationIssue.rdkit_failed
None,,nan,,CurationIssue.rdkit_failed
None,,nan,,CurationIssue.rdkit_failed
None,,nan,,CurationIssue.rdkit_failed
None,,nan,,CurationIssue.rdkit_failed
None,,nan,,CurationIssue.rdkit_failed
None,,nan,,CurationIssue.rdkit_failed
None,DEXTROFLOXACINE,nan,,CurationIssue.rdkit_failed
None,,nan,,CurationIssue.rdkit_failed
O=[N+]([O-])/C=C/c1cn(Cc2ccccc2)c2ccccc12,CHEMBL1471612,0.0,CurationNote.canonical,
Br.N=C1c2ccccc2CN1NC(=O)c1ccc(F)cc1,CHEMBL1742325,1.0,CurationNote.canonical,CurationIssue.mixture
COc1ccc(-c2cc(C(F)(F)F)nc(N3CCN(C)CC3)n2)cc1OC,CHEMBL1344602,0.0,CurationNote.canonical,
N#Cc1ccc(CN2CC[C@@]3(CCCN(S(=O)(=O)c4ccccc4)C3)C2)cc1,CHEMBL1402381,1.0,CurationNote.canonical,
CN(C)CCC(C#N)(c1ccccc1)c1ccccc1,CHEMBL346898,1.0,CurationNote.canonical,
O=C(c1cccc(F)c1)N1CCC2(CC1)CCN(C(c1ccccc1)c1ccccc1)CC2,CHEMBL1396583,1.0,CurationNote.canonical,
C#CCCCCCCCCCCCCCCCC(=O)O,CHEMBL182310,0.0,CurationNote.canonical,
COC(=O)c1c(-c2cc(OC)c(OC)c(OC)c2)c2ccnc(OCc3ncccn3)c2c(=O)n1Cc1ccnc(C)c1,CHEMBL1190161,0.0,CurationNote.canonical,
CNc1cc(-c2ccccc2C)ncn1,CHEMBL1396230,0.0,CurationNote.canonical,
O=C(NCCCCc1ccccc1)C1CC(c2ccccc2[N+](=O)[O-])=NO1,CHEMBL1550597,1.0,CurationNote.canonical,
N#Cc1cccc(-c2ccc3ncnc(NCc4cccnc4)c3c2)c1,CHEMBL1554721,1.0,CurationNote.canonical,
Cc1noc(C)c1C(=O)N1CCC2(CCCN(c3ccccc3)C2)CC1,CHEMBL1445984,0.0,CurationNote.canonical,
CCc1c2c(nc3ccc(OC)cc13)COC2,CHEMBL1331351,0.0,CurationNote.canonical,
COc1ccccc1-c1ccc2ncnc(NCCNC(C)=O)c2c1,CHEMBL1357857,0.0,CurationNote.canonical,
Cc1noc(C)c1-c1nc(Nc2ccncc2)c2ccccc2n1,CHEMBL1409613,0.0,CurationNote.canonical,
CCNc1ncc2nc(-c3cc(F)cc(F)c3)c(=O)n(CCOC)c2n1,CHEMBL1450805,1.0,CurationNote.canonical,
Cc1cccc(CNc2ncnc3ccc(-c4cccnc4)cc23)c1,CHEMBL1332463,0.0,CurationNote.canonical,
c1ncc(-c2ccoc2)c(NC2CC2)n1,CHEMBL1602710,0.0,CurationNote.canonical,
Cc1ccccc1OCCCN1CCCC1,CHEMBL1342813,0.0,CurationNote.canonical,
None,CILOSTAMIDE,nan,,CurationIssue.rdkit_failed
None,,nan,,CurationIssue.rdkit_failed
None,,nan,,CurationIssue.rdkit_failed
None,,nan,,CurationIssue.rdkit_failed
None,,nan,,CurationIssue.rdkit_failed
None,,nan,,CurationIssue.rdkit_failed
None,,nan,,CurationIssue.rdkit_failed
None,,nan,,CurationIssue.rdkit_failed
None,,nan,,CurationIssue.rdkit_failed
None,,nan,,CurationIssue.rdkit_failed
None,,nan,,CurationIssue.rdkit_failed
None,,nan,,CurationIssue.rdkit_failed
None,,nan,,CurationIssue.rdkit_failed
CC[C@](C)(CN(C)C)OC(=O)c1ccccc1,CHEMBL1335617,1.0,CurationNote.canonical,
c1ccc2c(c1)[I+]c1ccccc1-2,CHEMBL365739,1.0,CurationNote.canonical,CurationIssue.duplicate
COc1ccc(-c2noc(N(C)CC(=O)Nc3cccc(C(F)(F)F)c3)n2)cc1,CHEMBL1529948,0.0,CurationNote.canonical,
COc1cccc(-c2ccc3ncnc(NCc4cnc(C)cn4)c3c2)c1,CHEMBL1433559,0.0,CurationNote.canonical,
Cc1sc(NC(=O)c2ccccc2)c(C(=O)NCCN(C)C)c1C,CHEMBL1725148,0.0,CurationNote.canonical,
None,,nan,,CurationIssue.rdkit_failed
None,,nan,,CurationIssue.rdkit_failed
None,,nan,,CurationIssue.rdkit_failed
None,,nan,,CurationIssue.rdkit_failed
None,CISATRACURIUM BESYLATE,nan,,CurationIssue.rdkit_failed
None,,nan,,CurationIssue.rdkit_failed
None,,nan,,CurationIssue.rdkit_failed
None,,nan,,CurationIssue.rdkit_failed
CCOC(=O)Nc1ccc(NCc2ccc(F)cc2)nc1N,CHEMBL255044,0.0,CurationNote.canonical,
CC(=O)Nc1ccc(OCC(O)Cn2cnc3ccccc32)cc1,CHEMBL1742034,1.0,CurationNote.canonical,
O=C(NC1CCCCC1)C(Cc1ccccc1)N1C(=O)C2C3CCC(C3)C2C1=O,CHEMBL1387625,0.0,CurationNote.canonical,
None,,nan,,CurationIssue.rdkit_failed
None,,nan,,CurationIssue.rdkit_failed
O=C1CC(NCCC2=CCCCC2)C(=O)N1c1cccc(Cl)c1Cl,CHEMBL1584775,0.0,CurationNote.canonical,
O=C(/C=C/c1cccc(Cl)c1)Nc1ccncc1,CHEMBL1505191,1.0,CurationNote.canonical,
O=C(Cc1ccccc1[N+](=O)[O-])NCCSCc1c(F)cccc1Cl,CHEMBL1468324,1.0,CurationNote.canonical,
CS(=O)(=O)N1N=C(c2ccc(Br)cc2)CC1c1ccc2c(c1)OCO2,CHEMBL1422230,1.0,CurationNote.canonical,
COc1ccccc1NC(=O)Cc1csc(N=C(S)Nc2ccc(C)cc2)n1,CHEMBL1612234,0.0,CurationNote.canonical,
Clc1ccc(COC(Cn2ccnc2)c2ccc(Cl)cc2Cl)c(Cl)c1,CHEMBL91,1.0,CurationNote.canonical,
O=S(=O)(NCCNC/C=C\c1ccc(Br)cc1)c1cccc2cnccc12,CHEMBL403128,0.0,CurationNote.canonical,
CCCC[N+]1(C)[C@H]2CC(OC(=O)[C@@H](CO)c3ccccc3)C[C@@H]1[C@@H]1O[C@@H]12,CHEMBL1589683,1.0,CurationNote.canonical,
Clc1ccc(CO[C@@H](Cn2ccnc2)c2ccc(Cl)cc2Cl)cc1,CHEMBL1232474,1.0,CurationNote.canonical,
None,,nan,,CurationIssue.rdkit_failed
None,,nan,,CurationIssue.rdkit_failed
None,,nan,,CurationIssue.rdkit_failed
None,,nan,,CurationIssue.rdkit_failed
None,,nan,,CurationIssue.rdkit_failed
CCCCc1ccc2[nH]c(NC(=O)OC)nc2c1,CHEMBL528271,1.0,CurationNote.canonical,
None,,nan,,CurationIssue.rdkit_failed
None,,nan,,CurationIssue.rdkit_failed
None,,nan,,CurationIssue.rdkit_failed
None,,nan,,CurationIssue.rdkit_failed
None,,nan,,CurationIssue.rdkit_failed
None,,nan,,CurationIssue.rdkit_failed
None,,nan,,CurationIssue.rdkit_failed
None,,nan,,CurationIssue.rdkit_failed
None,,nan,,CurationIssue.rdkit_failed
None,,nan,,CurationIssue.rdkit_failed
O=C(Cn1cccc1C(=O)c1ccccc1)NCc1cccs1,CHEMBL1485319,1.0,CurationNote.canonical,
None,,nan,,CurationIssue.rdkit_failed
None,,nan,,CurationIssue.rdkit_failed
None,,nan,,CurationIssue.rdkit_failed
None,,nan,,CurationIssue.rdkit_failed
None,OLEOYL DOPAMINE,nan,,CurationIssue.rdkit_failed
None,,nan,,CurationIssue.rdkit_failed
None,,nan,,CurationIssue.rdkit_failed
None,,nan,,CurationIssue.rdkit_failed
None,,nan,,CurationIssue.rdkit_failed
None,,nan,,CurationIssue.rdkit_failed
CCOc1ccccc1NC(=O)CN1CCC(NC(=O)c2ccccc2)CC1,CHEMBL1715023,0.0,CurationNote.canonical,
None,,nan,,CurationIssue.rdkit_failed
None,,nan,,CurationIssue.rdkit_failed
None,,nan,,CurationIssue.rdkit_failed
None,,nan,,CurationIssue.rdkit_failed
None,,nan,,CurationIssue.rdkit_failed
CC(=O)NCCNc1ncnc2ccc(-c3ccccc3C(F)(F)F)cc12,CHEMBL1317913,0.0,CurationNote.canonical,
CN(C)CCCc1c2ccccc2nc2ccc(Cl)cc12.O=P(O)(O)O,CHEMBL1442701,1.0,CurationNote.canonical,CurationIssue.mixture
COc1ccc(C(=O)N2CCC3(CCCN(c4ccncc4)C3)CC2)cc1,CHEMBL1335889,1.0,CurationNote.canonical,
CCOC(=O)c1ccccc1N/C=C1\CCCCC1=O,CHEMBL3213443,0.0,CurationNote.canonical,
None,,nan,,CurationIssue.rdkit_failed
None,,nan,,CurationIssue.rdkit_failed
CCn1c(=O)cc(SCC(=O)NCc2ccc3c(c2)OCO3)c2ccccc21,CHEMBL1340538,0.0,CurationNote.canonical,
CCSC(=N)N,CHEMBL321691,1.0,CurationNote.canonical,
CCCn1nc2cc(C(=O)NC3CCCc4ccccc43)ccc2c1OCC,CHEMBL1468406,0.0,CurationNote.canonical,
Cc1ccccc1-c1nccc(NCCN2CCOCC2)n1,CHEMBL1594030,0.0,CurationNote.canonical,
O=[N+]([O-])c1ccc(Nc2nc3ccccc3s2)cc1,CHEMBL1448896,1.0,CurationNote.canonical,
CC(=O)OC[C@@H]1O[C@@H](O/N=C2/C[C@@H](O)[C@@H](O)[C@H]3[C@@H]2CC[C@@H]2C(=O)N(Cc4ccccc4)C(=O)[C@H]23)[C@H](OC(C)=O)[C@H](OC(C)=O)[C@@H]1OC(C)=O,CHEMBL1514572,1.0,CurationNote.canonical,
COc1ccc2[nH]cc(CCN(C)C)c2c1,CHEMBL7257,0.0,CurationNote.canonical,
O=C(NCCCN1CCN(C2CCCCC2)CC1)Nc1ccccc1C(F)(F)F,CHEMBL1313179,1.0,CurationNote.canonical,
COc1ccc2c(c1)C(c1ccc([N+](=O)[O-])cc1)=NNC(c1ccco1)=N2,CHEMBL1492898,0.0,CurationNote.canonical,
O=C(c1ccc(N2CCCCC2)c([N+](=O)[O-])c1)N(Cc1ccccc1)c1ccccn1,CHEMBL1451875,0.0,CurationNote.canonical,
CCOC(=O)c1ccc(NC(=O)C2(c3ccccc3)CCCC2)cc1,CHEMBL1519567,1.0,CurationNote.canonical,
S=C(NC1CCCCC1)N1CCC(c2cnc[nH]2)CC1,CHEMBL260374,1.0,CurationNote.canonical,CurationIssue.duplicate
CCOC(=O)c1ccc(Nc2nc(C(=O)OCC)nc3ccccc23)cc1,CHEMBL1413605,1.0,CurationNote.canonical,
CN(C)C(=O)c1ccc(-c2nccc(N(C)Cc3ccco3)n2)cc1,CHEMBL1515829,0.0,CurationNote.canonical,
CCOC(=O)C1C(=O)NC(C)C1c1ccccc1,CHEMBL1342908,1.0,CurationNote.canonical,
c1ccc2c(CSCCc3ccncc3)cccc2c1,CHEMBL1586705,1.0,CurationNote.canonical,
COc1cccc(Cn2c(=O)cnc3cncnc32)c1,CHEMBL1357551,0.0,CurationNote.canonical,
Oc1c(CN2CCN(c3ccccc3)CC2)cc(Br)c2cccnc12,CHEMBL1332450,1.0,CurationNote.canonical,
CCc1ccc(Nc2ncccc2C#N)cc1,CHEMBL1411148,0.0,CurationNote.canonical,
CCN(CC(=O)NCc1cccs1)S(=O)(=O)c1ccc(C(C)C)cc1,CHEMBL1723524,1.0,CurationNote.canonical,
COc1cc(C[C@H](C)N)c(OC)cc1I,CHEMBL1434583,0.0,CurationNote.canonical,CurationIssue.disagreeing_duplicate
Br.CCOc1ccc2c(c1)nc(SCC(=O)c1ccc(Br)s1)n2C,CHEMBL1310248,0.0,CurationNote.canonical,CurationIssue.mixture
COC(=O)c1sccc1-c1ccc(C(=O)Nc2cccc(Cl)c2)o1,CHEMBL1601285,0.0,CurationNote.canonical,
CN(C)/C=N/c1ccc2nn(-c3ccccc3)nc2c1,CHEMBL3194665,0.0,CurationNote.canonical,
CCN(CC)c1ccc(/C=N/Nc2nc(C)cc(O)n2)cc1,CHEMBL3190647,0.0,CurationNote.canonical,
COc1ccc(CNc2ccnc(-c3ccccc3Cl)n2)c(OC)c1,CHEMBL1484422,0.0,CurationNote.canonical,
Nc1nc(Cl)cc(N2CCC(c3cc(-c4ccc(Cl)cc4Cl)[nH]n3)CC2)n1,CHEMBL1469557,0.0,CurationNote.canonical,
OC1(c2ccc(OC(F)F)cc2)CS/C(=N\c2cccnc2)N1C1CC1,CHEMBL1999906,1.0,CurationNote.canonical,
CN(C)CC/C=C1\c2ccccc2COc2ccccc21,CHEMBL860,1.0,CurationNote.canonical,CurationIssue.duplicate
CSc1ccc2c(c1)[C@H](N1CCN(C)CC1)Cc1ccccc1S2,CHEMBL273490,1.0,CurationNote.canonical,CurationIssue.inorganic
Cc1ccc(CNC(=O)Cn2c(=O)oc3ccccc32)o1,CHEMBL1524907,0.0,CurationNote.canonical,
Cc1cnc(CNc2ncnc3ccc(-c4ccccc4C)cc23)cn1,CHEMBL1488990,0.0,CurationNote.canonical,
None,,nan,,CurationIssue.rdkit_failed
None,,nan,,CurationIssue.rdkit_failed
None,,nan,,CurationIssue.rdkit_failed
None,,nan,,CurationIssue.rdkit_failed
None,,nan,,CurationIssue.rdkit_failed
None,ROXARSONE,nan,,CurationIssue.rdkit_failed
COc1ccc2c(c1)[C@]13CCCC[C@@H]1[C@H](C2)NCC3,CHEMBL1638,1.0,CurationNote.canonical,
O=c1c2ccccc2nc(N2CCCC2)n1-c1ccc(Cl)cc1,CHEMBL1443681,1.0,CurationNote.canonical,
COc1ccc(N(C(=O)Cn2nnc3ccccc32)C2(C(=O)NC3CCCC3)CCCCC2)cc1,CHEMBL1467618,0.0,CurationNote.canonical,
C[C@@H](C(=O)N[C@@H](CO)Cc1ccccc1)[C@H]1C[C@]1(C)[C@H](NC(=O)OCc1ccccc1)c1ccccc1,CHEMBL1318400,1.0,CurationNote.canonical,
Clc1ccc(/N=C(\c2ccccc2)N2CCOCC2)cc1Cl,CHEMBL3212631,1.0,CurationNote.canonical,
None,,nan,,CurationIssue.rdkit_failed
None,,nan,,CurationIssue.rdkit_failed
None,,nan,,CurationIssue.rdkit_failed
None,,nan,,CurationIssue.rdkit_failed
None,,nan,,CurationIssue.rdkit_failed
None,ISRADIPINE,nan,,CurationIssue.rdkit_failed
None,,nan,,CurationIssue.rdkit_failed
None,,nan,,CurationIssue.rdkit_failed
None,,nan,,CurationIssue.rdkit_failed
None,,nan,,CurationIssue.rdkit_failed
None,,nan,,CurationIssue.rdkit_failed
None,,nan,,CurationIssue.rdkit_failed
None,,nan,,CurationIssue.rdkit_failed
None,,nan,,CurationIssue.rdkit_failed
None,,nan,,CurationIssue.rdkit_failed
None,,nan,,CurationIssue.rdkit_failed
None,,nan,,CurationIssue.rdkit_failed
None,,nan,,CurationIssue.rdkit_failed
None,,nan,,CurationIssue.rdkit_failed
None,,nan,,CurationIssue.rdkit_failed
None,,nan,,CurationIssue.rdkit_failed
None,,nan,,CurationIssue.rdkit_failed
None,,nan,,CurationIssue.rdkit_failed
None,,nan,,CurationIssue.rdkit_failed
None,,nan,,CurationIssue.rdkit_failed
None,L-NIL,nan,,CurationIssue.rdkit_failed
None,,nan,,CurationIssue.rdkit_failed
None,,nan,,CurationIssue.rdkit_failed
None,,nan,,CurationIssue.rdkit_failed
None,,nan,,CurationIssue.rdkit_failed
None,,nan,,CurationIssue.rdkit_failed
None,QUINPIROLE,nan,,CurationIssue.rdkit_failed
None,,nan,,CurationIssue.rdkit_failed
None,,nan,,CurationIssue.rdkit_failed
None,,nan,,CurationIssue.rdkit_failed
None,,nan,,CurationIssue.rdkit_failed
None,,nan,,CurationIssue.rdkit_failed
None,,nan,,CurationIssue.rdkit_failed
None,,nan,,CurationIssue.rdkit_failed
None,,nan,,CurationIssue.rdkit_failed
None,,nan,,CurationIssue.rdkit_failed
None,,nan,,CurationIssue.rdkit_failed
None,RICININE,nan,,CurationIssue.rdkit_failed
None,,nan,,CurationIssue.rdkit_failed
None,,nan,,CurationIssue.rdkit_failed
None,,nan,,CurationIssue.rdkit_failed
None,,nan,,CurationIssue.rdkit_failed
None,,nan,,CurationIssue.rdkit_failed
None,,nan,,CurationIssue.rdkit_failed
None,,nan,,CurationIssue.rdkit_failed
None,,nan,,CurationIssue.rdkit_failed
None,,nan,,CurationIssue.rdkit_failed
None,,nan,,CurationIssue.rdkit_failed
None,,nan,,CurationIssue.rdkit_failed
None,,nan,,CurationIssue.rdkit_failed
None,,nan,,CurationIssue.rdkit_failed
None,,nan,,CurationIssue.rdkit_failed
None,,nan,,CurationIssue.rdkit_failed
None,,nan,,CurationIssue.rdkit_failed
None,,nan,,CurationIssue.rdkit_failed
None,,nan,,CurationIssue.rdkit_failed
None,,nan,,CurationIssue.rdkit_failed
None,,nan,,CurationIssue.rdkit_failed
None,,nan,,CurationIssue.rdkit_failed
None,,nan,,CurationIssue.rdkit_failed
None,,nan,,CurationIssue.rdkit_failed
None,,nan,,CurationIssue.rdkit_failed
CN(/C=C/C1=[N+](C)c2ccccc2C1(C)C)c1ccccc1.[I-],CHEMBL1485727,1.0,CurationNote.canonical,CurationIssue.mixture
CCCC/C=C/C(NC(=O)OCc1ccccc1Cl)c1ccccc1,CHEMBL1413637,1.0,CurationNote.canonical,
C[C@@H](C(=O)Nc1ccc2ccccc2c1)[C@@H]1C[C@@]1(C)[C@@H](NC(=O)OCc1ccccc1)c1ccccc1,CHEMBL1358896,0.0,CurationNote.canonical,
c1nc(NC2CCNCC2)c2cc(-c3ccoc3)ccc2n1,CHEMBL1455926,0.0,CurationNote.canonical,
COc1ccc(C(=O)N2CCC[C@@]3(CCN(Cc4ccccc4OC)C3)C2)cc1,CHEMBL1484127,1.0,CurationNote.canonical,
O=C1CC(c2cccc(F)c2)SC(N(c2ccccc2)c2ccccc2)=N1,CHEMBL1344002,0.0,CurationNote.canonical,
None,,nan,,CurationIssue.rdkit_failed
None,,nan,,CurationIssue.rdkit_failed
None,,nan,,CurationIssue.rdkit_failed
O=C(CC(c1ccccc1)c1ccccc1)Nc1ccc2c(c1)OCCO2,CHEMBL1319275,1.0,CurationNote.canonical,
O=C(CNS(=O)(=O)c1ccc(Br)s1)N1CCC(N2CCCCC2)CC1,CHEMBL1359761,0.0,CurationNote.canonical,
None,,nan,,CurationIssue.rdkit_failed
None,,nan,,CurationIssue.rdkit_failed
None,,nan,,CurationIssue.rdkit_failed
None,,nan,,CurationIssue.rdkit_failed
None,,nan,,CurationIssue.rdkit_failed
None,,nan,,CurationIssue.rdkit_failed
None,,nan,,CurationIssue.rdkit_failed
None,,nan,,CurationIssue.rdkit_failed
None,,nan,,CurationIssue.rdkit_failed
Cc1cc2nc(C3CCCN(C(=O)NCc4ccccc4)C3)[nH]c2cc1C,CHEMBL1611715,1.0,CurationNote.canonical,
CCN(CC)c1ccc2c(Cl)cc(=O)oc2c1,CHEMBL1423810,0.0,CurationNote.canonical,
CCOC(=O)C1=C(c2ccccc2)N=c2s/c(=C\c3cccc(O)c3)c(=O)n2C1c1cccs1,CHEMBL1985350,1.0,CurationNote.canonical,
None,,nan,,CurationIssue.rdkit_failed
None,,nan,,CurationIssue.rdkit_failed
None,,nan,,CurationIssue.rdkit_failed
None,BETAZOLE,nan,,CurationIssue.rdkit_failed
None,,nan,,CurationIssue.rdkit_failed
None,,nan,,CurationIssue.rdkit_failed
None,,nan,,CurationIssue.rdkit_failed
None,LEVODOPA,nan,,CurationIssue.rdkit_failed
None,,nan,,CurationIssue.rdkit_failed
None,,nan,,CurationIssue.rdkit_failed
None,,nan,,CurationIssue.rdkit_failed
None,,nan,,CurationIssue.rdkit_failed
None,,nan,,CurationIssue.rdkit_failed
Cc1nn(-c2nc3ccccc3[nH]2)c(N)c1-c1ccc(Cl)cc1,CHEMBL1313588,0.0,CurationNote.canonical,
Cc1cnc(CNc2ncncc2-c2ccccc2C)cn1,CHEMBL1395241,0.0,CurationNote.canonical,
None,,nan,,CurationIssue.rdkit_failed
None,,nan,,CurationIssue.rdkit_failed
None,,nan,,CurationIssue.rdkit_failed
None,,nan,,CurationIssue.rdkit_failed
None,,nan,,CurationIssue.rdkit_failed
None,,nan,,CurationIssue.rdkit_failed
None,,nan,,CurationIssue.rdkit_failed
None,,nan,,CurationIssue.rdkit_failed
None,,nan,,CurationIssue.rdkit_failed
None,,nan,,CurationIssue.rdkit_failed
None,,nan,,CurationIssue.rdkit_failed
None,,nan,,CurationIssue.rdkit_failed
None,,nan,,CurationIssue.rdkit_failed
None,,nan,,CurationIssue.rdkit_failed
None,,nan,,CurationIssue.rdkit_failed
None,,nan,,CurationIssue.rdkit_failed
None,,nan,,CurationIssue.rdkit_failed
None,,nan,,CurationIssue.rdkit_failed
None,,nan,,CurationIssue.rdkit_failed
None,,nan,,CurationIssue.rdkit_failed
None,,nan,,CurationIssue.rdkit_failed
None,,nan,,CurationIssue.rdkit_failed
None,,nan,,CurationIssue.rdkit_failed
None,,nan,,CurationIssue.rdkit_failed
None,,nan,,CurationIssue.rdkit_failed
None,,nan,,CurationIssue.rdkit_failed
None,,nan,,CurationIssue.rdkit_failed
None,,nan,,CurationIssue.rdkit_failed
None,,nan,,CurationIssue.rdkit_failed
None,,nan,,CurationIssue.rdkit_failed
None,,nan,,CurationIssue.rdkit_failed
None,NIFEDIPINE,nan,,CurationIssue.rdkit_failed
None,,nan,,CurationIssue.rdkit_failed
None,,nan,,CurationIssue.rdkit_failed
None,,nan,,CurationIssue.rdkit_failed
None,,nan,,CurationIssue.rdkit_failed
None,,nan,,CurationIssue.rdkit_failed
None,R-KETOPROFEN,nan,,CurationIssue.rdkit_failed
None,,nan,,CurationIssue.rdkit_failed
None,,nan,,CurationIssue.rdkit_failed
None,,nan,,CurationIssue.rdkit_failed
None,,nan,,CurationIssue.rdkit_failed
None,,nan,,CurationIssue.rdkit_failed
None,,nan,,CurationIssue.rdkit_failed
None,,nan,,CurationIssue.rdkit_failed
None,,nan,,CurationIssue.rdkit_failed
None,,nan,,CurationIssue.rdkit_failed
None,,nan,,CurationIssue.rdkit_failed
None,,nan,,CurationIssue.rdkit_failed
None,,nan,,CurationIssue.rdkit_failed
None,,nan,,CurationIssue.rdkit_failed
None,,nan,,CurationIssue.rdkit_failed
None,,nan,,CurationIssue.rdkit_failed
None,,nan,,CurationIssue.rdkit_failed
None,,nan,,CurationIssue.rdkit_failed
None,,nan,,CurationIssue.rdkit_failed
None,,nan,,CurationIssue.rdkit_failed
CCCN(CCC)CCCNC(=O)C[S+]([O-])Cc1nc(-c2ccc(OC)c(OC)c2)oc1C,CHEMBL1580538,1.0,CurationNote.canonical,
None,,nan,,CurationIssue.rdkit_failed
CCCC[C@H]1C[C@@H]1[C@@H]1N(P(=O)(c2ccccc2)c2ccccc2)C[C@@](O)(c2ccccc2)CC12CC2,CHEMBL1319432,0.0,CurationNote.canonical,
c1cncc(CNc2nc(-c3ccc4c(c3)OCO4)nc3ccccc23)c1,CHEMBL1518415,0.0,CurationNote.canonical,
Cc1cccc(CNc2ncncc2-c2cccc(NS(C)(=O)=O)c2)c1,CHEMBL490913,0.0,CurationNote.canonical,
O=c1c(-c2ccc(Cl)cc2)nc2cnc(N3CCNCC3)nc2n1CCc1ccccc1,CHEMBL1363622,0.0,CurationNote.canonical,
COc1ccc2c(c1)c1c(C)c3cnccc3c(C)c1n2CCCN,CHEMBL363332,1.0,CurationNote.canonical,
O=C(NC1CCCCC1)NC1CC2CCC(C1)N2Cc1nnnn1Cc1ccc2c(c1)OCO2,CHEMBL1382013,1.0,CurationNote.canonical,
C/C(CCN1CCCCc2nc(C)c(C)cc21)=N\OC[C@@H](O)COCc1ccco1,CHEMBL1455203,1.0,CurationNote.canonical,
CC1(C)CC(=O)C2=C(C1)Oc1nc3ccccc3cc1C2C(C#N)C#N,CHEMBL1383447,1.0,CurationNote.canonical,
Cc1cccc(N(CC(=O)NCCSCc2ccco2)S(=O)(=O)c2ccccc2)c1,CHEMBL1485397,1.0,CurationNote.canonical,
None,,nan,,CurationIssue.rdkit_failed
None,,nan,,CurationIssue.rdkit_failed
None,,nan,,CurationIssue.rdkit_failed
None,,nan,,CurationIssue.rdkit_failed
None,,nan,,CurationIssue.rdkit_failed
None,,nan,,CurationIssue.rdkit_failed
None,,nan,,CurationIssue.rdkit_failed
None,,nan,,CurationIssue.rdkit_failed
None,,nan,,CurationIssue.rdkit_failed
None,QUIPAZINE,nan,,CurationIssue.rdkit_failed
None,,nan,,CurationIssue.rdkit_failed
None,,nan,,CurationIssue.rdkit_failed
None,,nan,,CurationIssue.rdkit_failed
None,,nan,,CurationIssue.rdkit_failed
None,,nan,,CurationIssue.rdkit_failed
None,,nan,,CurationIssue.rdkit_failed
None,CHLORZOXAZONE,nan,,CurationIssue.rdkit_failed
None,,nan,,CurationIssue.rdkit_failed
None,,nan,,CurationIssue.rdkit_failed
None,NIRIDAZOLE,nan,,CurationIssue.rdkit_failed
None,,nan,,CurationIssue.rdkit_failed
None,,nan,,CurationIssue.rdkit_failed
None,,nan,,CurationIssue.rdkit_failed
None,,nan,,CurationIssue.rdkit_failed
None,,nan,,CurationIssue.rdkit_failed
None,,nan,,CurationIssue.rdkit_failed
None,BEZAFIBRATE,nan,,CurationIssue.rdkit_failed
None,,nan,,CurationIssue.rdkit_failed
None,,nan,,CurationIssue.rdkit_failed
None,,nan,,CurationIssue.rdkit_failed
None,,nan,,CurationIssue.rdkit_failed
None,,nan,,CurationIssue.rdkit_failed
None,,nan,,CurationIssue.rdkit_failed
None,URAPIDIL,nan,,CurationIssue.rdkit_failed
None,,nan,,CurationIssue.rdkit_failed
None,,nan,,CurationIssue.rdkit_failed
None,,nan,,CurationIssue.rdkit_failed
None,,nan,,CurationIssue.rdkit_failed
None,,nan,,CurationIssue.rdkit_failed
None,,nan,,CurationIssue.rdkit_failed
None,,nan,,CurationIssue.rdkit_failed
None,,nan,,CurationIssue.rdkit_failed
C=C(C)[C@H]1[C@@H]2C(=O)O[C@H]1[C@H]1OC(=O)[C@@]34O[C@@H]3C[C@]2(O)[C@]14C.CC(C)(O)[C@H]1[C@@H]2C(=O)O[C@H]1[C@H]1OC(=O)[C@@]34O[C@@H]3C[C@]2(O)[C@]14C,CHEMBL1473956,0.0,CurationNote.canonical,CurationIssue.mixture
Cc1ccc2c(c1)N(CC(=O)NC1CCC(C)CC1)C(=O)CO2,CHEMBL1525261,0.0,CurationNote.canonical,
Clc1ccc2c(N[C@H]3CC[C@H](N4CCCCC4)CC3)ccnc2c1,CHEMBL1336782,1.0,CurationNote.canonical,
N=C(Nc1ccc(I)cc1)NC1C2CC3CC(C2)CC1C3,CHEMBL1484738,1.0,CurationNote.canonical,
CNc1ncnc2ccc(-c3ccccc3OC)cc12,CHEMBL1357199,0.0,CurationNote.canonical,
CC[C@@H]1CN2CCc3cc(OC)c(OC)cc3[C@H]2C[C@@H]1C[C@@H]1NCCc2cc(O)c(OC)cc21.Cl.Cl.O.O.O.O.O.O.O,CHEMBL1357014,1.0,CurationNote.canonical,CurationIssue.mixture
CCNc1ncc2nc(-c3cc(F)cc(F)c3)c(=O)n(CCC#N)c2n1,CHEMBL1315129,1.0,CurationNote.canonical,
None,,nan,,CurationIssue.rdkit_failed
None,,nan,,CurationIssue.rdkit_failed
None,,nan,,CurationIssue.rdkit_failed
None,,nan,,CurationIssue.rdkit_failed
None,,nan,,CurationIssue.rdkit_failed
None,,nan,,CurationIssue.rdkit_failed
None,,nan,,CurationIssue.rdkit_failed
None,,nan,,CurationIssue.rdkit_failed
None,,nan,,CurationIssue.rdkit_failed
None,,nan,,CurationIssue.rdkit_failed
None,,nan,,CurationIssue.rdkit_failed
None,CHLORAMBUCIL,nan,,CurationIssue.rdkit_failed
COc1ccc(CNc2cc(-c3cccnc3)ncn2)c(OC)c1,CHEMBL1358234,0.0,CurationNote.canonical,
O=C(NCC1CC1)[C@@H]1C[C@H]1[C@@H](NP(=O)(c1ccccc1)c1ccccc1)c1ccccc1,CHEMBL1411081,0.0,CurationNote.canonical,
CC1(C)N=C(N)N=C(Nc2ccccc2)N1,CHEMBL574189,0.0,CurationNote.canonical,
c1ccc2c(NCCN3CCOCC3)nc(-c3ccoc3)nc2c1,CHEMBL1435086,0.0,CurationNote.canonical,
CNC(=O)[C@H](C)[C@H]1C[C@]1(C)[C@H](NC(=O)OCc1ccccc1)c1ccccc1,CHEMBL1483712,0.0,CurationNote.canonical,
COc1ccc(-c2cc([C@H](O)[C@@H]3CCCCN3)c3ccccc3n2)cc1,CHEMBL1561411,1.0,CurationNote.canonical,
CCOc1cccc(CNCCNC(=O)c2nonc2N)c1.Cl,CHEMBL1380806,1.0,CurationNote.canonical,CurationIssue.mixture
None,,nan,,CurationIssue.rdkit_failed
None,,nan,,CurationIssue.rdkit_failed
None,,nan,,CurationIssue.rdkit_failed
None,,nan,,CurationIssue.rdkit_failed
None,L-732138,nan,,CurationIssue.rdkit_failed
None,,nan,,CurationIssue.rdkit_failed
None,,nan,,CurationIssue.rdkit_failed
None,,nan,,CurationIssue.rdkit_failed
None,,nan,,CurationIssue.rdkit_failed
None,,nan,,CurationIssue.rdkit_failed
None,,nan,,CurationIssue.rdkit_failed
None,,nan,,CurationIssue.rdkit_failed
None,,nan,,CurationIssue.rdkit_failed
None,,nan,,CurationIssue.rdkit_failed
None,,nan,,CurationIssue.rdkit_failed
None,,nan,,CurationIssue.rdkit_failed
None,,nan,,CurationIssue.rdkit_failed
None,,nan,,CurationIssue.rdkit_failed
None,,nan,,CurationIssue.rdkit_failed
None,,nan,,CurationIssue.rdkit_failed
None,,nan,,CurationIssue.rdkit_failed
None,,nan,,CurationIssue.rdkit_failed
None,,nan,,CurationIssue.rdkit_failed
None,,nan,,CurationIssue.rdkit_failed
None,,nan,,CurationIssue.rdkit_failed
None,,nan,,CurationIssue.rdkit_failed
None,,nan,,CurationIssue.rdkit_failed
Cc1nc2cnc(Nc3ccccc3)nc2n(C)c1=O,CHEMBL1516262,0.0,CurationNote.canonical,
CC(C)CN1CCCC2(CCN(C(=O)c3cc(C(F)(F)F)cc(C(F)(F)F)c3)CC2)C1,CHEMBL1514779,1.0,CurationNote.canonical,
O=C(c1ccncc1)N1CCC2(CCCN(c3ccccc3)C2)CC1,CHEMBL1603186,1.0,CurationNote.canonical,
c1cncc(CNc2ncnc3ccc(-c4ccoc4)cc23)c1,CHEMBL1408427,0.0,CurationNote.canonical,
CCc1c(C)nc(N)n2c(SCC(=O)Nc3ccccc3)nnc12,CHEMBL1483307,1.0,CurationNote.canonical,
NC(=O)/C(=N\OC(=O)c1ccco1)c1nc(-c2ccc(Br)cc2)cs1,CHEMBL3196672,0.0,CurationNote.canonical,
O=C(c1csnn1)N1CCC2(CC1)CCN(c1ncccn1)CC2,CHEMBL1513160,0.0,CurationNote.canonical,
O=S(=O)(c1ccccc1)N1CCC2(CCCN(Cc3ccccc3)C2)CC1,CHEMBL1593443,1.0,CurationNote.canonical,
Cc1ccc2[nH]c(C)c(/C=N/Nc3nc4ccccc4s3)c2c1,CHEMBL3196691,0.0,CurationNote.canonical,
CCNc1ncc2nc(-c3ccccc3)c(=O)n(C3CC3)c2n1,CHEMBL1514280,1.0,CurationNote.canonical,
CC(=O)Nc1ccc(S(=O)(=O)N2CCN(c3nc(NC4CCCC4)c4ccccc4n3)CC2)cc1,CHEMBL546597,0.0,CurationNote.canonical,
CCCNC[C@H](O)COc1ccccc1C(=O)CCc1ccccc1,CHEMBL1322675,1.0,CurationNote.canonical,CurationIssue.duplicate
CN(C)CC[C@H](c1ccc(Br)cc1)c1ccccn1,CHEMBL1400543,0.0,CurationNote.canonical,CurationIssue.duplicate
COc1cccc([C@@H]2Oc3ccc(OC)cc3/C(=N/O[C@@H](C)CN3CCCCc4nc(C)c(C)cc43)[C@@H]2O)c1,CHEMBL1555164,1.0,CurationNote.canonical,
CCOc1c2ccc(C(=O)NCCc3cccs3)cc2nn1CC,CHEMBL1426718,1.0,CurationNote.canonical,
Cc1noc(C)c1-c1nc(NCc2ccccc2)c2ccccc2n1,CHEMBL1525602,1.0,CurationNote.canonical,
Clc1cccc(/C=N\C=N/c2cccc(Cl)c2)c1,CHEMBL1398456,0.0,CurationNote.canonical,
CN1CCN(c2nc(-c3cccc(C#N)c3)nc3ccccc23)CC1,CHEMBL1573058,0.0,CurationNote.canonical,
Oc1ccc(Cc2cc(Cl)cc(Cl)c2O)cc1Cl,CHEMBL1337781,1.0,CurationNote.canonical,
O=C(CSCc1ccccc1Cl)NNC(=S)Nc1ccccc1,CHEMBL1611463,0.0,CurationNote.canonical,
CC1CCC(C(C)C)C(OCC(O)CN2CCN(Cc3ccccc3)CC2)C1.Cl,CHEMBL1578591,1.0,CurationNote.canonical,CurationIssue.mixture
CS(=O)(=O)Nc1cccc(-c2nc(Nc3ccccc3)c3ccccc3n2)c1,CHEMBL1599118,1.0,CurationNote.canonical,
None,,nan,,CurationIssue.rdkit_failed
None,,nan,,CurationIssue.rdkit_failed
None,ENOXIMONE,nan,,CurationIssue.rdkit_failed
None,,nan,,CurationIssue.rdkit_failed
None,,nan,,CurationIssue.rdkit_failed
None,,nan,,CurationIssue.rdkit_failed
None,,nan,,CurationIssue.rdkit_failed
None,,nan,,CurationIssue.rdkit_failed
None,,nan,,CurationIssue.rdkit_failed
None,,nan,,CurationIssue.rdkit_failed
None,,nan,,CurationIssue.rdkit_failed
None,,nan,,CurationIssue.rdkit_failed
None,L-NIO,nan,,CurationIssue.rdkit_failed
None,,nan,,CurationIssue.rdkit_failed
None,,nan,,CurationIssue.rdkit_failed
None,,nan,,CurationIssue.rdkit_failed
None,,nan,,CurationIssue.rdkit_failed
None,,nan,,CurationIssue.rdkit_failed
CCOc1c(OC(C)=O)ccc(/C=C/c2ccc3cccc(OC(C)=O)c3n2)c1[N+](=O)[O-],CHEMBL1502201,1.0,CurationNote.canonical,
CN(C)Cc1cc(C(C)(C)C)cc(CNC2CCCCC2)c1O,CHEMBL1451224,1.0,CurationNote.canonical,
Cc1cc2nc(SCCOC(=O)Nc3ccc(Cl)cc3)nc(C)c2cc1C,CHEMBL1574504,1.0,CurationNote.canonical,
CC1(C)N=C(N)N=C(N)N1CCCCc1ccccc1,CHEMBL1374363,1.0,CurationNote.canonical,
CN1CC[C@@]2(CCCN(S(=O)(=O)c3ccccc3)C2)C1,CHEMBL1591548,1.0,CurationNote.canonical,
CC(NCc1ccc(Cl)cc1Cl)C(O)c1ccccc1.Cl,CHEMBL1386361,1.0,CurationNote.canonical,CurationIssue.mixture
N=C(N)N/N=C\c1c(Cl)cccc1Cl,CHEMBL1331786,0.0,CurationNote.canonical,CurationIssue.duplicate
C[C@H](NC(C)(C)C)C(=O)c1cccc(Cl)c1,CHEMBL249669,0.0,CurationNote.canonical,CurationIssue.duplicate
COc1cc2c(cc1OC)C(CCN)=NCC2,CHEMBL1374028,1.0,CurationNote.canonical,
COC(=O)[C@@]1(Cc2ccc(F)cc2)[C@H]2c3cc(C(=O)N4CCCC4)n(Cc4ccc(C)o4)c3C[C@H]2CN1C(=O)c1ccccc1,CHEMBL1492205,0.0,CurationNote.canonical,
CC(C)C(=O)NCCCc1ccccc1,CHEMBL1505026,0.0,CurationNote.canonical,
COc1ccc2[nH]cc(CCNc3ncncc3-c3ccccc3CN(C)C)c2c1,CHEMBL1320904,1.0,CurationNote.canonical,
COc1cc(/C=N/Nc2snc(SC)c2C#N)cc(OC)c1OC,CHEMBL3190830,0.0,CurationNote.canonical,
COc1cccc(-c2nccc(NCc3cccc(C)c3)n2)c1,CHEMBL1318310,1.0,CurationNote.canonical,
Clc1ccccc1-c1ccc2ncnc(NCCN3CCOCC3)c2c1,CHEMBL1361750,1.0,CurationNote.canonical,
CCNc1nc(NC(C)C)nc(SCCOc2ccc(C)cc2)n1,CHEMBL1361757,0.0,CurationNote.canonical,
COc1ccccc1CNc1nc(-c2c(C)noc2C)nc2ccccc12,CHEMBL1358272,1.0,CurationNote.canonical,
O=C(CCN1CCCCC1)c1csc2ccccc12,CHEMBL1330114,1.0,CurationNote.canonical,
C#CCOC(=O)C1=CCCN(C)C1.Cc1ccc(S(=O)(=O)O)cc1,CHEMBL1475038,0.0,CurationNote.canonical,CurationIssue.mixture
COC(=O)[C@H]1[C@@H](O)CC[C@H]2CN3CCc4c([nH]c5ccccc45)[C@@H]3C[C@H]21,CHEMBL1327758,1.0,CurationNote.canonical,CurationIssue.duplicate
COC(=O)[C@@]1(Cc2ccc(F)cc2)[C@H]2c3cc(C(=O)N(C)C)n(Cc4ccccc4)c3C[C@H]2CN1C(=O)c1ccccc1,CHEMBL1332346,0.0,CurationNote.canonical,
CCn1c(=O)cc(OCC(=O)Nc2cccnc2)c2ccccc21,CHEMBL1588603,1.0,CurationNote.canonical,
None,,nan,,CurationIssue.rdkit_failed
COc1ncc2nc(CCc3ccccc3)c(=O)n(C3CC3)c2n1,CHEMBL1433785,0.0,CurationNote.canonical,
FC(F)(F)c1nc2ccccc2nc1N/N=C/c1ccc(Cl)cc1,CHEMBL3196390,1.0,CurationNote.canonical,
CC(=O)NCCNc1nc(-c2ccc(N(C)C)cc2)nc2ccccc12,CHEMBL1361552,0.0,CurationNote.canonical,
COC(=O)c1c(NC(C)=O)sc(Cc2ccccc2)c1C,CHEMBL1582527,0.0,CurationNote.canonical,
COc1c(O)ccc2c1CN1CCc3cc4c(cc3[C@@H]1C2)OCO4,CHEMBL1457510,1.0,CurationNote.canonical,
None,,nan,,CurationIssue.rdkit_failed
CS(=O)(=O)Nc1cccc(-c2ccc3ncnc(NCc4cccs4)c3c2)c1,CHEMBL1314222,0.0,CurationNote.canonical,
CN1CCN(c2ncnc3ccc(-c4ccc5c(c4)OCO5)cc23)CC1,CHEMBL1403793,1.0,CurationNote.canonical,
CC(C)CN1CC2(CCN(C(=O)c3csnn3)CC2)C1,CHEMBL1319517,1.0,CurationNote.canonical,
S=C1N[C@H](c2ccccc2)N[C@H](c2ccccc2)S1,CHEMBL1564927,1.0,CurationNote.canonical,
COc1cccc(-c2nc(N3CCN(C)CC3)c3ccccc3n2)c1,CHEMBL1317761,1.0,CurationNote.canonical,
C[C@@H](C(=O)N[C@@H](CO)Cc1ccccc1)[C@@H]1C[C@@]1(C)[C@@H](NC(=O)OCc1ccccc1)c1ccccc1,CHEMBL1527555,0.0,CurationNote.canonical,
Cc1ccc2[nH]c3c(N4CCc5ccccc5C4)ncnc3c2c1,CHEMBL1347469,1.0,CurationNote.canonical,
c1ccc(CNc2ncncc2-c2ccc3c(c2)OCO3)cc1,CHEMBL1355139,0.0,CurationNote.canonical,
CCN1/C(=C/c2ccc3cccc(C)c3[n+]2CC)Sc2ccccc21.[I-],CHEMBL1404792,1.0,CurationNote.canonical,CurationIssue.mixture
Cc1ccc(S(=O)(=O)NCCC(=O)NCc2ccccc2)cc1,CHEMBL1703300,0.0,CurationNote.canonical,
NCCNS(=O)(=O)c1cccc2cnccc12,CHEMBL344314,1.0,CurationNote.canonical,
COc1ccc(C(C(=O)NCc2ccccc2)N(Cc2cccs2)C(=O)c2cnccn2)cc1,CHEMBL1408484,0.0,CurationNote.canonical,
O=C1CC2(CCCC2)CC(=O)N1CCCCN1CCN(c2ncccn2)CC1,CHEMBL49,1.0,CurationNote.canonical,CurationIssue.duplicate
Cc1ccc(-c2nc3ccccc3[nH]2)cc1NC(=O)c1ccc2c(c1)OCO2,CHEMBL1450602,1.0,CurationNote.canonical,
C[C@@H](C(=O)NCc1ccc(S(C)(=O)=O)cc1)[C@H]1C[C@]1(C)[C@H](NC(=O)OCc1ccccc1)c1ccccc1,CHEMBL1488947,1.0,CurationNote.canonical,
CSc1cc2c(cc1C(F)(F)F)N(C(=O)Nc1cccnc1)CC2,CHEMBL276140,0.0,CurationNote.canonical,CurationIssue.inorganic
O=C(NCCCN1CCOCC1)c1cc(C(=O)C2CC2)c[nH]1,CHEMBL1741671,0.0,CurationNote.canonical,
N#Cc1c(-n2ccnc2)cccc1-n1ccnc1,CHEMBL1417861,1.0,CurationNote.canonical,
Cn1c(=O)c2nc(-c3ccccc3)oc2c2ccccc21,CHEMBL1500867,0.0,CurationNote.canonical,
Cc1ccc(C(=O)Nc2nc3ccccc3n3nnnc23)cc1,CHEMBL1545452,0.0,CurationNote.canonical,
Nc1ccncc1,CHEMBL284348,1.0,CurationNote.canonical,
O=C(Cn1c(SCC(=O)N2CCc3ccccc3C2)nc2ccccc21)NC1CCCC1,CHEMBL1339319,0.0,CurationNote.canonical,
O=C(O)c1ccccc1Nc1cccc(OCc2ccc3ccccc3n2)c1,CHEMBL18132,1.0,CurationNote.canonical,
Cc1ccc(CSc2nnc([C@@H]3CCCN3)o2)cc1.Cl,CHEMBL1742187,0.0,CurationNote.canonical,CurationIssue.mixture
OC1(c2ccc(Cl)cc2)CCN(Cc2c[nH]c3ccccc23)CC1,CHEMBL445102,1.0,CurationNote.canonical,
CCc1ccc(N/C(SCc2ccccc2C)=C(/C#N)C(=O)NCc2ccco2)cc1,CHEMBL1420680,0.0,CurationNote.canonical,
N#Cc1c(NC(=O)C(F)(F)F)sc2c3c(=O)c4ccccc4c(=O)c=3oc3ccccc3c12,CHEMBL1372282,1.0,CurationNote.canonical,
COc1cccc([C@@H]2Oc3ccc(OC)cc3/C(=N/O[C@@H](C)CN3CCCc4nc(C)c(C)cc43)[C@@H]2O)c1,CHEMBL1605152,1.0,CurationNote.canonical,
COc1ccc2[nH]cc(CCNc3nc(-c4ccc(N(C)C)cc4)nc4ccccc34)c2c1,CHEMBL1454544,1.0,CurationNote.canonical,
None,,nan,,CurationIssue.rdkit_failed
None,DIPYRIDYL,nan,,CurationIssue.rdkit_failed
None,,nan,,CurationIssue.rdkit_failed
None,,nan,,CurationIssue.rdkit_failed
None,,nan,,CurationIssue.rdkit_failed
None,,nan,,CurationIssue.rdkit_failed
None,,nan,,CurationIssue.rdkit_failed
None,,nan,,CurationIssue.rdkit_failed
None,,nan,,CurationIssue.rdkit_failed
None,,nan,,CurationIssue.rdkit_failed
None,,nan,,CurationIssue.rdkit_failed
None,,nan,,CurationIssue.rdkit_failed
None,,nan,,CurationIssue.rdkit_failed
None,,nan,,CurationIssue.rdkit_failed
None,,nan,,CurationIssue.rdkit_failed
None,BAICALEIN,nan,,CurationIssue.rdkit_failed
None,,nan,,CurationIssue.rdkit_failed
None,,nan,,CurationIssue.rdkit_failed
None,,nan,,CurationIssue.rdkit_failed
None,,nan,,CurationIssue.rdkit_failed
None,,nan,,CurationIssue.rdkit_failed
None,,nan,,CurationIssue.rdkit_failed
None,,nan,,CurationIssue.rdkit_failed
None,,nan,,CurationIssue.rdkit_failed
None,,nan,,CurationIssue.rdkit_failed
None,,nan,,CurationIssue.rdkit_failed
None,,nan,,CurationIssue.rdkit_failed
None,,nan,,CurationIssue.rdkit_failed
None,,nan,,CurationIssue.rdkit_failed
None,,nan,,CurationIssue.rdkit_failed
None,,nan,,CurationIssue.rdkit_failed
None,,nan,,CurationIssue.rdkit_failed
None,,nan,,CurationIssue.rdkit_failed
None,,nan,,CurationIssue.rdkit_failed
None,,nan,,CurationIssue.rdkit_failed
None,,nan,,CurationIssue.rdkit_failed
None,,nan,,CurationIssue.rdkit_failed
None,,nan,,CurationIssue.rdkit_failed
None,,nan,,CurationIssue.rdkit_failed
COc1ccccc1CN1CCC2(CC1)CCN(C(=O)c1ccncc1)CC2,CHEMBL1473925,1.0,CurationNote.canonical,
,CHEMBL1370772,0.0,CurationNote.canonical,CurationIssue.duplicate
None,,nan,,CurationIssue.rdkit_failed
None,,nan,,CurationIssue.rdkit_failed
None,,nan,,CurationIssue.rdkit_failed
None,,nan,,CurationIssue.rdkit_failed
c1ccc(CCCN2CCN(CCOC(c3ccccc3)c3ccccc3)CC2)cc1,CHEMBL26320,1.0,CurationNote.canonical,
COc1ccccc1N1CCN(Cc2cc(=O)n3ccsc3n2)CC1,CHEMBL1422909,0.0,CurationNote.canonical,
CCOC(=O)CCN1C(=O)[C@H]2CC[C@@H]3/C(=N\O[C@@H]4O[C@@H](COC(C)=O)[C@@H](OC(C)=O)[C@@H](OC(C)=O)[C@H]4OC(C)=O)C[C@@H](O)[C@@H](O)[C@@H]3[C@@H]2C1=O,CHEMBL1522267,1.0,CurationNote.canonical,
O=C(CSc1n[nH]c(-c2cccs2)n1)N1CCCc2ccccc21,CHEMBL1466551,0.0,CurationNote.canonical,CurationIssue.inorganic
None,,nan,,CurationIssue.rdkit_failed
None,,nan,,CurationIssue.rdkit_failed
None,,nan,,CurationIssue.rdkit_failed
None,,nan,,CurationIssue.rdkit_failed
None,,nan,,CurationIssue.rdkit_failed
None,,nan,,CurationIssue.rdkit_failed
None,,nan,,CurationIssue.rdkit_failed
None,,nan,,CurationIssue.rdkit_failed
None,,nan,,CurationIssue.rdkit_failed
None,,nan,,CurationIssue.rdkit_failed
None,,nan,,CurationIssue.rdkit_failed
Cc1ccc2[nH]c(/C(C#N)=C\c3ccc(OC(=O)c4cccs4)cc3)nc2c1,CHEMBL1346226,1.0,CurationNote.canonical,
CC1(C)CO[C@H](CC(=O)O)CN1,CHEMBL1395421,1.0,CurationNote.canonical,
COc1ccc(-c2nc3cnc(N4CCN(C)CC4)nc3n(CCc3ccccc3)c2=O)cc1,CHEMBL1493644,0.0,CurationNote.canonical,
COc1ccc(COC(=O)N/N=C2/C[C@@H](O)[C@@H](O)[C@H]3[C@@H]2CC[C@@H]2C(=O)N(c4cccc(Oc5ccccc5)c4)C(=O)[C@H]23)cc1,CHEMBL1594265,1.0,CurationNote.canonical,
CCOc1ccc(-c2cc(CCCC(=O)NCCc3ccc(OC)c(OC)c3OC)no2)cc1,CHEMBL1470566,1.0,CurationNote.canonical,
C/C(=N\CC(=O)O)c1ccccc1,CHEMBL1377140,1.0,CurationNote.canonical,
CC(C)OC(=O)c1nnn(-c2nonc2N)c1CSc1ccccn1,CHEMBL1456743,0.0,CurationNote.canonical,CurationIssue.inorganic
COc1ccc2c(c1)c(CC(=O)O)c(C)n2C(=O)c1ccc(Cl)cc1,CHEMBL6,0.0,CurationNote.canonical,
None,,nan,,CurationIssue.rdkit_failed
None,,nan,,CurationIssue.rdkit_failed
None,,nan,,CurationIssue.rdkit_failed
None,,nan,,CurationIssue.rdkit_failed
None,,nan,,CurationIssue.rdkit_failed
None,,nan,,CurationIssue.rdkit_failed
None,MALIC ACID,nan,,CurationIssue.rdkit_failed
None,,nan,,CurationIssue.rdkit_failed
None,,nan,,CurationIssue.rdkit_failed
CN(C)c1ccc2nc3c(C(=O)O)cc(=O)c(O)c-3oc2c1,CHEMBL1162107,1.0,CurationNote.canonical,
CCN(CC)N=Nc1[nH]nc2nc(C)cc(C)c12,CHEMBL1543433,0.0,CurationNote.canonical,
None,,nan,,CurationIssue.rdkit_failed
None,,nan,,CurationIssue.rdkit_failed
COc1ccccc1CNc1ncnc2ccc(-c3c(C)noc3C)cc12,CHEMBL1596241,0.0,CurationNote.canonical,
None,,nan,,CurationIssue.rdkit_failed
None,,nan,,CurationIssue.rdkit_failed
None,,nan,,CurationIssue.rdkit_failed
None,,nan,,CurationIssue.rdkit_failed
None,,nan,,CurationIssue.rdkit_failed
None,,nan,,CurationIssue.rdkit_failed
CCc1cccc(N(C)C(=N)Nc2cccc3ccccc23)c1,CHEMBL92484,1.0,CurationNote.canonical,
None,,nan,,CurationIssue.rdkit_failed
None,,nan,,CurationIssue.rdkit_failed
C#CCCCO/N=C1/C[C@@H](O)[C@@H](O)[C@H]2[C@@H]1CC[C@@H]1C(=O)N(c3cccc(Oc4ccccc4)c3)C(=O)[C@H]12,CHEMBL1410016,1.0,CurationNote.canonical,
None,,nan,,CurationIssue.rdkit_failed
None,,nan,,CurationIssue.rdkit_failed
None,,nan,,CurationIssue.rdkit_failed
None,,nan,,CurationIssue.rdkit_failed
None,,nan,,CurationIssue.rdkit_failed
None,,nan,,CurationIssue.rdkit_failed
None,,nan,,CurationIssue.rdkit_failed
None,,nan,,CurationIssue.rdkit_failed
None,,nan,,CurationIssue.rdkit_failed
None,,nan,,CurationIssue.rdkit_failed
None,,nan,,CurationIssue.rdkit_failed
None,,nan,,CurationIssue.rdkit_failed
None,,nan,,CurationIssue.rdkit_failed
None,,nan,,CurationIssue.rdkit_failed
None,,nan,,CurationIssue.rdkit_failed
None,,nan,,CurationIssue.rdkit_failed
None,,nan,,CurationIssue.rdkit_failed
None,,nan,,CurationIssue.rdkit_failed
None,,nan,,CurationIssue.rdkit_failed
None,,nan,,CurationIssue.rdkit_failed
None,,nan,,CurationIssue.rdkit_failed
None,,nan,,CurationIssue.rdkit_failed
None,,nan,,CurationIssue.rdkit_failed
None,CHLORZOXAZONE,nan,,CurationIssue.rdkit_failed
None,,nan,,CurationIssue.rdkit_failed
None,,nan,,CurationIssue.rdkit_failed
None,,nan,,CurationIssue.rdkit_failed
None,,nan,,CurationIssue.rdkit_failed
None,,nan,,CurationIssue.rdkit_failed
None,,nan,,CurationIssue.rdkit_failed
None,,nan,,CurationIssue.rdkit_failed
None,,nan,,CurationIssue.rdkit_failed
None,,nan,,CurationIssue.rdkit_failed
None,,nan,,CurationIssue.rdkit_failed
None,,nan,,CurationIssue.rdkit_failed
None,,nan,,CurationIssue.rdkit_failed
None,,nan,,CurationIssue.rdkit_failed
None,,nan,,CurationIssue.rdkit_failed
None,,nan,,CurationIssue.rdkit_failed
None,,nan,,CurationIssue.rdkit_failed
None,,nan,,CurationIssue.rdkit_failed
None,,nan,,CurationIssue.rdkit_failed
None,,nan,,CurationIssue.rdkit_failed
None,,nan,,CurationIssue.rdkit_failed
None,,nan,,CurationIssue.rdkit_failed
C[C@@H](Cc1ccccc1)[C@@H](C)N,CHEMBL1483789,1.0,CurationNote.canonical,
None,,nan,,CurationIssue.rdkit_failed
None,,nan,,CurationIssue.rdkit_failed
None,,nan,,CurationIssue.rdkit_failed
None,,nan,,CurationIssue.rdkit_failed
Cn1cccc1C(=O)N1CCC[C@@]2(CCN(C(c3ccccc3)c3ccccc3)C2)C1,CHEMBL1515295,0.0,CurationNote.canonical,
None,,nan,,CurationIssue.rdkit_failed
None,,nan,,CurationIssue.rdkit_failed
None,,nan,,CurationIssue.rdkit_failed
None,,nan,,CurationIssue.rdkit_failed
None,,nan,,CurationIssue.rdkit_failed
None,,nan,,CurationIssue.rdkit_failed
None,,nan,,CurationIssue.rdkit_failed
None,,nan,,CurationIssue.rdkit_failed
None,,nan,,CurationIssue.rdkit_failed
None,,nan,,CurationIssue.rdkit_failed
None,,nan,,CurationIssue.rdkit_failed
None,,nan,,CurationIssue.rdkit_failed
None,,nan,,CurationIssue.rdkit_failed
None,,nan,,CurationIssue.rdkit_failed
None,,nan,,CurationIssue.rdkit_failed
None,,nan,,CurationIssue.rdkit_failed
None,,nan,,CurationIssue.rdkit_failed
c1cncc(-c2nc(N3CCNCC3)c3ccccc3n2)c1,CHEMBL1590818,1.0,CurationNote.canonical,
O=C(CNC(=O)/C(=C\c1ccccc1)NC(=O)c1ccc(Br)cc1)OCc1ccccc1,CHEMBL1432119,0.0,CurationNote.canonical,
Cc1ccc2nc(-c3ccccc3)cc(C(=O)NCCCn3ccnc3)c2c1,CHEMBL1491874,1.0,CurationNote.canonical,
COc1cccc(-c2nccc(NCc3ccccc3)n2)c1,CHEMBL1355387,1.0,CurationNote.canonical,
None,,nan,,CurationIssue.rdkit_failed
None,,nan,,CurationIssue.rdkit_failed
None,,nan,,CurationIssue.rdkit_failed
None,,nan,,CurationIssue.rdkit_failed
None,,nan,,CurationIssue.rdkit_failed
None,,nan,,CurationIssue.rdkit_failed
None,,nan,,CurationIssue.rdkit_failed
C/C(=N/Nc1ccc2ccccc2n1)c1ccccc1O,CHEMBL1372850,1.0,CurationNote.canonical,
CCN(CC)CCOC(=O)c1cc(Cl)c(N)cc1OC,CHEMBL287045,0.0,CurationNote.canonical,
Cc1noc(C)c1-c1ccc2ncnc(Nc3ccc(F)cc3)c2c1,CHEMBL1357553,0.0,CurationNote.canonical,
O=C(CNC1CCCCCC1)Nc1ccccc1N1CCCCC1.O=C(O)C(=O)O,CHEMBL1581696,1.0,CurationNote.canonical,CurationIssue.mixture
None,,nan,,CurationIssue.rdkit_failed
None,,nan,,CurationIssue.rdkit_failed
None,,nan,,CurationIssue.rdkit_failed
None,,nan,,CurationIssue.rdkit_failed
None,REMOXIPRIDE,nan,,CurationIssue.rdkit_failed
None,,nan,,CurationIssue.rdkit_failed
None,,nan,,CurationIssue.rdkit_failed
None,,nan,,CurationIssue.rdkit_failed
None,,nan,,CurationIssue.rdkit_failed
None,,nan,,CurationIssue.rdkit_failed
None,,nan,,CurationIssue.rdkit_failed
None,CIS-UROCANIC ACID,nan,,CurationIssue.rdkit_failed
None,,nan,,CurationIssue.rdkit_failed
None,,nan,,CurationIssue.rdkit_failed
None,,nan,,CurationIssue.rdkit_failed
O=S(=O)(c1ccccc1)N1CCC2(CC1)CN(c1ccccn1)C2,CHEMBL1361905,0.0,CurationNote.canonical,
CCCCCCCC/C=C\CCCCCCCC(=O)NCc1ccc(O)c(OC)c1,CHEMBL76903,1.0,CurationNote.canonical,
O=C(c1ccco1)N1CCC2(CC1)CN(Cc1ccncc1)C2,CHEMBL1317232,0.0,CurationNote.canonical,
CCCN(CCC)CCc1cccc2c1CC(=O)N2,CHEMBL589,1.0,CurationNote.canonical,
None,,nan,,CurationIssue.rdkit_failed
COC(=O)[C@@]1(Cc2ccc(OC)cc2)[C@H]2c3cc(C(=O)N4CCCC4)n(CCc4c[nH]c5ccc(OC)cc45)c3C[C@H]2CN1C(=O)c1ccccc1,CHEMBL1399481,0.0,CurationNote.canonical,
COc1ccc2c(c1)CN([C@H](C)[C@@H]1CC[C@@H]3[C@H]4CC[C@H]5C[C@@H](O)CC[C@@]5(C)[C@H]4CC[C@]31C)CO2,CHEMBL1363367,1.0,CurationNote.canonical,
CC(=O)N1CCC2(CCCN(Cc3cc(C(F)(F)F)cc(C(F)(F)F)c3)C2)CC1,CHEMBL1453980,0.0,CurationNote.canonical,
CN1CCN(c2nc(-c3ccoc3)nc3ccccc23)CC1,CHEMBL1437056,0.0,CurationNote.canonical,
COc1cccc(-c2ccc3ncnc(N4CCN(C)CC4)c3c2)c1,CHEMBL1436540,0.0,CurationNote.canonical,
Cc1cccc(-n2c(C)cc(/C=N/n3cnnc3)c2C)c1,CHEMBL3214238,0.0,CurationNote.canonical,
Cc1onc(O)c1C[C@H](N)C(=O)O,CHEMBL276815,0.0,CurationNote.canonical,
C/C(=N\NC(=O)CC1N=C(Cc2ccccc2)NNC1=O)c1ccc(Cl)cc1Cl,CHEMBL3199657,0.0,CurationNote.canonical,
Cc1nn(C(=O)CN2C(=O)c3ccccc3C2=O)c(C)c1Br,CHEMBL1570347,1.0,CurationNote.canonical,
CN(C)CCC[C@@H]1c2ccccc2Oc2ccc(C(F)(F)F)cc21,CHEMBL1512742,1.0,CurationNote.canonical,
CCc1cc(Cl)c(OC)c(C(=O)NC[C@H]2CCN(CC)C2)c1O,CHEMBL1610296,1.0,CurationNote.canonical,
Cc1cccc(C)c1-n1nnnc1C(C)(C)/N=C/c1ccc(Cl)cc1,CHEMBL3199688,0.0,CurationNote.canonical,
CC(C)(C)NC[C@@H](O)COc1ccccc1C1CCCC1,CHEMBL87418,1.0,CurationNote.canonical,
Cc1noc(C)c1C(=O)N1CCC[C@@]2(CCN(c3cccc(-c4ccccc4)c3)C2)C1,CHEMBL1446905,1.0,CurationNote.canonical,
C[C@H](NC(C)(C)C)C(=O)c1cccc(Cl)c1,CHEMBL249669,1.0,CurationNote.canonical,
CC(C)c1cc(C(F)(F)F)nc(NNc2nc(C(C)C)cc(C(F)(F)F)n2)n1,CHEMBL1371510,1.0,CurationNote.canonical,
C=CC1=C(C)c2cc3nc(cc4[nH]c(cc5[nH]c(cc1n2)c(C)c5C=C)c(C)c4CCC(=O)O)C(CCC(=O)O)=C3C,CHEMBL267548,0.0,CurationNote.canonical,
Cc1cc(C(=O)N[C@H](c2ccccc2)[C@@]2(C)C[C@@H]2[C@@H](C)C(=O)Nc2ccc3ccccc3c2)no1,CHEMBL1408013,1.0,CurationNote.canonical,
CN(CCO)c1cc(Sc2nc3ccccc3s2)c2nonc2c1[N+](=O)[O-],CHEMBL1567159,0.0,CurationNote.canonical,CurationIssue.inorganic
O=C(Nc1cccnc1)c1ccc2snnc2c1,CHEMBL1516856,0.0,CurationNote.canonical,
Br.CCCCN1C2=NCCCN2c2ccccc21,CHEMBL1730423,1.0,CurationNote.canonical,CurationIssue.mixture
O=C(c1ccncc1)N1CCC2(CC1)CN(Cc1cc(C(F)(F)F)cc(C(F)(F)F)c1)C2,CHEMBL1404907,0.0,CurationNote.canonical,
COc1ccc(NC(=O)c2ccc(C)cc2Cl)c([N+](=O)[O-])c1,CHEMBL1527006,1.0,CurationNote.canonical,
Clc1cc2c(c(CSC3=NCN(CC4CC4)CN3)c1)OCOC2,CHEMBL1481160,1.0,CurationNote.canonical,
Cc1cc(C(=O)N/N=C/c2cccc(OC(=O)c3ccco3)c2)[nH]n1,CHEMBL3214385,0.0,CurationNote.canonical,
C[N+](C)(C)CCC(=O)c1cccc2ccccc12,CHEMBL1358898,1.0,CurationNote.canonical,
CCS(=O)(=O)c1ccc(O)c(NC(=O)Nc2ccccc2)c1,CHEMBL1742378,1.0,CurationNote.canonical,
CO/C(O)=C1\C(C)=NC2=C(C(=O)CCC2)C1c1cn(Cc2ccc(Cl)cc2Cl)nc1-c1ccccc1,CHEMBL3214406,1.0,CurationNote.canonical,
CCC(C(=O)NC(C)(C)C)N(C(=O)Cn1nnc(-c2cccs2)n1)c1cnc2ccccc2c1,CHEMBL1535905,0.0,CurationNote.canonical,
COc1ccc(N2C(N)=NC(N)=NC2(C)C)cc1.Cl,CHEMBL547101,0.0,CurationNote.canonical,CurationIssue.mixture
C[C@@H](C(=O)Nc1ccc2ccccc2c1)[C@H]1C[C@]1(C)[C@H](NC(=O)OCc1ccccc1)c1ccccc1,CHEMBL1335890,1.0,CurationNote.canonical,
COc1ccc2[nH]c(SCC(=O)c3ccco3)nc2c1,CHEMBL1598049,0.0,CurationNote.canonical,
COC(=O)N1CCC2(CC1)CN(C(c1ccccc1)c1ccccc1)C2,CHEMBL1338311,1.0,CurationNote.canonical,
c1csc(CNc2cc(-c3ccoc3)ncn2)c1,CHEMBL1354596,0.0,CurationNote.canonical,
Cc1c(C)n(C(=O)CN2CCC(C)CC2)c2ccccc12,CHEMBL1601589,1.0,CurationNote.canonical,
COc1cc([N+](=O)[O-])ccc1NC(=O)CCCOc1cccc(C)c1,CHEMBL1352779,0.0,CurationNote.canonical,
COC(=O)[C@@]1(Cc2ccccc2)[C@H]2c3cc(C(=O)N(C)C)n(Cc4cc(C)n(C)n4)c3C[C@H]2CN1C(=O)c1ccccc1,CHEMBL1369822,0.0,CurationNote.canonical,
C[C@H]1CN(CCCn2c3ccccc3c3ccccc32)C[C@@H](C)N1,CHEMBL275707,0.0,CurationNote.canonical,
Cn1ncc2c(NCCc3ccccc3)nc(Cl)nc21,CHEMBL1452389,1.0,CurationNote.canonical,
CCN(CC)CCCNC(=O)/C(=C/c1ccc[nH]1)NC(=O)c1ccccc1,CHEMBL1392374,0.0,CurationNote.canonical,
O=C(c1ccco1)N1CCC[C@@]2(CCN(c3cccc(-c4ccccc4)c3)C2)C1,CHEMBL1415728,0.0,CurationNote.canonical,
None,,nan,,CurationIssue.rdkit_failed
None,,nan,,CurationIssue.rdkit_failed
None,,nan,,CurationIssue.rdkit_failed
None,,nan,,CurationIssue.rdkit_failed
None,,nan,,CurationIssue.rdkit_failed
None,,nan,,CurationIssue.rdkit_failed
None,,nan,,CurationIssue.rdkit_failed
None,,nan,,CurationIssue.rdkit_failed
None,,nan,,CurationIssue.rdkit_failed
None,,nan,,CurationIssue.rdkit_failed
Cc1cc(OCc2nc(N)nc(N)c2-c2ccc(Cl)c(Cl)c2)ccc1[N+](=O)[O-],CHEMBL265177,1.0,CurationNote.canonical,
Cc1cc(=O)n2c3ccccc3n(CC(O)CN3CCCCC3)c2c1C#N,CHEMBL1413311,1.0,CurationNote.canonical,
C=CCNCCCCOc1c(Cl)cc(C)cc1Br.O=C(O)C(=O)O,CHEMBL1468692,1.0,CurationNote.canonical,CurationIssue.mixture
COc1ccc(C[C@H]2NC[C@H](O)[C@@H]2OC(C)=O)cc1,CHEMBL1440376,1.0,CurationNote.canonical,
CCCCOc1cc(C(=O)OCCN(CC)CC)ccc1N,CHEMBL1200,1.0,CurationNote.canonical,
None,,nan,,CurationIssue.rdkit_failed
None,,nan,,CurationIssue.rdkit_failed
None,AMIODARONE,nan,,CurationIssue.rdkit_failed
None,,nan,,CurationIssue.rdkit_failed
None,,nan,,CurationIssue.rdkit_failed
None,,nan,,CurationIssue.rdkit_failed
None,,nan,,CurationIssue.rdkit_failed
None,,nan,,CurationIssue.rdkit_failed
None,,nan,,CurationIssue.rdkit_failed
COc1ccc(Nc2ncnc3sc(-c4ccccc4)cc23)cc1,CHEMBL1424953,0.0,CurationNote.canonical,
O=C(Nc1cccc(F)c1)N1CC2(CCN(C(=O)c3ccncc3)CC2)C1,CHEMBL1364859,1.0,CurationNote.canonical,
Oc1cccc(-c2nc3c4c(ncn3n2)-c2ccccc2CC42CCCC2)c1,CHEMBL1379991,1.0,CurationNote.canonical,
COCOc1cc(OC)ccc1C(=O)/C=C\c1ccc2c(c1)OCO2,CHEMBL1437996,1.0,CurationNote.canonical,
Cc1ccc(OCC(O)Cn2c3ccccc3c3ccccc32)cc1,CHEMBL1447682,1.0,CurationNote.canonical,
CCOC(=O)[C@H](N)/C=C(\C)CP(=O)(O)O,CHEMBL1553399,1.0,CurationNote.canonical,
Cn1c(=O)n(C)c2cc(/C=C(/C#N)c3ccc(Cl)cc3)ccc21,CHEMBL1389497,0.0,CurationNote.canonical,
COc1cc(-c2nc3ccccn3c2/N=C/c2ccccc2)ccc1O,CHEMBL3189225,0.0,CurationNote.canonical,
COc1cccc(-c2cc(=O)c3ccccc3o2)c1N,CHEMBL35482,1.0,CurationNote.canonical,
COc1ccc(/C=C2\N=C(c3c(-c4ccccc4)noc3C)OC2=O)cc1OC,CHEMBL1471244,0.0,CurationNote.canonical,
Cl.O.O.O=C1CC[C@]2(O)[C@H]3Cc4ccc(O)c5c4[C@@]2(CCN3CC2CC2)[C@@H]1O5,CHEMBL1592773,1.0,CurationNote.canonical,CurationIssue.mixture
N[C@H](C(=O)O)[C@@H]1[C@@H](C(=O)O)C1(F)F,CHEMBL61605,1.0,CurationNote.canonical,
NC1=Nc2ccccc2Oc2ccccc21,CHEMBL1563753,0.0,CurationNote.canonical,
CCc1nnc(NC(=O)CCC(=O)NCc2ccccc2OC)s1,CHEMBL1741791,0.0,CurationNote.canonical,
None,,nan,,CurationIssue.rdkit_failed
Oc1ccccc1CNCc1ccccc1O,CHEMBL1358806,1.0,CurationNote.canonical,
CCOC(=O)C(=Cc1ccc(-c2ccsc2C(=O)OC)o1)C(=O)OCC,CHEMBL1556022,0.0,CurationNote.canonical,
N=c1sc2ccccc2n1CC[S-].c1ccc2c(c1)sc1[n+]2CCS1,CHEMBL1322864,1.0,CurationNote.canonical,CurationIssue.mixture
Cc1cccc(CNc2cc(-c3ccccc3CN(C)C)ncn2)c1,CHEMBL1365609,0.0,CurationNote.canonical,
COCCn1c(C)cc(C2=NN=C(Nc3ccc(F)cc3)SC2)c1C,CHEMBL1610312,1.0,CurationNote.canonical,
None,D-ALANINE,nan,,CurationIssue.rdkit_failed
None,,nan,,CurationIssue.rdkit_failed
None,,nan,,CurationIssue.rdkit_failed
COc1ccc(-c2c(C)nn(Cc3ccccc3)c2N)cc1,CHEMBL1341313,0.0,CurationNote.canonical,
COc1ccc(S(=O)(=O)NCCC(=O)NCc2ccc(F)cc2)cc1,CHEMBL1452905,0.0,CurationNote.canonical,
Nc1cc2c(nc3c4ccccc4c(N)cc3[n+]2-c2cccc3ccccc23)c2ccccc12.Nc1cc2c(nc3c4ccccc4ccc3[n+]2-c2cccc3ccccc23)c2ccccc12,CHEMBL1526964,1.0,CurationNote.canonical,CurationIssue.mixture
O=C(CSc1nc2ccccc2[nH]1)NCCN1CCCCC1,CHEMBL1605922,1.0,CurationNote.canonical,CurationIssue.inorganic
O=C(Oc1ccccc1)N1CCC[C@@]2(CCN(Cc3cc(C(F)(F)F)cc(C(F)(F)F)c3)C2)C1,CHEMBL1594078,0.0,CurationNote.canonical,
O=C(c1ccc([N+](=O)[O-])cc1)[C@@H](Br)[C@@H](Br)c1ccnc2ccccc12,CHEMBL1334357,1.0,CurationNote.canonical,
O=C(c1ccccc1)c1c[nH]c(C(=O)NCc2cccnc2)c1,CHEMBL1608233,0.0,CurationNote.canonical,
C[C@@H](C(=O)NCC1CC1)[C@H]1C[C@]1(C)[C@H](NC(=O)OCc1ccccc1)c1ccccc1,CHEMBL1593731,1.0,CurationNote.canonical,
Cc1cc(C)c2c(-n3cccc3)c(C(=O)NNS(=O)(=O)c3ccc(Br)cc3)sc2n1,CHEMBL1340013,1.0,CurationNote.canonical,
Nc1ccccc1SCc1csc(-c2ccc(Cl)cc2)n1,CHEMBL476135,1.0,CurationNote.canonical,
COc1ccccc1CNc1ncnc2ccc(-c3ccccc3CN(C)C)cc12,CHEMBL492121,1.0,CurationNote.canonical,
None,,nan,,CurationIssue.rdkit_failed
None,,nan,,CurationIssue.rdkit_failed
None,,nan,,CurationIssue.rdkit_failed
None,,nan,,CurationIssue.rdkit_failed
None,,nan,,CurationIssue.rdkit_failed
None,,nan,,CurationIssue.rdkit_failed
None,,nan,,CurationIssue.rdkit_failed
None,,nan,,CurationIssue.rdkit_failed
None,,nan,,CurationIssue.rdkit_failed
C[C@H]1COC(=O)[C@H]2CCCN2C(=O)[C@@H](C)COC(=O)[C@H]2CCCN2C1=O,CHEMBL1554023,1.0,CurationNote.canonical,
COc1ccccc1CNc1ncncc1-c1ccc(C(=O)N(C)C)cc1,CHEMBL490744,0.0,CurationNote.canonical,
N/C(=N\C(=O)c1nc(Cl)c(N)nc1N)NCc1ccccc1,CHEMBL212579,0.0,CurationNote.canonical,
Cc1noc(C)c1C(=O)N1CCC2(CCN(Cc3cc(C(F)(F)F)cc(C(F)(F)F)c3)CC2)CC1,CHEMBL1474613,0.0,CurationNote.canonical,
CCc1ccc(NC(=O)c2cc(C(C)C)on2)cc1,CHEMBL1451492,1.0,CurationNote.canonical,
O=C(COc1ccc2ccccc2c1)N1CCN(CC2CC3C=CC2C3)CC1.O=C(O)C(=O)O,CHEMBL1337078,1.0,CurationNote.canonical,CurationIssue.mixture
CN(C)Cc1ccccc1-c1nccc(NCc2cccs2)n1,CHEMBL1336175,1.0,CurationNote.canonical,
Cc1c(Cl)c([N+](=O)[O-])nn1Cc1ccc(C(=O)N/N=C\c2cccc(Br)c2)o1,CHEMBL3198312,0.0,CurationNote.canonical,
Cc1ccc(C(=O)Nc2cc3c(oc2=O)CCCC3=O)cc1,CHEMBL1432053,1.0,CurationNote.canonical,
CCc1cccc2c(-c3ccccc3)c3c(nc12)OCC3,CHEMBL1333556,0.0,CurationNote.canonical,
COc1cccc(NC(=O)COC(=O)c2c3c(nc4ccccc24)CCC(C)C3)c1,CHEMBL1505006,1.0,CurationNote.canonical,
COc1ccccc1CCn1c(=O)c(-c2cccs2)nc2cncnc21,CHEMBL1325766,1.0,CurationNote.canonical,
O=C(c1ccccc1)c1ccc(OCC(O)CN2CCN(Cc3ccccc3)CC2)cc1,CHEMBL1574158,1.0,CurationNote.canonical,
COc1cccc(NC(=S)N(CCc2nc3cc(C)c(C)cc3[nH]2)Cc2cccnc2)c1,CHEMBL1725383,1.0,CurationNote.canonical,
c1ccc(CCSc2nccn2-c2ccccc2)cc1,CHEMBL1404071,1.0,CurationNote.canonical,CurationIssue.inorganic
Cc1nc2nc(SCC(=O)NCc3ccco3)nn2c(C)c1Cc1c(F)cccc1Cl,CHEMBL1466951,0.0,CurationNote.canonical,
None,,nan,,CurationIssue.rdkit_failed
None,,nan,,CurationIssue.rdkit_failed
None,,nan,,CurationIssue.rdkit_failed
None,,nan,,CurationIssue.rdkit_failed
None,,nan,,CurationIssue.rdkit_failed
None,,nan,,CurationIssue.rdkit_failed
None,,nan,,CurationIssue.rdkit_failed
None,,nan,,CurationIssue.rdkit_failed
None,,nan,,CurationIssue.rdkit_failed
None,,nan,,CurationIssue.rdkit_failed
None,NAPROXEN,nan,,CurationIssue.rdkit_failed
None,,nan,,CurationIssue.rdkit_failed
None,,nan,,CurationIssue.rdkit_failed
None,,nan,,CurationIssue.rdkit_failed
None,,nan,,CurationIssue.rdkit_failed
None,,nan,,CurationIssue.rdkit_failed
None,,nan,,CurationIssue.rdkit_failed
None,,nan,,CurationIssue.rdkit_failed
None,,nan,,CurationIssue.rdkit_failed
None,DIOXYBENZONE,nan,,CurationIssue.rdkit_failed
None,,nan,,CurationIssue.rdkit_failed
None,,nan,,CurationIssue.rdkit_failed
None,,nan,,CurationIssue.rdkit_failed
None,,nan,,CurationIssue.rdkit_failed
None,,nan,,CurationIssue.rdkit_failed
None,,nan,,CurationIssue.rdkit_failed
None,NARINGENIN,nan,,CurationIssue.rdkit_failed
None,,nan,,CurationIssue.rdkit_failed
None,,nan,,CurationIssue.rdkit_failed
None,,nan,,CurationIssue.rdkit_failed
None,EGTAZIC ACID,nan,,CurationIssue.rdkit_failed
None,,nan,,CurationIssue.rdkit_failed
None,,nan,,CurationIssue.rdkit_failed
None,CYTISINICLINE,nan,,CurationIssue.rdkit_failed
None,,nan,,CurationIssue.rdkit_failed
None,,nan,,CurationIssue.rdkit_failed
None,,nan,,CurationIssue.rdkit_failed
Clc1ccccc1-c1ccc2ncnc(NC3CCNCC3)c2c1,CHEMBL1592209,0.0,CurationNote.canonical,
CCCCN(CC)C(=O)Cc1ccccc1OC,CHEMBL1585650,0.0,CurationNote.canonical,
N[C@@H](C(=O)O)[C@H](CC(=O)O)c1ccc(Cl)cc1,CHEMBL434119,1.0,CurationNote.canonical,
None,,nan,,CurationIssue.rdkit_failed
None,,nan,,CurationIssue.rdkit_failed
None,,nan,,CurationIssue.rdkit_failed
None,,nan,,CurationIssue.rdkit_failed
None,,nan,,CurationIssue.rdkit_failed
None,,nan,,CurationIssue.rdkit_failed
None,PALMIDROL,nan,,CurationIssue.rdkit_failed
None,,nan,,CurationIssue.rdkit_failed
None,,nan,,CurationIssue.rdkit_failed
None,,nan,,CurationIssue.rdkit_failed
Nc1c(S(=O)(=O)c2ccccc2)c2nc3ccccc3nc2n1Cc1ccco1,CHEMBL1529652,0.0,CurationNote.canonical,
Cc1ccc2c(CC(=O)OCc3cc(=O)n4c(n3)sc3ccccc34)coc2c1,CHEMBL1411396,0.0,CurationNote.canonical,
C[C@@H](CCCCC(=O)Nc1ccc(C(F)(F)F)cc1)NCCc1c[nH]cn1,CHEMBL1515802,1.0,CurationNote.canonical,
Cn1ccnc1SCC(=O)Nc1sccc1C#N,CHEMBL1382247,0.0,CurationNote.canonical,
CCC(C(=O)c1ccccc1)N(C(=O)c1ccccc1Cl)N1C(=O)C2C3C=CC(C3)C2C1=O,CHEMBL1360952,1.0,CurationNote.canonical,
COc1ncc2nc(-c3cccc(C#N)c3)c(=O)n(CCC#N)c2n1,CHEMBL1330296,0.0,CurationNote.canonical,
Clc1ccc(Cn2c(CN3CCCC3)nc3ccccc32)cc1,CHEMBL1407943,1.0,CurationNote.canonical,CurationIssue.duplicate
COc1cccc(CC(C(=O)Nc2cc(C)ccc2C)c2nn[nH]n2)c1OC,CHEMBL1719114,0.0,CurationNote.canonical,
CCOC(=O)CSc1nnc(Cc2ccccc2)n1-c1cccc(Cl)c1,CHEMBL1729853,1.0,CurationNote.canonical,CurationIssue.inorganic
COc1ccccc1-c1cc(N(C)Cc2ccco2)ncn1,CHEMBL1479792,0.0,CurationNote.canonical,
CCOC(=O)C1=C(C)N=C2SC(C(=O)OC)=CC(=O)N2C1c1ccc(F)cc1,CHEMBL1367772,0.0,CurationNote.canonical,
COC(=O)[C@@]1(Cc2ccc(F)cc2)[C@H]2c3cc(C(=O)N(C)C)n(CCCNc4ccc(C(F)(F)F)cc4Cl)c3C[C@H]2CN1C(=O)c1ccccc1,CHEMBL1484337,0.0,CurationNote.canonical,
COCCn1nc2cc(C(=O)NCc3cc(C(F)(F)F)cc(C(F)(F)F)c3)ccc2c1OC,CHEMBL1455783,1.0,CurationNote.canonical,
c1ccc(CN2CCCC3(CCNCC3)C2)cc1,CHEMBL1476303,0.0,CurationNote.canonical,
CN1CCN(C2=Cc3ccccc3Oc3ccc(Cl)cc32)CC1,CHEMBL90882,1.0,CurationNote.canonical,
CC(C)(C)NC(=O)CSC(=Nc1ccc(F)cc1)NC#N,CHEMBL1598818,0.0,CurationNote.canonical,
CCN(CC)C[C@@H](O)CN1CCCCc2nc(C)c(C)cc21,CHEMBL1396282,1.0,CurationNote.canonical,
COc1ccccc1CN1CCCC2(CCN(C(=O)c3cccn3C)CC2)C1,CHEMBL1414592,1.0,CurationNote.canonical,
NNC(=O)c1ccc(OCc2nc3ccccc3[nH]2)cc1,CHEMBL1320947,1.0,CurationNote.canonical,
None,,nan,,CurationIssue.rdkit_failed
None,,nan,,CurationIssue.rdkit_failed
None,,nan,,CurationIssue.rdkit_failed
None,,nan,,CurationIssue.rdkit_failed
None,,nan,,CurationIssue.rdkit_failed
None,,nan,,CurationIssue.rdkit_failed
None,ACECAINIDE,nan,,CurationIssue.rdkit_failed
None,,nan,,CurationIssue.rdkit_failed
None,,nan,,CurationIssue.rdkit_failed
None,,nan,,CurationIssue.rdkit_failed
None,,nan,,CurationIssue.rdkit_failed
None,,nan,,CurationIssue.rdkit_failed
None,,nan,,CurationIssue.rdkit_failed
None,,nan,,CurationIssue.rdkit_failed
None,,nan,,CurationIssue.rdkit_failed
None,,nan,,CurationIssue.rdkit_failed
None,,nan,,CurationIssue.rdkit_failed
None,,nan,,CurationIssue.rdkit_failed
None,,nan,,CurationIssue.rdkit_failed
None,,nan,,CurationIssue.rdkit_failed
None,,nan,,CurationIssue.rdkit_failed
None,,nan,,CurationIssue.rdkit_failed
None,,nan,,CurationIssue.rdkit_failed
None,,nan,,CurationIssue.rdkit_failed
None,,nan,,CurationIssue.rdkit_failed
None,,nan,,CurationIssue.rdkit_failed
None,,nan,,CurationIssue.rdkit_failed
Cc1ccc(SCc2ccc(C(=O)NCc3ccncc3)cc2)cc1,CHEMBL1418864,1.0,CurationNote.canonical,
COc1ncc2nc(-c3ccc(Cl)cc3)c(=O)n(Cc3cccs3)c2n1,CHEMBL1551051,1.0,CurationNote.canonical,
None,,nan,,CurationIssue.rdkit_failed
None,,nan,,CurationIssue.rdkit_failed
None,,nan,,CurationIssue.rdkit_failed
CC(C)C[C@@H](N)C(=O)Nc1ccc2ccccc2c1,CHEMBL1445026,1.0,CurationNote.canonical,
Cc1cccc(CNc2ncnc3ccc(-c4ccc(C(=O)N(C)C)cc4)cc23)c1,CHEMBL491548,0.0,CurationNote.canonical,
None,,nan,,CurationIssue.rdkit_failed
None,,nan,,CurationIssue.rdkit_failed
None,,nan,,CurationIssue.rdkit_failed
None,,nan,,CurationIssue.rdkit_failed
None,,nan,,CurationIssue.rdkit_failed
None,,nan,,CurationIssue.rdkit_failed
None,,nan,,CurationIssue.rdkit_failed
None,,nan,,CurationIssue.rdkit_failed
None,,nan,,CurationIssue.rdkit_failed
None,,nan,,CurationIssue.rdkit_failed
None,,nan,,CurationIssue.rdkit_failed
None,,nan,,CurationIssue.rdkit_failed
None,,nan,,CurationIssue.rdkit_failed
None,,nan,,CurationIssue.rdkit_failed
None,,nan,,CurationIssue.rdkit_failed
None,,nan,,CurationIssue.rdkit_failed
None,,nan,,CurationIssue.rdkit_failed
None,,nan,,CurationIssue.rdkit_failed
None,,nan,,CurationIssue.rdkit_failed
None,,nan,,CurationIssue.rdkit_failed
None,,nan,,CurationIssue.rdkit_failed
None,,nan,,CurationIssue.rdkit_failed
None,,nan,,CurationIssue.rdkit_failed
None,,nan,,CurationIssue.rdkit_failed
None,,nan,,CurationIssue.rdkit_failed
None,,nan,,CurationIssue.rdkit_failed
None,,nan,,CurationIssue.rdkit_failed
None,,nan,,CurationIssue.rdkit_failed
None,,nan,,CurationIssue.rdkit_failed
None,,nan,,CurationIssue.rdkit_failed
None,,nan,,CurationIssue.rdkit_failed
None,,nan,,CurationIssue.rdkit_failed
None,,nan,,CurationIssue.rdkit_failed
None,,nan,,CurationIssue.rdkit_failed
None,,nan,,CurationIssue.rdkit_failed
None,,nan,,CurationIssue.rdkit_failed
None,,nan,,CurationIssue.rdkit_failed
None,,nan,,CurationIssue.rdkit_failed
None,,nan,,CurationIssue.rdkit_failed
None,,nan,,CurationIssue.rdkit_failed
None,,nan,,CurationIssue.rdkit_failed
None,,nan,,CurationIssue.rdkit_failed
None,,nan,,CurationIssue.rdkit_failed
None,,nan,,CurationIssue.rdkit_failed
None,,nan,,CurationIssue.rdkit_failed
None,,nan,,CurationIssue.rdkit_failed
None,,nan,,CurationIssue.rdkit_failed
None,,nan,,CurationIssue.rdkit_failed
None,,nan,,CurationIssue.rdkit_failed
None,,nan,,CurationIssue.rdkit_failed
None,,nan,,CurationIssue.rdkit_failed
None,,nan,,CurationIssue.rdkit_failed
None,,nan,,CurationIssue.rdkit_failed
None,,nan,,CurationIssue.rdkit_failed
None,,nan,,CurationIssue.rdkit_failed
None,,nan,,CurationIssue.rdkit_failed
None,,nan,,CurationIssue.rdkit_failed
None,,nan,,CurationIssue.rdkit_failed
None,,nan,,CurationIssue.rdkit_failed
None,,nan,,CurationIssue.rdkit_failed
None,,nan,,CurationIssue.rdkit_failed
None,,nan,,CurationIssue.rdkit_failed
None,GAMMA-AMINOBUTYRIC ACID,nan,,CurationIssue.rdkit_failed
C#CCOC(=O)NC(/C=C/CCCC)c1ccccc1,CHEMBL1361731,0.0,CurationNote.canonical,
COc1ccccc1CN1CC[C@@]2(CCCN(C(=O)c3ccncc3)C2)C1,CHEMBL1357221,1.0,CurationNote.canonical,
COc1cccc(-c2cc(NCc3cccc(C)c3)ncn2)c1,CHEMBL1447959,0.0,CurationNote.canonical,
CC(C)NC[C@@H](O)COc1cccc2[nH]ccc12,CHEMBL1530633,1.0,CurationNote.canonical,
CCCC[N+]12CCC(CC1)C(C(=O)c1cccs1)C2.[Br-],CHEMBL1304739,1.0,CurationNote.canonical,CurationIssue.mixture
CC(C)C(=O)c1c(C(C)C)nn2ccccc12,CHEMBL19449,1.0,CurationNote.canonical,
COC(=O)[C@@]1(Cc2ccc(F)cc2)[C@H]2c3cc(C(=O)N(C)C)n(CCc4ccc(O)c(O)c4)c3C[C@H]2CN1C(=O)c1ccccc1,CHEMBL1410635,0.0,CurationNote.canonical,
O=C(C1CCN(S(=O)(=O)c2cccc3nsnc23)CC1)N1CCn2c1nc1ccccc12,CHEMBL1560839,0.0,CurationNote.canonical,
CCNc1ncc2nc(-c3cccc(C#N)c3)c(=O)n(CCC#N)c2n1,CHEMBL1592804,1.0,CurationNote.canonical,
None,,nan,,CurationIssue.rdkit_failed
None,,nan,,CurationIssue.rdkit_failed
Nc1nc(-c2cccs2)cs1,CHEMBL1561927,1.0,CurationNote.canonical,
CN(C)CCC=C1c2ccccc2CCc2ccccc21,CHEMBL629,0.0,CurationNote.canonical,
COC(=O)C/C=C\[C@@H](C)[C@@H](/C=N\OCC[C@@H]1C=C[C@H](OC(C)=O)[C@H](COC(C)=O)O1)OC,CHEMBL1330466,1.0,CurationNote.canonical,
CC1=NN(c2ccc(Br)cc2)C(=O)/C1=C/c1cccs1,CHEMBL1518920,0.0,CurationNote.canonical,
c1csc(CN2CC[C@@]3(CCCNC3)C2)n1,CHEMBL1360890,0.0,CurationNote.canonical,
None,,nan,,CurationIssue.rdkit_failed
None,,nan,,CurationIssue.rdkit_failed
None,,nan,,CurationIssue.rdkit_failed
None,,nan,,CurationIssue.rdkit_failed
None,,nan,,CurationIssue.rdkit_failed
CCCCN(C)CCCNC(=O)C[S+]([O-])Cc1nc(-c2ccc(OC)c(OC)c2)oc1C,CHEMBL1310142,0.0,CurationNote.canonical,
Cc1cc(F)ccc1S(=O)(=O)Nc1ccccc1C(=O)Nc1ccccc1N1CCOCC1,CHEMBL1306752,0.0,CurationNote.canonical,
COC(=O)c1ccc(/N=C2/S/C(=C\c3cc(C)n(-c4cccnc4)c3C)C(=O)N2C)cc1,CHEMBL3211211,1.0,CurationNote.canonical,
COC(=O)[C@@]1(Cc2ccccc2)[C@H]2c3cc(C(=O)N4CCCC4)n(Cc4cc(F)cc5c4OCOC5)c3C[C@H]2CN1C(=O)c1ccccc1,CHEMBL1491744,1.0,CurationNote.canonical,
Clc1ccc(CSc2nnc(-c3sccc3-n3cccc3)o2)cc1,CHEMBL1453591,0.0,CurationNote.canonical,CurationIssue.inorganic
c1ccc(CNc2nc(-c3ccc4c(c3)OCO4)nc3ccccc23)cc1,CHEMBL1357850,0.0,CurationNote.canonical,
CCC(C)(C)n1nnnc1C(C(C)C)N(Cc1ccco1)Cc1cc2cc3c(cc2nc1O)OCO3,CHEMBL1581905,0.0,CurationNote.canonical,
C/C(CCN1CCCCc2nc(C)c(C)cc21)=N\O[C@@H](C)c1cc(-c2c(C)cc(C)cc2C)no1,CHEMBL1554459,1.0,CurationNote.canonical,
None,,nan,,CurationIssue.rdkit_failed
None,,nan,,CurationIssue.rdkit_failed
None,,nan,,CurationIssue.rdkit_failed
None,,nan,,CurationIssue.rdkit_failed
None,,nan,,CurationIssue.rdkit_failed
None,,nan,,CurationIssue.rdkit_failed
None,,nan,,CurationIssue.rdkit_failed
None,,nan,,CurationIssue.rdkit_failed
None,,nan,,CurationIssue.rdkit_failed
None,,nan,,CurationIssue.rdkit_failed
None,,nan,,CurationIssue.rdkit_failed
None,AMINOPYRINE,nan,,CurationIssue.rdkit_failed
None,,nan,,CurationIssue.rdkit_failed
None,,nan,,CurationIssue.rdkit_failed
None,,nan,,CurationIssue.rdkit_failed
None,,nan,,CurationIssue.rdkit_failed
None,,nan,,CurationIssue.rdkit_failed
None,,nan,,CurationIssue.rdkit_failed
None,,nan,,CurationIssue.rdkit_failed
None,,nan,,CurationIssue.rdkit_failed
None,,nan,,CurationIssue.rdkit_failed
None,,nan,,CurationIssue.rdkit_failed
None,,nan,,CurationIssue.rdkit_failed
None,,nan,,CurationIssue.rdkit_failed
None,,nan,,CurationIssue.rdkit_failed
None,,nan,,CurationIssue.rdkit_failed
None,,nan,,CurationIssue.rdkit_failed
None,,nan,,CurationIssue.rdkit_failed
None,,nan,,CurationIssue.rdkit_failed
None,,nan,,CurationIssue.rdkit_failed
None,,nan,,CurationIssue.rdkit_failed
None,,nan,,CurationIssue.rdkit_failed
None,,nan,,CurationIssue.rdkit_failed
None,,nan,,CurationIssue.rdkit_failed
None,,nan,,CurationIssue.rdkit_failed
None,,nan,,CurationIssue.rdkit_failed
None,,nan,,CurationIssue.rdkit_failed
None,,nan,,CurationIssue.rdkit_failed
None,,nan,,CurationIssue.rdkit_failed
None,,nan,,CurationIssue.rdkit_failed
None,,nan,,CurationIssue.rdkit_failed
None,,nan,,CurationIssue.rdkit_failed
CN(C)C(=C(C#N)C#N)N1CCN(c2ccc(Cl)c(Cl)c2)CC1,CHEMBL1705804,1.0,CurationNote.canonical,
O=C(C(NS(=O)(=O)c1cccs1)c1ccccc1)N1CCN(c2ccccc2)CC1,CHEMBL1337787,0.0,CurationNote.canonical,
Cc1nc(SCC(=O)NCCc2ccc(Cl)cc2)nc(C)c1C,CHEMBL1496571,1.0,CurationNote.canonical,
C[C@@H](C(=O)Nc1ccc2ccccc2c1)[C@H]1C[C@]1(C)[C@H](NC(=O)c1ccccc1)c1ccccc1,CHEMBL1394640,1.0,CurationNote.canonical,
Cl.Fc1ccccc1CCNCc1cccc(Cl)c1Cl,CHEMBL1303741,1.0,CurationNote.canonical,CurationIssue.mixture
Cc1n[nH]c(SCc2cccc(Oc3ccccc3)c2)n1,CHEMBL1493877,0.0,CurationNote.canonical,
C/C(=C\c1ccco1)C1C(C#N)=C(N)Oc2[nH]nc(-c3ccccc3)c21,CHEMBL1420830,0.0,CurationNote.canonical,
COc1cccc(-c2nc(NCc3ccc(OC)cc3OC)c3ccccc3n2)c1,CHEMBL1554194,0.0,CurationNote.canonical,
Fc1ccc(C(c2ccc(F)cc2)N2CCN(C/C=C\c3ccccc3)CC2)cc1,CHEMBL1319373,1.0,CurationNote.canonical,
Cc1ccc(OCc2ccc(C(=O)Nc3nccs3)o2)cc1C,CHEMBL1413306,0.0,CurationNote.canonical,
CCCCCCOC(=O)C(C#N)c1nc2ccccc2nc1N1CCN(CC)CC1,CHEMBL1459485,0.0,CurationNote.canonical,
Brc1ccc(CSc2nccn2-c2ccccc2)cc1,CHEMBL1520238,0.0,CurationNote.canonical,CurationIssue.inorganic
CN1C(C(=O)Nc2ccccn2)=C(O)c2ccccc2S1(=O)=O,CHEMBL527,0.0,CurationNote.canonical,
CC(NC(=O)c1ccc(N2CCCC2=O)cc1)c1ccccc1,CHEMBL1385802,1.0,CurationNote.canonical,
CN1CCC(OC(c2ccccc2)c2ccccc2)CC1,CHEMBL1492,1.0,CurationNote.canonical,
Fc1cccc(NC(S)=NCCCN2CCOCC2)c1,CHEMBL1741390,1.0,CurationNote.canonical,
c1ccc(CNc2ncnc3ccc(-c4ccc5c(c4)OCO5)cc23)cc1,CHEMBL1358796,1.0,CurationNote.canonical,
c1nc(N2CCNCC2)c2cc(-c3ccoc3)ccc2n1,CHEMBL1357491,0.0,CurationNote.canonical,
COc1ccc(-c2csc(N3C(=N)SCC3=O)n2)cc1,CHEMBL1383537,0.0,CurationNote.canonical,
COc1ccccc1/C=C/C=N/N1CCN(Cc2ccc(Cl)cc2)CC1.Cl,CHEMBL3199340,1.0,CurationNote.canonical,CurationIssue.mixture
None,,nan,,CurationIssue.rdkit_failed
None,,nan,,CurationIssue.rdkit_failed
None,,nan,,CurationIssue.rdkit_failed
None,,nan,,CurationIssue.rdkit_failed
None,,nan,,CurationIssue.rdkit_failed
None,,nan,,CurationIssue.rdkit_failed
None,,nan,,CurationIssue.rdkit_failed
None,,nan,,CurationIssue.rdkit_failed
CO/N=C(\C)CCN1CCCCc2nc(C)c(C)cc21,CHEMBL1473868,1.0,CurationNote.canonical,
CN(C)C(=O)N1CCCC(C(=O)NCCc2ccccc2)C1,CHEMBL1370751,1.0,CurationNote.canonical,
COC(=O)C/C=C\[C@@H](C)[C@@H](/C=N\O[C@@H](C)c1cn([C@H](CO)Cc2ccccc2)nn1)NS(=O)(=O)c1ccc(C)cc1,CHEMBL1453991,1.0,CurationNote.canonical,
None,,nan,,CurationIssue.rdkit_failed
None,,nan,,CurationIssue.rdkit_failed
CN(CCCNC(=O)c1cccn2c(=O)c3ccccc3nc12)Cc1ccccc1,CHEMBL1595826,1.0,CurationNote.canonical,
CC[C@@]12CCCN3CCc4c(n(c5ccccc45)C(=O)C1)[C@H]32,CHEMBL1318553,1.0,CurationNote.canonical,
Cc1ccc(-c2nn3c(O)c4c(nc3c2C)CCCC4)cc1,CHEMBL587259,0.0,CurationNote.canonical,
None,,nan,,CurationIssue.rdkit_failed
None,,nan,,CurationIssue.rdkit_failed
None,,nan,,CurationIssue.rdkit_failed
None,,nan,,CurationIssue.rdkit_failed
None,,nan,,CurationIssue.rdkit_failed
None,,nan,,CurationIssue.rdkit_failed
None,,nan,,CurationIssue.rdkit_failed
None,,nan,,CurationIssue.rdkit_failed
None,METHOTREXATE,nan,,CurationIssue.rdkit_failed
Cc1ccc(NC(=S)N2CCN(C3CCCCC3)CC2)cc1,CHEMBL1741628,0.0,CurationNote.canonical,
O=C1Cc2c([nH]c3ccc(Br)cc23)-c2ccccc2N1,CHEMBL296586,1.0,CurationNote.canonical,
None,,nan,,CurationIssue.rdkit_failed
None,,nan,,CurationIssue.rdkit_failed
CC(C)/N=c1\scc(-c2ccco2)n1/N=C/c1ccc(O)c(O)c1,CHEMBL1991234,0.0,CurationNote.canonical,
CN(CCC#N)C(=O)c1ccc(CNS(=O)(=O)c2ccc(F)cc2)cc1,CHEMBL1490333,0.0,CurationNote.canonical,
O=C(Nc1ccc2c(c1)OCO2)c1ccc[n+]([O-])c1,CHEMBL1427238,0.0,CurationNote.canonical,
O=C(CCCN1CCC(n2c(=O)[nH]c3ccccc32)CC1)c1ccc(F)cc1,CHEMBL297302,1.0,CurationNote.canonical,
CCN=C(S)NNC(=O)CCn1c2ccccc2c2ccccc21,CHEMBL1572589,0.0,CurationNote.canonical,
COc1cc(CNCc2cccs2)cc(Br)c1OC.Cl,CHEMBL1353889,1.0,CurationNote.canonical,CurationIssue.mixture
None,,nan,,CurationIssue.rdkit_failed
None,,nan,,CurationIssue.rdkit_failed
CC(C)NCCOCCSc1ccc(Cl)cc1.O=C(O)C(=O)O,CHEMBL1478545,1.0,CurationNote.canonical,CurationIssue.mixture
CCCCN1CCC(CCC(=O)c2cc(Cl)c(N)cc2OC)CC1,CHEMBL85251,0.0,CurationNote.canonical,
COc1ccc(CNc2ncncc2-c2ccc3c(c2)OCO3)c(OC)c1,CHEMBL1410676,1.0,CurationNote.canonical,
CCCCC(=O)Nc1cc(C(=O)NCCc2ccccc2)ccc1Cl,CHEMBL1376879,0.0,CurationNote.canonical,
CNc1nc(-c2ccc3c(c2)OCO3)nc2ccccc12,CHEMBL1436715,1.0,CurationNote.canonical,
C=CCO/C(O)=C1\C(C)=NC(SCC(=O)OCC)=C(C#N)C1c1ccc(C)cc1,CHEMBL1600552,0.0,CurationNote.canonical,
None,,nan,,CurationIssue.rdkit_failed
None,,nan,,CurationIssue.rdkit_failed
None,,nan,,CurationIssue.rdkit_failed
None,,nan,,CurationIssue.rdkit_failed
None,,nan,,CurationIssue.rdkit_failed
None,,nan,,CurationIssue.rdkit_failed
None,,nan,,CurationIssue.rdkit_failed
None,,nan,,CurationIssue.rdkit_failed
None,,nan,,CurationIssue.rdkit_failed
None,,nan,,CurationIssue.rdkit_failed
None,,nan,,CurationIssue.rdkit_failed
None,,nan,,CurationIssue.rdkit_failed
None,,nan,,CurationIssue.rdkit_failed
None,,nan,,CurationIssue.rdkit_failed
None,,nan,,CurationIssue.rdkit_failed
None,,nan,,CurationIssue.rdkit_failed
None,CHLORPROPAMIDE,nan,,CurationIssue.rdkit_failed
None,,nan,,CurationIssue.rdkit_failed
None,,nan,,CurationIssue.rdkit_failed
None,,nan,,CurationIssue.rdkit_failed
None,,nan,,CurationIssue.rdkit_failed
None,,nan,,CurationIssue.rdkit_failed
None,SODIUM OXAMATE,nan,,CurationIssue.rdkit_failed
None,IODIPAMIDE,nan,,CurationIssue.rdkit_failed
None,,nan,,CurationIssue.rdkit_failed
None,,nan,,CurationIssue.rdkit_failed
None,,nan,,CurationIssue.rdkit_failed
None,,nan,,CurationIssue.rdkit_failed
None,,nan,,CurationIssue.rdkit_failed
None,,nan,,CurationIssue.rdkit_failed
None,,nan,,CurationIssue.rdkit_failed
None,,nan,,CurationIssue.rdkit_failed
Cc1cc2nc(C3CCN(Cc4nnnn4Cc4ccccc4)CC3)[nH]c2cc1C,CHEMBL1505285,1.0,CurationNote.canonical,
CCC1CCCCN1CCn1c(=S)[nH]c2cc(OC)c(OC)cc2c1=O,CHEMBL1564828,1.0,CurationNote.canonical,
None,,nan,,CurationIssue.rdkit_failed
Cc1ccc(CNC(=O)[C@H](C)[C@H]2C[C@]2(C)[C@H](NC(=O)OCc2ccccc2)c2ccccc2)c(F)c1F,CHEMBL1369212,1.0,CurationNote.canonical,
CCn1c(CSCc2ccc(C)cc2)nnc1SCC(=O)NCc1ccccc1,CHEMBL1483874,0.0,CurationNote.canonical,
Cn1cc(-c2nc3cnc(N4CCNCC4)nc3n(Cc3ccc(F)cc3)c2=O)c2ccccc21,CHEMBL1314906,0.0,CurationNote.canonical,
None,,nan,,CurationIssue.rdkit_failed
None,,nan,,CurationIssue.rdkit_failed
N=C(NOC(=O)Cc1ccc(Cl)cc1)c1cccnc1,CHEMBL1463609,1.0,CurationNote.canonical,
None,,nan,,CurationIssue.rdkit_failed
None,ALPDEM,nan,,CurationIssue.rdkit_failed
None,,nan,,CurationIssue.rdkit_failed
None,,nan,,CurationIssue.rdkit_failed
None,,nan,,CurationIssue.rdkit_failed
None,,nan,,CurationIssue.rdkit_failed
None,,nan,,CurationIssue.rdkit_failed
None,,nan,,CurationIssue.rdkit_failed
None,,nan,,CurationIssue.rdkit_failed
None,,nan,,CurationIssue.rdkit_failed
None,,nan,,CurationIssue.rdkit_failed
None,,nan,,CurationIssue.rdkit_failed
None,,nan,,CurationIssue.rdkit_failed
None,,nan,,CurationIssue.rdkit_failed
None,,nan,,CurationIssue.rdkit_failed
None,,nan,,CurationIssue.rdkit_failed
None,,nan,,CurationIssue.rdkit_failed
None,,nan,,CurationIssue.rdkit_failed
None,CARBACHOL,nan,,CurationIssue.rdkit_failed
None,BUTAMBEN,nan,,CurationIssue.rdkit_failed
None,,nan,,CurationIssue.rdkit_failed
None,FELBINAC,nan,,CurationIssue.rdkit_failed
None,,nan,,CurationIssue.rdkit_failed
None,BENZONATATE,nan,,CurationIssue.rdkit_failed
c1cc(CN2CC3(CCNCC3)C2)ccn1,CHEMBL1556700,0.0,CurationNote.canonical,
COC(=O)c1cn(CC(=O)N2CCCCC2C)c2ccccc12,CHEMBL1303328,0.0,CurationNote.canonical,
c1cnc(N2CCN(Cc3ccc4c(c3)OCO4)CC2)nc1,CHEMBL1371770,1.0,CurationNote.canonical,
CN(C)C(=O)C(CCN1CCC(O)(c2ccc(Cl)cc2)CC1)(c1ccccc1)c1ccccc1,CHEMBL841,1.0,CurationNote.canonical,CurationIssue.duplicate
None,,nan,,CurationIssue.rdkit_failed
None,,nan,,CurationIssue.rdkit_failed
None,,nan,,CurationIssue.rdkit_failed
None,,nan,,CurationIssue.rdkit_failed
None,,nan,,CurationIssue.rdkit_failed
NCCc1ccc(S(=O)(=O)F)cc1,CHEMBL1096339,0.0,CurationNote.canonical,
COc1ccc2[nH]cc(CCNc3ncnc4ccc(-c5cccnc5)cc34)c2c1,CHEMBL1438323,1.0,CurationNote.canonical,
None,,nan,,CurationIssue.rdkit_failed
None,,nan,,CurationIssue.rdkit_failed
None,,nan,,CurationIssue.rdkit_failed
COC(=O)[C@@]1(Cc2ccc(OC)cc2)[C@H]2c3cc(C(=O)N4CCCC4)n(CCc4ccc(O)c(O)c4)c3C[C@H]2CN1C(=O)c1ccccc1,CHEMBL1452894,0.0,CurationNote.canonical,
None,,nan,,CurationIssue.rdkit_failed
None,,nan,,CurationIssue.rdkit_failed
None,,nan,,CurationIssue.rdkit_failed
None,,nan,,CurationIssue.rdkit_failed
None,,nan,,CurationIssue.rdkit_failed
None,,nan,,CurationIssue.rdkit_failed
None,,nan,,CurationIssue.rdkit_failed
None,,nan,,CurationIssue.rdkit_failed
None,,nan,,CurationIssue.rdkit_failed
None,,nan,,CurationIssue.rdkit_failed
None,,nan,,CurationIssue.rdkit_failed
None,,nan,,CurationIssue.rdkit_failed
None,,nan,,CurationIssue.rdkit_failed
None,,nan,,CurationIssue.rdkit_failed
COc1cccc(C(=O)NCCN2CCN(c3ccc(Cl)cc3)CC2)c1,CHEMBL93403,0.0,CurationNote.canonical,
Cc1ccsc1/C=C\C1=NCCCN1C.O=C(O)C(O)C(O)C(=O)O,CHEMBL2062344,1.0,CurationNote.canonical,CurationIssue.mixture
CN(C)C=O.COCCn1c(SCc2nc(O)c3c(C)c(C(=O)OC)sc3n2)nc2ccccc21,CHEMBL1449111,1.0,CurationNote.canonical,CurationIssue.mixture
CCOc1cc(CNc2ccc3c(c2)OCCO3)cc(Br)c1OCC,CHEMBL1452391,0.0,CurationNote.canonical,
CCCN(CCC)[C@@H]1CCc2cccc(O)c2C1,CHEMBL26998,1.0,CurationNote.canonical,CurationIssue.duplicate
None,,nan,,CurationIssue.rdkit_failed
None,,nan,,CurationIssue.rdkit_failed
COc1cccc(Cn2c(=O)c(C)nc3cnc(N4CCNCC4)nc32)c1,CHEMBL1611820,0.0,CurationNote.canonical,
None,,nan,,CurationIssue.rdkit_failed
None,,nan,,CurationIssue.rdkit_failed
None,,nan,,CurationIssue.rdkit_failed
None,NOSCAPINE,nan,,CurationIssue.rdkit_failed
None,,nan,,CurationIssue.rdkit_failed
Cc1n[nH]c(-c2ccc(OCc3cnn(-c4ccccc4)c3)cc2O)c1Oc1ccc(F)cc1,CHEMBL1458309,1.0,CurationNote.canonical,
COCCNc1ncnc2ccc(-c3ccccc3C(F)(F)F)cc12,CHEMBL1590261,0.0,CurationNote.canonical,
S=C1SCN(C2CCCCCCCCCCC2)CN1C1CCCCCCCCCCC1,CHEMBL1492669,1.0,CurationNote.canonical,
CCC(CC)C(=O)Nc1ccc(C)c(O)c1,CHEMBL1402965,0.0,CurationNote.canonical,
Fc1ccc(C(c2ccc(F)cc2)N2CCN(C/C=C\c3ccccc3)CC2)cc1,CHEMBL1319373,1.0,CurationNote.canonical,CurationIssue.duplicate
COc1ccccc1CNc1ccnc(-c2ccccc2CN(C)C)n1,CHEMBL1394923,1.0,CurationNote.canonical,
CCCCn1nnnc1SCC(=O)c1cc(Cl)ccc1OC,CHEMBL1360026,0.0,CurationNote.canonical,
CN(C)Cc1ccccc1-c1cncnc1Nc1ccncc1,CHEMBL1534376,0.0,CurationNote.canonical,
CC1(C)S[C@@H]2[C@H](NC(=O)COc3ccccc3)C(=O)N2[C@H]1C(=O)O.CC1(C)S[C@@H]2[C@H](NC(=O)COc3ccccc3)C(=O)N2[C@H]1C(=O)O.c1ccc(CNCCNCc2ccccc2)cc1,CHEMBL1396177,1.0,CurationNote.canonical,CurationIssue.mixture
C[C@@H](CCc1ccccc1)NC[C@H](O)c1ccc(O)c(C(N)=O)c1,CHEMBL28140,1.0,CurationNote.canonical,
COc1ccccc1CNc1ccnc(-c2ccc3c(c2)OCO3)n1,CHEMBL1355712,1.0,CurationNote.canonical,
COc1ccccc1CNc1ccnc(-c2ccccc2Cl)n1,CHEMBL1514748,0.0,CurationNote.canonical,
C[C@H](NCCC(c1ccccc1)c1ccccc1)c1ccccc1,CHEMBL1433981,1.0,CurationNote.canonical,
CCCn1c(NC(=O)C2CCN(S(=O)(=O)c3cccs3)CC2)nc2ccccc21,CHEMBL1582419,0.0,CurationNote.canonical,
C#CCCCO/N=C1/C[C@@H](O)[C@@H](O)[C@@H]2[C@@H]3C(=O)N(Cc4ccc5c(c4)OCO5)C(=O)[C@H]3CC[C@@H]12,CHEMBL1593641,1.0,CurationNote.canonical,
None,,nan,,CurationIssue.rdkit_failed
None,,nan,,CurationIssue.rdkit_failed
None,,nan,,CurationIssue.rdkit_failed
None,,nan,,CurationIssue.rdkit_failed
None,,nan,,CurationIssue.rdkit_failed
None,,nan,,CurationIssue.rdkit_failed
None,,nan,,CurationIssue.rdkit_failed
None,,nan,,CurationIssue.rdkit_failed
None,AZEPEXOLE,nan,,CurationIssue.rdkit_failed
None,,nan,,CurationIssue.rdkit_failed
None,,nan,,CurationIssue.rdkit_failed
None,,nan,,CurationIssue.rdkit_failed
None,,nan,,CurationIssue.rdkit_failed
None,ISOBUTYLMETHYLXANTHINE,nan,,CurationIssue.rdkit_failed
None,,nan,,CurationIssue.rdkit_failed
None,,nan,,CurationIssue.rdkit_failed
None,,nan,,CurationIssue.rdkit_failed
None,,nan,,CurationIssue.rdkit_failed
None,,nan,,CurationIssue.rdkit_failed
None,,nan,,CurationIssue.rdkit_failed
None,,nan,,CurationIssue.rdkit_failed
None,,nan,,CurationIssue.rdkit_failed
None,,nan,,CurationIssue.rdkit_failed
None,,nan,,CurationIssue.rdkit_failed
None,,nan,,CurationIssue.rdkit_failed
None,,nan,,CurationIssue.rdkit_failed
None,,nan,,CurationIssue.rdkit_failed
None,,nan,,CurationIssue.rdkit_failed
None,REPAGLINIDE,nan,,CurationIssue.rdkit_failed
None,,nan,,CurationIssue.rdkit_failed
None,,nan,,CurationIssue.rdkit_failed
None,,nan,,CurationIssue.rdkit_failed
None,,nan,,CurationIssue.rdkit_failed
None,,nan,,CurationIssue.rdkit_failed
None,,nan,,CurationIssue.rdkit_failed
None,,nan,,CurationIssue.rdkit_failed
None,,nan,,CurationIssue.rdkit_failed
None,HISTIDINE,nan,,CurationIssue.rdkit_failed
None,,nan,,CurationIssue.rdkit_failed
None,,nan,,CurationIssue.rdkit_failed
None,,nan,,CurationIssue.rdkit_failed
None,,nan,,CurationIssue.rdkit_failed
None,,nan,,CurationIssue.rdkit_failed
None,,nan,,CurationIssue.rdkit_failed
None,,nan,,CurationIssue.rdkit_failed
None,,nan,,CurationIssue.rdkit_failed
None,,nan,,CurationIssue.rdkit_failed
None,,nan,,CurationIssue.rdkit_failed
None,,nan,,CurationIssue.rdkit_failed
None,,nan,,CurationIssue.rdkit_failed
CC(=O)OC[C@H]1O[C@@H](O/N=C(\C)CCN2CCc3nc(-c4ccccc4)c(-c4ccccc4)cc3C2)[C@H](OC(C)=O)[C@@H](OC(C)=O)[C@H]1OC(C)=O,CHEMBL1487126,1.0,CurationNote.canonical,
O=S(=O)(NCc1cc(-c2ccccc2Cl)no1)c1ccc(Cl)cc1,CHEMBL1526526,0.0,CurationNote.canonical,
C[C@H](NCCc1ccc(O)cc1)[C@@H](O)c1ccc(O)cc1,CHEMBL1321005,0.0,CurationNote.canonical,CurationIssue.disagreeing_duplicate
Cc1cnc(CNc2nc(-c3ccc(N(C)C)cc3)nc3ccccc23)cn1,CHEMBL1512190,0.0,CurationNote.canonical,
COCCCNCCCCOc1c(Cl)cc(C)cc1Br.O=C(O)C(=O)O,CHEMBL1467931,1.0,CurationNote.canonical,CurationIssue.mixture
None,,nan,,CurationIssue.rdkit_failed
CCCN(/C=N/c1sc2c(c1C#N)CCCCC2)CCC,CHEMBL3197073,0.0,CurationNote.canonical,
None,FR-122047,nan,,CurationIssue.rdkit_failed
None,,nan,,CurationIssue.rdkit_failed
None,,nan,,CurationIssue.rdkit_failed
None,,nan,,CurationIssue.rdkit_failed
None,,nan,,CurationIssue.rdkit_failed
None,,nan,,CurationIssue.rdkit_failed
None,,nan,,CurationIssue.rdkit_failed
None,,nan,,CurationIssue.rdkit_failed
None,,nan,,CurationIssue.rdkit_failed
None,,nan,,CurationIssue.rdkit_failed
None,,nan,,CurationIssue.rdkit_failed
None,DISOPIRAMIDE,nan,,CurationIssue.rdkit_failed
None,,nan,,CurationIssue.rdkit_failed
None,,nan,,CurationIssue.rdkit_failed
None,,nan,,CurationIssue.rdkit_failed
None,,nan,,CurationIssue.rdkit_failed
None,,nan,,CurationIssue.rdkit_failed
None,,nan,,CurationIssue.rdkit_failed
None,,nan,,CurationIssue.rdkit_failed
None,,nan,,CurationIssue.rdkit_failed
None,,nan,,CurationIssue.rdkit_failed
None,,nan,,CurationIssue.rdkit_failed
None,,nan,,CurationIssue.rdkit_failed
None,,nan,,CurationIssue.rdkit_failed
None,,nan,,CurationIssue.rdkit_failed
None,,nan,,CurationIssue.rdkit_failed
None,,nan,,CurationIssue.rdkit_failed
None,,nan,,CurationIssue.rdkit_failed
None,,nan,,CurationIssue.rdkit_failed
None,,nan,,CurationIssue.rdkit_failed
None,,nan,,CurationIssue.rdkit_failed
None,,nan,,CurationIssue.rdkit_failed
None,PIVAMPICILLIN,nan,,CurationIssue.rdkit_failed
None,,nan,,CurationIssue.rdkit_failed
None,,nan,,CurationIssue.rdkit_failed
None,,nan,,CurationIssue.rdkit_failed
None,,nan,,CurationIssue.rdkit_failed
None,,nan,,CurationIssue.rdkit_failed
None,,nan,,CurationIssue.rdkit_failed
None,,nan,,CurationIssue.rdkit_failed
None,,nan,,CurationIssue.rdkit_failed
None,,nan,,CurationIssue.rdkit_failed
None,,nan,,CurationIssue.rdkit_failed
None,,nan,,CurationIssue.rdkit_failed
None,,nan,,CurationIssue.rdkit_failed
None,,nan,,CurationIssue.rdkit_failed
COc1cccc(-c2ccc3ncnc(NCc4cccnc4)c3c2)c1,CHEMBL566899,1.0,CurationNote.canonical,
None,SULFAMETHOXAZOLE,nan,,CurationIssue.rdkit_failed
None,,nan,,CurationIssue.rdkit_failed
None,,nan,,CurationIssue.rdkit_failed
None,,nan,,CurationIssue.rdkit_failed
None,,nan,,CurationIssue.rdkit_failed
None,,nan,,CurationIssue.rdkit_failed
None,,nan,,CurationIssue.rdkit_failed
None,,nan,,CurationIssue.rdkit_failed
CC1CCN(CCCn2c(=S)[nH]c3ccc(N4CCOCC4)cc3c2=O)CC1,CHEMBL1401981,0.0,CurationNote.canonical,
Cc1ccccc1-c1ccc2ncnc(N(C)C)c2c1,CHEMBL1592327,0.0,CurationNote.canonical,
COc1ccc(S(=O)(=O)N2CCN(CC(=O)Nc3cc(OC)cc(OC)c3)CC2)cc1,CHEMBL1444745,0.0,CurationNote.canonical,
O=C(c1ccc(OCCN2CCCCC2)cc1)c1c(-c2ccc(O)cc2)sc2cc(O)ccc12,CHEMBL81,0.0,CurationNote.canonical,CurationIssue.duplicate
O=c1c(-c2ccc(F)cc2)nc2cnc(N3CCNCC3)nc2n1Cc1ccc(F)cc1,CHEMBL1395226,0.0,CurationNote.canonical,
C=CCN1C(=O)/C(=C\Nc2cccc([N+](=O)[O-])c2)C(=O)N(CCCC)C1=O,CHEMBL1595376,0.0,CurationNote.canonical,
NC1=NC2(CCCCCC2)n2c(nc3ccccc32)N1,CHEMBL1299384,0.0,CurationNote.canonical,
Cc1ccc(S(=O)(=O)Nc2cc(O)nc3c2CCC3)cc1,CHEMBL1358738,1.0,CurationNote.canonical,
COc1cccc(Cn2c(=O)cnc3cnc(N4CCOCC4)nc32)c1,CHEMBL1401672,0.0,CurationNote.canonical,
O=C(O)C1=CC(=C(c2ccc(O)c(C(=O)O)c2)c2ccc(O)c(C(=O)O)c2)C=CC1=O,CHEMBL275938,0.0,CurationNote.canonical,
None,,nan,,CurationIssue.rdkit_failed
CN1CCN(c2ncc3ncc(=O)n(CCc4ccccc4)c3n2)CC1,CHEMBL1477964,0.0,CurationNote.canonical,
CCc1cc2c(nc1CC)CCN(CC/C(C)=N/O[C@@H](C)CN1CCCCc3nc(C)c(C)cc31)C2,CHEMBL1318120,1.0,CurationNote.canonical,
COc1ccc2[nH]cc(CCNc3ncnc4ccc(-c5ccccc5CN(C)C)cc34)c2c1,CHEMBL1405538,1.0,CurationNote.canonical,
None,,nan,,CurationIssue.rdkit_failed
None,,nan,,CurationIssue.rdkit_failed
None,,nan,,CurationIssue.rdkit_failed
None,,nan,,CurationIssue.rdkit_failed
O=C(/C=C/c1ccccc1Cl)Nc1ccncc1,CHEMBL1570658,1.0,CurationNote.canonical,
None,,nan,,CurationIssue.rdkit_failed
None,,nan,,CurationIssue.rdkit_failed
None,,nan,,CurationIssue.rdkit_failed
None,,nan,,CurationIssue.rdkit_failed
None,SULINDAC,nan,,CurationIssue.rdkit_failed
None,,nan,,CurationIssue.rdkit_failed
None,,nan,,CurationIssue.rdkit_failed
None,,nan,,CurationIssue.rdkit_failed
None,,nan,,CurationIssue.rdkit_failed
None,,nan,,CurationIssue.rdkit_failed
None,,nan,,CurationIssue.rdkit_failed
None,,nan,,CurationIssue.rdkit_failed
None,,nan,,CurationIssue.rdkit_failed
None,,nan,,CurationIssue.rdkit_failed
None,,nan,,CurationIssue.rdkit_failed
None,,nan,,CurationIssue.rdkit_failed
None,,nan,,CurationIssue.rdkit_failed
None,,nan,,CurationIssue.rdkit_failed
None,,nan,,CurationIssue.rdkit_failed
None,,nan,,CurationIssue.rdkit_failed
None,,nan,,CurationIssue.rdkit_failed
None,,nan,,CurationIssue.rdkit_failed
None,,nan,,CurationIssue.rdkit_failed
None,,nan,,CurationIssue.rdkit_failed
None,,nan,,CurationIssue.rdkit_failed
None,,nan,,CurationIssue.rdkit_failed
C=CCn1c(SCc2ccc(C(=O)Nc3ccccc3)cc2)nnc1-c1ccccc1,CHEMBL1507026,0.0,CurationNote.canonical,
O=S(=O)(Nc1ccc(Cc2ccncc2)cc1)c1cccs1,CHEMBL1330299,1.0,CurationNote.canonical,
None,TYRPHOSTIN 1,nan,,CurationIssue.rdkit_failed
None,TRIMETHOPRIM,nan,,CurationIssue.rdkit_failed
None,,nan,,CurationIssue.rdkit_failed
None,,nan,,CurationIssue.rdkit_failed
None,,nan,,CurationIssue.rdkit_failed
None,,nan,,CurationIssue.rdkit_failed
None,,nan,,CurationIssue.rdkit_failed
None,,nan,,CurationIssue.rdkit_failed
None,FENBUFEN,nan,,CurationIssue.rdkit_failed
None,,nan,,CurationIssue.rdkit_failed
COc1ccc(-c2c[n+]3c4n2CCCCC4=C(c2ccccc2)C3)cc1.[Br-],CHEMBL1490799,1.0,CurationNote.canonical,CurationIssue.mixture
c1ccc(-c2ccc(N3CC[C@@]4(CCCNC4)C3)cc2)cc1,CHEMBL1397353,0.0,CurationNote.canonical,
CCOC(=O)C1=C(C)N=C2c3ccccc3C(=O)C2C1c1ccc(Cl)cc1,CHEMBL1570769,0.0,CurationNote.canonical,
C#CCn1c(S(=O)(=O)Cc2ccc(OC)cc2)nc(-c2ccccc2)c1-c1ccccc1,CHEMBL1445737,0.0,CurationNote.canonical,
CC(=O)c1cc(CC=C(C)C)c(O)cc1O,CHEMBL1487159,0.0,CurationNote.canonical,
N=C(Cc1cccs1)NOC(=O)COc1ccc(Br)cc1Cl,CHEMBL1498788,0.0,CurationNote.canonical,
Cc1nc2cnc(N3CCN(C)CC3)nc2n(CCc2ccccc2)c1=O,CHEMBL1397257,1.0,CurationNote.canonical,
CC(C)c1ccc2c(c1)C(c1ccc(N3CCOCC3)cc1)=NNC(c1cccs1)=N2,CHEMBL1572430,1.0,CurationNote.canonical,
COc1ccc2c(c1)[nH]c1c(C)nccc12,CHEMBL269538,1.0,CurationNote.canonical,
N#Cc1cccc(-c2nc(N3CCNCC3)c3ccccc3n2)c1,CHEMBL1437159,0.0,CurationNote.canonical,
Nc1cc(-c2ccncc2)c[nH]c1=O,CHEMBL12856,0.0,CurationNote.canonical,
None,,nan,,CurationIssue.rdkit_failed
None,,nan,,CurationIssue.rdkit_failed
None,,nan,,CurationIssue.rdkit_failed
None,D-GLUTAMATE,nan,,CurationIssue.rdkit_failed
None,,nan,,CurationIssue.rdkit_failed
None,,nan,,CurationIssue.rdkit_failed
None,,nan,,CurationIssue.rdkit_failed
None,,nan,,CurationIssue.rdkit_failed
None,,nan,,CurationIssue.rdkit_failed
None,,nan,,CurationIssue.rdkit_failed
None,,nan,,CurationIssue.rdkit_failed
None,,nan,,CurationIssue.rdkit_failed
None,,nan,,CurationIssue.rdkit_failed
None,,nan,,CurationIssue.rdkit_failed
None,,nan,,CurationIssue.rdkit_failed
None,,nan,,CurationIssue.rdkit_failed
None,,nan,,CurationIssue.rdkit_failed
None,,nan,,CurationIssue.rdkit_failed
None,HYMECROMONE,nan,,CurationIssue.rdkit_failed
None,,nan,,CurationIssue.rdkit_failed
None,,nan,,CurationIssue.rdkit_failed
None,,nan,,CurationIssue.rdkit_failed
None,,nan,,CurationIssue.rdkit_failed
None,,nan,,CurationIssue.rdkit_failed
None,,nan,,CurationIssue.rdkit_failed
None,,nan,,CurationIssue.rdkit_failed
None,,nan,,CurationIssue.rdkit_failed
None,,nan,,CurationIssue.rdkit_failed
None,,nan,,CurationIssue.rdkit_failed
None,,nan,,CurationIssue.rdkit_failed
None,,nan,,CurationIssue.rdkit_failed
None,,nan,,CurationIssue.rdkit_failed
None,NB-ACETYLTRYPTAMINE,nan,,CurationIssue.rdkit_failed
None,,nan,,CurationIssue.rdkit_failed
None,,nan,,CurationIssue.rdkit_failed
None,(S)-PINACIDIL,nan,,CurationIssue.rdkit_failed
None,,nan,,CurationIssue.rdkit_failed
None,,nan,,CurationIssue.rdkit_failed
None,,nan,,CurationIssue.rdkit_failed
None,,nan,,CurationIssue.rdkit_failed
COC(=O)[C@@]1(Cc2ccc(F)cc2)[C@H]2c3cc(C(=O)N4CCCC4)n(Cc4c(CO)ncc(C)c4O)c3C[C@H]2CN1C(=O)c1ccccc1,CHEMBL1331410,0.0,CurationNote.canonical,
COc1ccccc1N1CCN(C(=O)C(NS(=O)(=O)c2cccs2)c2ccccc2)CC1,CHEMBL1464912,0.0,CurationNote.canonical,
Cc1cccc(C)c1OC[C@@H](N)C(C)C,CHEMBL474672,0.0,CurationNote.canonical,
COC(=O)[C@@]1(Cc2ccc(F)cc2)[C@H]2c3cc(C(=O)N(C)C)n(Cc4c(CO)ncc(C)c4O)c3C[C@H]2CN1C(=O)c1ccccc1,CHEMBL1490786,0.0,CurationNote.canonical,
CN1CCN(c2ncc3nc(-c4ccccc4)c(=O)n(CCC#N)c3n2)CC1,CHEMBL1512210,0.0,CurationNote.canonical,
None,,nan,,CurationIssue.rdkit_failed
None,,nan,,CurationIssue.rdkit_failed
None,,nan,,CurationIssue.rdkit_failed
None,,nan,,CurationIssue.rdkit_failed
None,,nan,,CurationIssue.rdkit_failed
None,,nan,,CurationIssue.rdkit_failed
None,,nan,,CurationIssue.rdkit_failed
None,,nan,,CurationIssue.rdkit_failed
None,,nan,,CurationIssue.rdkit_failed
O=S(=O)(c1cnccc1N1CCN(/N=C/c2ccccc2)CC1)N1CCCCC1,CHEMBL3213624,0.0,CurationNote.canonical,
None,,nan,,CurationIssue.rdkit_failed
COc1cc2c(cc1OC)[C@@H]1C(=O)c3ccc4c(c3O[C@@H]1CO2)C=CC(C)(C)O4,CHEMBL393417,1.0,CurationNote.canonical,
O=C(c1cnc(N2CCN(c3ncccn3)CC2)c2ccccc12)N1CCN(c2ncccn2)CC1,CHEMBL1536842,0.0,CurationNote.canonical,
CCCNC1=NC(=O)N(C)C(=O)/C1=N/O,CHEMBL3194166,0.0,CurationNote.canonical,
None,,nan,,CurationIssue.rdkit_failed
None,,nan,,CurationIssue.rdkit_failed
None,,nan,,CurationIssue.rdkit_failed
CN1CCC(=C2c3ccccc3CC(=O)c3sccc32)CC1,CHEMBL534,1.0,CurationNote.canonical,
CN(C(=O)Cc1ccc(Cl)c(Cl)c1)[C@H]1CCCC[C@@H]1N1CCCC1,CHEMBL58033,1.0,CurationNote.canonical,
CCOc1ccc(C(=O)C2=C(O)C(=O)N(CCCn3ccnc3)C2c2cccs2)cc1Cl,CHEMBL1400921,0.0,CurationNote.canonical,
FC(F)(F)c1ccccc1-c1nccc(NCCN2CCOCC2)n1,CHEMBL1413343,0.0,CurationNote.canonical,
COc1ccccc1-c1ccc2ncnc(NC3CCNCC3)c2c1,CHEMBL1592438,0.0,CurationNote.canonical,
CC(C)NC[C@H](O)c1ccc2ccccc2c1,CHEMBL1160730,1.0,CurationNote.canonical,
Cc1cnc(CNc2ccnc(-c3ccccc3CN(C)C)n2)cn1,CHEMBL1513041,1.0,CurationNote.canonical,
CCCCNC(=O)Cc1coc2ccc3ccccc3c12,CHEMBL1404656,1.0,CurationNote.canonical,
CCCc1nc2ccccc2c(C(=O)OCC(=O)Nc2cccc(S(=O)(=O)N3CCOCC3)c2)c1CC,CHEMBL1303933,0.0,CurationNote.canonical,
Cc1ccc2c(c1)nnn2C1CCN(S(=O)(=O)c2ccc(C(=O)N3C(C)CCCC3C)cc2)CC1,CHEMBL1353317,1.0,CurationNote.canonical,
None,,nan,,CurationIssue.rdkit_failed
None,,nan,,CurationIssue.rdkit_failed
None,,nan,,CurationIssue.rdkit_failed
None,,nan,,CurationIssue.rdkit_failed
None,,nan,,CurationIssue.rdkit_failed
None,,nan,,CurationIssue.rdkit_failed
None,,nan,,CurationIssue.rdkit_failed
None,,nan,,CurationIssue.rdkit_failed
None,,nan,,CurationIssue.rdkit_failed
None,,nan,,CurationIssue.rdkit_failed
None,,nan,,CurationIssue.rdkit_failed
None,,nan,,CurationIssue.rdkit_failed
None,,nan,,CurationIssue.rdkit_failed
None,,nan,,CurationIssue.rdkit_failed
None,,nan,,CurationIssue.rdkit_failed
None,,nan,,CurationIssue.rdkit_failed
None,,nan,,CurationIssue.rdkit_failed
None,DEBRISOQUIN,nan,,CurationIssue.rdkit_failed
None,,nan,,CurationIssue.rdkit_failed
None,,nan,,CurationIssue.rdkit_failed
None,,nan,,CurationIssue.rdkit_failed
None,PRAMOXINE,nan,,CurationIssue.rdkit_failed
None,,nan,,CurationIssue.rdkit_failed
None,,nan,,CurationIssue.rdkit_failed
None,,nan,,CurationIssue.rdkit_failed
None,,nan,,CurationIssue.rdkit_failed
None,,nan,,CurationIssue.rdkit_failed
None,,nan,,CurationIssue.rdkit_failed
None,,nan,,CurationIssue.rdkit_failed
None,,nan,,CurationIssue.rdkit_failed
None,,nan,,CurationIssue.rdkit_failed
None,,nan,,CurationIssue.rdkit_failed
None,,nan,,CurationIssue.rdkit_failed
None,,nan,,CurationIssue.rdkit_failed
None,,nan,,CurationIssue.rdkit_failed
None,,nan,,CurationIssue.rdkit_failed
None,,nan,,CurationIssue.rdkit_failed
None,KETANSERIN,nan,,CurationIssue.rdkit_failed
None,,nan,,CurationIssue.rdkit_failed
None,,nan,,CurationIssue.rdkit_failed
None,,nan,,CurationIssue.rdkit_failed
None,,nan,,CurationIssue.rdkit_failed
None,,nan,,CurationIssue.rdkit_failed
None,,nan,,CurationIssue.rdkit_failed
None,,nan,,CurationIssue.rdkit_failed
None,,nan,,CurationIssue.rdkit_failed
None,,nan,,CurationIssue.rdkit_failed
None,(-)-ROLIPRAM,nan,,CurationIssue.rdkit_failed
None,,nan,,CurationIssue.rdkit_failed
None,,nan,,CurationIssue.rdkit_failed
None,,nan,,CurationIssue.rdkit_failed
None,,nan,,CurationIssue.rdkit_failed
None,,nan,,CurationIssue.rdkit_failed
None,,nan,,CurationIssue.rdkit_failed
None,,nan,,CurationIssue.rdkit_failed
None,,nan,,CurationIssue.rdkit_failed
None,,nan,,CurationIssue.rdkit_failed
None,,nan,,CurationIssue.rdkit_failed
None,,nan,,CurationIssue.rdkit_failed
None,,nan,,CurationIssue.rdkit_failed
None,,nan,,CurationIssue.rdkit_failed
None,,nan,,CurationIssue.rdkit_failed
CCN(CC)C(=O)CSc1nc2ccc(NC(=O)CSc3nnc(COc4ccccc4C)n3C)cc2s1,CHEMBL1421344,0.0,CurationNote.canonical,CurationIssue.inorganic
CC1CCc2c(C(=O)NCCN3CCOCC3)csc2C1,CHEMBL1548799,1.0,CurationNote.canonical,
COc1ccccc1CNc1nc(-c2cccnc2)nc2ccccc12,CHEMBL1437226,0.0,CurationNote.canonical,
CCc1ccc(C2=Nn3c(nnc3-c3cccs3)SC2)cc1,CHEMBL527271,1.0,CurationNote.canonical,
CC(C)n1nnnc1SCC(=O)NCCc1ccccc1,CHEMBL1377767,0.0,CurationNote.canonical,
None,,nan,,CurationIssue.rdkit_failed
COc1ccc2[nH]c3c(c2c1)CN(C)CC3.Cl,CHEMBL1609748,0.0,CurationNote.canonical,CurationIssue.mixture
O=c1cnc2cnc(OCc3ccccc3)nc2n1CCc1ccccc1,CHEMBL1378208,0.0,CurationNote.canonical,
COc1ccccc1-c1cc(-n2ccnc2)ncn1,CHEMBL1594612,0.0,CurationNote.canonical,
Cc1cccc(NC(=S)N(CCc2nc3cc(C)c(C)cc3[nH]2)Cc2cccnc2)c1,CHEMBL1329312,1.0,CurationNote.canonical,
CCOC(=O)c1[nH]c(C)c(CN(CCc2ccccc2)C(=O)CCC(=O)O)c1C,CHEMBL1548902,0.0,CurationNote.canonical,
CS(=O)(=O)O.CSc1ccc2c(c1)[C@H](N1CCN(C)CC1)Cc1ccccc1S2,CHEMBL1314789,1.0,CurationNote.canonical,CurationIssue.mixture
Cc1nc([N+](=O)[O-])c(N2CCN(C)CC2)n1Cc1ccccc1,CHEMBL1741414,0.0,CurationNote.canonical,
OCCOCCN1CCN([C@@H](c2ccccc2)c2ccc(Cl)cc2)CC1,CHEMBL1513166,1.0,CurationNote.canonical,
CN(C)c1ccc(-c2nc(N(C)C)c3ccccc3n2)cc1,CHEMBL1475562,1.0,CurationNote.canonical,
COc1cccc(N(C(=O)Cn2nnc(-c3ccc(C)cc3)n2)C(C(=O)NC(C)(C)C)c2c[nH]c3ccccc23)c1,CHEMBL1359661,0.0,CurationNote.canonical,
C[N+]1(C)CCC(OC(=O)C(c2ccccc2)c2ccccc2)CC1,CHEMBL168067,0.0,CurationNote.canonical,
None,,nan,,CurationIssue.rdkit_failed
None,(S)APOMORPHINE,nan,,CurationIssue.rdkit_failed
None,,nan,,CurationIssue.rdkit_failed
None,FLUMAZENIL,nan,,CurationIssue.rdkit_failed
None,,nan,,CurationIssue.rdkit_failed
None,,nan,,CurationIssue.rdkit_failed
None,,nan,,CurationIssue.rdkit_failed
None,,nan,,CurationIssue.rdkit_failed
None,,nan,,CurationIssue.rdkit_failed
None,,nan,,CurationIssue.rdkit_failed
None,,nan,,CurationIssue.rdkit_failed
None,,nan,,CurationIssue.rdkit_failed
None,,nan,,CurationIssue.rdkit_failed
None,,nan,,CurationIssue.rdkit_failed
O=C(CCc1ccccc1)Nc1nncs1,CHEMBL1329761,0.0,CurationNote.canonical,
COc1ccc(NC(=O)NCc2cccn2C)c(OC)c1,CHEMBL1564740,1.0,CurationNote.canonical,
COc1ccccc1CNc1cc(-c2c(C)noc2C)ncn1,CHEMBL1475689,0.0,CurationNote.canonical,
N#C[C@H](c1ccccc1)N1CCCN([C@@H](C#N)c2ccccc2)[C@H]1c1ccccc1O,CHEMBL1329940,1.0,CurationNote.canonical,
CCCCn1c(NCc2ccccc2NS(=O)(=O)c2ccc(C)cc2)nc2ccccc21,CHEMBL1333742,1.0,CurationNote.canonical,
CN(C)C/C=C(\c1ccc(Br)cc1)c1cccnc1.Cl.Cl.O,CHEMBL1411735,1.0,CurationNote.canonical,CurationIssue.mixture
C[N+](C)(C)CC[N+]1(C)Cc2c(Cl)c(Cl)c(Cl)c(Cl)c2C1,CHEMBL1398654,0.0,CurationNote.canonical,
Cc1ccc(S(=O)(=O)O)cc1.Cc1ccc(S(=O)(=O)OC2CCN(C)CC2)cc1,CHEMBL1437700,1.0,CurationNote.canonical,CurationIssue.mixture
COc1ccc(O[C@H]2C=C[C@@H](c3ccccc3)O[C@H]2CO/N=C2\[C@@H]3CCn4c(=O)n(-c5ccccc5)c(=O)n4[C@H]3[C@H](O)[C@H]3O[C@H]23)cc1,CHEMBL1356113,1.0,CurationNote.canonical,
NC(=Nc1cccc2ccccc12)Nc1nc(O)c2c(n1)CCC2,CHEMBL1497338,0.0,CurationNote.canonical,
NCCCN1CCN(c2ccccc2)CC1,CHEMBL157754,1.0,CurationNote.canonical,
Cc1cccc(Cn2cnc3c(NS(C)(=O)=O)c(C)c(C)cc32)c1,CHEMBL1313226,0.0,CurationNote.canonical,
Cc1ccccc1-c1cncnc1NC1CCNCC1,CHEMBL1413161,1.0,CurationNote.canonical,
CN(C)c1ncc2nc(-c3ccc(Cl)cc3)c(=O)n(-c3ccccc3)c2n1,CHEMBL1474016,1.0,CurationNote.canonical,
O=C(Nc1cccc(Cl)c1Cl)c1snnc1-c1ccccc1,CHEMBL1529089,1.0,CurationNote.canonical,
None,,nan,,CurationIssue.rdkit_failed
None,SALAGEN,nan,,CurationIssue.rdkit_failed
None,,nan,,CurationIssue.rdkit_failed
None,,nan,,CurationIssue.rdkit_failed
None,,nan,,CurationIssue.rdkit_failed
None,,nan,,CurationIssue.rdkit_failed
None,,nan,,CurationIssue.rdkit_failed
COc1cccc(-c2nc(NC3CC3)c3ccccc3n2)c1,CHEMBL1357293,1.0,CurationNote.canonical,
CN1CCN(c2ncnc3ccc(-c4ccoc4)cc23)CC1,CHEMBL1316709,0.0,CurationNote.canonical,
C=C(C)c1cccc(C(C)(C)NC(=O)N2CCN(C/C=C/c3ccccc3)CC2)c1,CHEMBL1329855,0.0,CurationNote.canonical,
O=C(NC(NC(=S)Nc1cc(Cl)ccc1Cl)C(Cl)(Cl)Cl)c1ccco1,CHEMBL1503387,0.0,CurationNote.canonical,
Cc1ccccc1CSCCNC(=O)CSCc1ccc([N+](=O)[O-])cc1,CHEMBL1598492,1.0,CurationNote.canonical,
CCn1c(N)nc2ccccc21,CHEMBL464157,0.0,CurationNote.canonical,
O=C(c1ccco1)N1CCC[C@@]2(CCN(C(c3ccccc3)c3ccccc3)C2)C1,CHEMBL1361149,1.0,CurationNote.canonical,
Fc1ccc2c(c1)C(c1ccncc1)=NNC(c1ccc(Cl)cc1)=N2,CHEMBL1407910,1.0,CurationNote.canonical,
O=C(N/N=C/C1C(c2ccccc2)C1(Cl)Cl)c1cccc(Br)c1,CHEMBL3191520,1.0,CurationNote.canonical,
Cn1c(=O)c2cc(S(=O)(=O)NCCC(=O)NCc3ccccc3Cl)ccc2n(C)c1=O,CHEMBL1700937,0.0,CurationNote.canonical,
COc1ccccc1-c1nc(N(C)Cc2ccco2)c2ccccc2n1,CHEMBL1317537,1.0,CurationNote.canonical,
COc1ccc2c(Cc3c4ccccc4cc4ccccc34)cncc2c1O,CHEMBL1411360,1.0,CurationNote.canonical,
CN(C)c1ncc2ncc(=O)n(Cc3cccs3)c2n1,CHEMBL1591190,0.0,CurationNote.canonical,
O=C(c1ccncc1)N1CCC[C@@]2(CCN(Cc3nccs3)C2)C1,CHEMBL1437776,0.0,CurationNote.canonical,
CCC(C)NCc1ccc(C(=O)OC)o1.Cl,CHEMBL1406631,0.0,CurationNote.canonical,CurationIssue.mixture
CCCCN1C(=O)NC(=O)/C(=C(/CC)Nc2ccc(OC)cc2OC)C1=O,CHEMBL1423348,0.0,CurationNote.canonical,
O=c1c(-c2nnc(SCc3ccc(Cl)c(Cl)c3)o2)cccn1Cc1ccccc1,CHEMBL1327850,0.0,CurationNote.canonical,
CCOC(=O)C1(S(=O)(=O)c2ccc(Cl)cc2)CCN(Cc2ccc(Cl)cc2)CC1,CHEMBL1503678,1.0,CurationNote.canonical,
O=C(NCCCN1CCCCCC1)C1CC(=O)N(CCc2ccccc2)C1,CHEMBL1307198,0.0,CurationNote.canonical,
None,,nan,,CurationIssue.rdkit_failed
None,,nan,,CurationIssue.rdkit_failed
None,,nan,,CurationIssue.rdkit_failed
None,ANTIPYRINE,nan,,CurationIssue.rdkit_failed
None,,nan,,CurationIssue.rdkit_failed
None,,nan,,CurationIssue.rdkit_failed
COc1ccccc1-c1nc(Nc2ccncc2)c2ccccc2n1,CHEMBL1397636,0.0,CurationNote.canonical,
Cc1sc(N/N=C/c2cccnc2)nc1-c1ccccc1,CHEMBL1984764,1.0,CurationNote.canonical,
Cc1ccc2nc(N/N=C/c3ccccc3C#N)nc(-c3ccccc3)c2c1,CHEMBL3189154,1.0,CurationNote.canonical,
COc1cccc(-c2cncnc2NCCc2c[nH]c3ccc(OC)cc23)c1,CHEMBL1484261,1.0,CurationNote.canonical,
CC(C)(C)N(NC(=O)Nc1ccc(Cl)c(Cl)c1)C(=O)c1ccccc1,CHEMBL1302492,0.0,CurationNote.canonical,
Cc1cc2c(nc1C)CCCN2C[C@H](C)O/N=C1\[C@@H]2CCn3c(=O)n(-c4ccccc4)c(=O)n3[C@H]2[C@H](O)[C@H]2O[C@H]12,CHEMBL1513031,1.0,CurationNote.canonical,
CN(CCCNC(=O)c1ccc(/C=N/O)nc1)CCCN(C)Cc1ccccc1,CHEMBL3195693,1.0,CurationNote.canonical,
c1ccc2c(c1)Sc1ccccc1N2C[C@H]1CN2CCC1CC2,CHEMBL1367006,1.0,CurationNote.canonical,CurationIssue.inorganic
COc1ccccc1CNc1cc(-c2ccccc2Cl)ncn1,CHEMBL1374585,0.0,CurationNote.canonical,
O=C1c2ccccc2CC[C@H]1CNCCc1ccc(O)cc1,CHEMBL1400667,1.0,CurationNote.canonical,
C[C@@H](Cc1ccc(C=O)cc1)NC[C@@H](O)c1ccc(O)c(NCO)c1,CHEMBL1336469,1.0,CurationNote.canonical,
O=C(CN1C(=O)C2C3C=CC(C3)C2C1=O)NC1CCCc2ccccc21,CHEMBL1485991,1.0,CurationNote.canonical,
CCN1C(=O)/C(=C2\SC(N3CCCCC3)=NC2=O)c2ccccc21,CHEMBL1313647,1.0,CurationNote.canonical,
CN(Cc1ccco1)c1ncncc1-c1ccccc1C(F)(F)F,CHEMBL1591238,0.0,CurationNote.canonical,
COc1nccc(-c2c(-c3ccc(F)cc3)ncn2C2CCC(O)CC2)n1,CHEMBL256835,0.0,CurationNote.canonical,
None,,nan,,CurationIssue.rdkit_failed
None,,nan,,CurationIssue.rdkit_failed
None,ETANIDAZOLE,nan,,CurationIssue.rdkit_failed
None,,nan,,CurationIssue.rdkit_failed
None,,nan,,CurationIssue.rdkit_failed
None,,nan,,CurationIssue.rdkit_failed
None,,nan,,CurationIssue.rdkit_failed
None,,nan,,CurationIssue.rdkit_failed
None,,nan,,CurationIssue.rdkit_failed
None,,nan,,CurationIssue.rdkit_failed
None,SALAGEN,nan,,CurationIssue.rdkit_failed
None,,nan,,CurationIssue.rdkit_failed
None,,nan,,CurationIssue.rdkit_failed
O=C(c1sc2ccccc2c1Cl)N(Cc1ccccc1)C1CCS(=O)(=O)C1,CHEMBL1460553,0.0,CurationNote.canonical,
COCCn1c(=O)c(-c2ccc(Cl)cc2)nc2cnc(OC)nc21,CHEMBL1400637,0.0,CurationNote.canonical,
None,,nan,,CurationIssue.rdkit_failed
None,DAPSONE,nan,,CurationIssue.rdkit_failed
O=C(c1cccc(F)c1)N1CCC2(CCCN(Cc3ccncc3)C2)CC1,CHEMBL1554723,1.0,CurationNote.canonical,
c1ccc(SCCc2ccncc2)cc1,CHEMBL1365701,1.0,CurationNote.canonical,CurationIssue.duplicate
O=C(NCc1ccc(F)cc1)C(c1ccncc1)N(C(=O)c1csnn1)C1CC1,CHEMBL1500880,0.0,CurationNote.canonical,
CS(=O)(=O)Nc1cccc(-c2ccc3ncnc(NCc4cccnc4)c3c2)c1,CHEMBL1603852,0.0,CurationNote.canonical,
CCN(CC)CCc1nc(-c2ccccc2)no1.O=C(O)CC(O)(CC(=O)O)C(=O)O,CHEMBL1448044,1.0,CurationNote.canonical,CurationIssue.mixture
O[C@H](CNc1ccccn1)c1ccccc1,CHEMBL1590508,1.0,CurationNote.canonical,
CCN1CCc2nc(NC(=O)CC(c3ccccc3)c3ccccc3)sc2C1,CHEMBL1587783,1.0,CurationNote.canonical,
CN1CC[C@H](CN2c3ccccc3Sc3ccccc32)C1,CHEMBL1479203,1.0,CurationNote.canonical,CurationIssue.inorganic
None,,nan,,CurationIssue.rdkit_failed
None,,nan,,CurationIssue.rdkit_failed
CCc1ccc(NCCC(=O)c2ccc(Cl)cc2)cc1,CHEMBL1466017,1.0,CurationNote.canonical,
O=C(NCc1ccc2c(c1)OCO2)C1CC(=O)N(C2CCCC2)C1,CHEMBL1492136,0.0,CurationNote.canonical,
O=C(NC1CCN(Cc2ccccc2)CC1)c1ccc(I)cc1,CHEMBL50112,0.0,CurationNote.canonical,
CCNc1ncc2nc(C)c(=O)n(Cc3cccc(OC)c3)c2n1,CHEMBL1552150,0.0,CurationNote.canonical,
C=CCn1c(SCC)nc2sc3c(c2c1=O)CCc1ccccc1-3,CHEMBL1490143,0.0,CurationNote.canonical,
None,LEVISOPRENALINE,nan,,CurationIssue.rdkit_failed
None,,nan,,CurationIssue.rdkit_failed
None,,nan,,CurationIssue.rdkit_failed
None,,nan,,CurationIssue.rdkit_failed
None,,nan,,CurationIssue.rdkit_failed
None,,nan,,CurationIssue.rdkit_failed
None,,nan,,CurationIssue.rdkit_failed
None,ARACHIDONOYL GLYCINE,nan,,CurationIssue.rdkit_failed
None,,nan,,CurationIssue.rdkit_failed
None,,nan,,CurationIssue.rdkit_failed
None,,nan,,CurationIssue.rdkit_failed
None,,nan,,CurationIssue.rdkit_failed
None,,nan,,CurationIssue.rdkit_failed
None,,nan,,CurationIssue.rdkit_failed
None,,nan,,CurationIssue.rdkit_failed
None,,nan,,CurationIssue.rdkit_failed
None,,nan,,CurationIssue.rdkit_failed
None,,nan,,CurationIssue.rdkit_failed
None,,nan,,CurationIssue.rdkit_failed
None,LEUCINE,nan,,CurationIssue.rdkit_failed
None,,nan,,CurationIssue.rdkit_failed
None,,nan,,CurationIssue.rdkit_failed
None,,nan,,CurationIssue.rdkit_failed
None,,nan,,CurationIssue.rdkit_failed
None,,nan,,CurationIssue.rdkit_failed
None,,nan,,CurationIssue.rdkit_failed
None,,nan,,CurationIssue.rdkit_failed
None,,nan,,CurationIssue.rdkit_failed
None,,nan,,CurationIssue.rdkit_failed
None,,nan,,CurationIssue.rdkit_failed
None,,nan,,CurationIssue.rdkit_failed
None,,nan,,CurationIssue.rdkit_failed
None,,nan,,CurationIssue.rdkit_failed
None,,nan,,CurationIssue.rdkit_failed
None,,nan,,CurationIssue.rdkit_failed
COCC/N=C1/Sc2nc3c(C)cccc3cc2CN1Cc1ccco1,CHEMBL3191940,0.0,CurationNote.canonical,CurationIssue.inorganic
c1ccc2c(c1)[I+]c1ccccc1-2,CHEMBL365739,1.0,CurationNote.canonical,
COc1ccc2c(c1OC)CN1CCc3cc4c(cc3[C@H]1C2)OCO4,CHEMBL476501,1.0,CurationNote.canonical,
None,,nan,,CurationIssue.rdkit_failed
None,D-EFLORNITHINE,nan,,CurationIssue.rdkit_failed
None,,nan,,CurationIssue.rdkit_failed
None,,nan,,CurationIssue.rdkit_failed
None,,nan,,CurationIssue.rdkit_failed
None,,nan,,CurationIssue.rdkit_failed
None,,nan,,CurationIssue.rdkit_failed
None,,nan,,CurationIssue.rdkit_failed
None,,nan,,CurationIssue.rdkit_failed
None,,nan,,CurationIssue.rdkit_failed
None,,nan,,CurationIssue.rdkit_failed
None,,nan,,CurationIssue.rdkit_failed
None,,nan,,CurationIssue.rdkit_failed
None,,nan,,CurationIssue.rdkit_failed
None,,nan,,CurationIssue.rdkit_failed
None,,nan,,CurationIssue.rdkit_failed
None,,nan,,CurationIssue.rdkit_failed
None,,nan,,CurationIssue.rdkit_failed
None,,nan,,CurationIssue.rdkit_failed
None,,nan,,CurationIssue.rdkit_failed
None,,nan,,CurationIssue.rdkit_failed
None,,nan,,CurationIssue.rdkit_failed
None,,nan,,CurationIssue.rdkit_failed
None,,nan,,CurationIssue.rdkit_failed
None,,nan,,CurationIssue.rdkit_failed
None,,nan,,CurationIssue.rdkit_failed
None,,nan,,CurationIssue.rdkit_failed
None,,nan,,CurationIssue.rdkit_failed
c1ccc2c(c1)OC[C@@H](C1=NCCN1)O2,CHEMBL1410804,1.0,CurationNote.canonical,CurationIssue.duplicate
CC(=O)c1c(S)nc(-c2ccccc2)nc1N1CCN(C)CC1,CHEMBL1388707,0.0,CurationNote.canonical,
None,,nan,,CurationIssue.rdkit_failed
CCc1nnc(NC(=O)C2Cc3ccccc3CN2S(=O)(=O)c2ccc(C)cc2)s1,CHEMBL1343639,0.0,CurationNote.canonical,
O=C(N/N=C\c1ccc(Sc2ccccn2)o1)c1cccc(Br)c1,CHEMBL3194967,0.0,CurationNote.canonical,CurationIssue.inorganic
C[C@@H]1[C@@H]2Cc3ccc(O)cc3[C@@]1(C)CCN2CC1CC1,CHEMBL293349,0.0,CurationNote.canonical,
None,,nan,,CurationIssue.rdkit_failed
None,,nan,,CurationIssue.rdkit_failed
None,,nan,,CurationIssue.rdkit_failed
None,,nan,,CurationIssue.rdkit_failed
None,,nan,,CurationIssue.rdkit_failed
None,,nan,,CurationIssue.rdkit_failed
None,,nan,,CurationIssue.rdkit_failed
None,,nan,,CurationIssue.rdkit_failed
None,,nan,,CurationIssue.rdkit_failed
None,,nan,,CurationIssue.rdkit_failed
None,,nan,,CurationIssue.rdkit_failed
None,,nan,,CurationIssue.rdkit_failed
None,,nan,,CurationIssue.rdkit_failed
None,,nan,,CurationIssue.rdkit_failed
None,,nan,,CurationIssue.rdkit_failed
None,,nan,,CurationIssue.rdkit_failed
None,,nan,,CurationIssue.rdkit_failed
None,,nan,,CurationIssue.rdkit_failed
None,,nan,,CurationIssue.rdkit_failed
None,,nan,,CurationIssue.rdkit_failed
CCc1cc2c(nc1CC)CCN(CC/C(C)=N/OC[C@@H](O)COCc1ccco1)C2,CHEMBL1606038,1.0,CurationNote.canonical,
O=C(C1CCN(S(=O)(=O)c2cccc3nsnc23)CC1)N1CCc2ccccc21,CHEMBL1599025,0.0,CurationNote.canonical,
CC(C)CN1CCC2(CC1)CCN(S(C)(=O)=O)CC2,CHEMBL1515997,1.0,CurationNote.canonical,
CC1CCN(C(=O)c2ccc(COc3ccccc3Cl)o2)CC1,CHEMBL1428282,0.0,CurationNote.canonical,
O=C(c1ccncc1)N1CCC2(CC1)CN(c1ccccn1)C2,CHEMBL1446112,0.0,CurationNote.canonical,
CN(C)c1ccccc1CN1CCCN(Cc2ccccc2N(C)C)C1c1ccncc1,CHEMBL471728,1.0,CurationNote.canonical,
COc1ccccc1/C=N/NC(=O)CC(=O)Nc1ccc(Cl)c(Cl)c1,CHEMBL2002680,0.0,CurationNote.canonical,
O=c1cc(N2CCCCC2)c(-c2ccccc2)nn1Cc1ccccc1Cl,CHEMBL1492339,0.0,CurationNote.canonical,
CN1CCN(c2cc(N3CCCC3)c([N+](=O)[O-])cc2F)CC1,CHEMBL1529327,0.0,CurationNote.canonical,
CS(=O)(=O)Nc1cccc(-c2nc(-n3ccnc3)c3ccccc3n2)c1,CHEMBL1358983,1.0,CurationNote.canonical,
CC(C)(C)c1cc2cccnc2n1Cc1ccccc1,CHEMBL1406406,1.0,CurationNote.canonical,
COc1c(Cl)cc(Cl)cc1CNCCNCCO.Cl,CHEMBL1529925,0.0,CurationNote.canonical,CurationIssue.mixture
COc1ccc(CNc2nc(-c3cccc(C#N)c3)nc3ccccc23)c(OC)c1,CHEMBL1416476,1.0,CurationNote.canonical,
CCS(=O)(=O)c1ccc(C(=O)Nc2ccccc2)c(Cl)c1Cl,CHEMBL1589133,0.0,CurationNote.canonical,
CCCCCCCCSc1nnc(CSc2nc3nc(C)cc(C)n3n2)o1,CHEMBL478501,0.0,CurationNote.canonical,CurationIssue.inorganic
CN1CCN(C2=Nc3cc(Cl)ccc3Nc3ccccc32)CC1,CHEMBL42,0.0,CurationNote.canonical,
NCc1ccccc1.O=C(O)NCc1ccccc1,CHEMBL1374501,1.0,CurationNote.canonical,CurationIssue.mixture
O.O=C(O)C(O)C(O)C(=O)O.O=C(c1ccc(F)cc1)C1CCN(CCn2c(=O)[nH]c3ccccc3c2=O)CC1,CHEMBL2062337,1.0,CurationNote.canonical,CurationIssue.mixture
CC(C)NC[C@@H](O)COc1cccc2ccccc12,CHEMBL275742,1.0,CurationNote.canonical,CurationIssue.duplicate
O=C(COc1ccc(Br)cc1)N1CCC(c2ccccc2)C1,CHEMBL1516503,0.0,CurationNote.canonical,
CCCCC(=O)NCCc1c(Cc2ccccc2)[nH]c2ccccc12,CHEMBL1327247,0.0,CurationNote.canonical,
O=c1c2ccccc2nnn1CSc1nnnn1-c1ccccc1,CHEMBL1527840,0.0,CurationNote.canonical,CurationIssue.inorganic
COc1cc(C(=O)NCCC(=O)NCc2ccc3c(c2)OCO3)cc(OC)c1OC,CHEMBL1717360,0.0,CurationNote.canonical,
O=C(c1cnccn1)N1CCC2(CCCN(Cc3nccs3)C2)CC1,CHEMBL1495077,1.0,CurationNote.canonical,
CN(C)S(=O)(=O)c1ccc(Nc2ccc(O)c3c2C(=O)c2c([N+](=O)[O-])ccc(O)c2C3=O)cc1,CHEMBL1373587,1.0,CurationNote.canonical,
CCC(=O)Nc1cccc(-c2nnc(-c3cccc(NC(=O)CC)c3)o2)c1,CHEMBL1547410,0.0,CurationNote.canonical,
CCOC(=O)C1=C2SCC(=O)N2C(N)=C(C#N)C1,CHEMBL1312003,0.0,CurationNote.canonical,
Cc1cccc(CNc2cc(-c3ccccc3C)ncn2)c1,CHEMBL1552194,0.0,CurationNote.canonical,
CC(C)CCNC(=O)CN(C(=O)Cn1nnc(-c2ccccc2F)n1)c1cccc2c1CCCC2,CHEMBL1350410,0.0,CurationNote.canonical,
None,,nan,,CurationIssue.rdkit_failed
None,,nan,,CurationIssue.rdkit_failed
None,,nan,,CurationIssue.rdkit_failed
COc1ccc(-c2cc(CCCC(=O)NCCc3ccc(OC)cc3OC)no2)cc1,CHEMBL1414719,1.0,CurationNote.canonical,
None,,nan,,CurationIssue.rdkit_failed
None,,nan,,CurationIssue.rdkit_failed
None,,nan,,CurationIssue.rdkit_failed
None,,nan,,CurationIssue.rdkit_failed
None,,nan,,CurationIssue.rdkit_failed
None,,nan,,CurationIssue.rdkit_failed
None,,nan,,CurationIssue.rdkit_failed
CCCC(=O)Nc1ccc(C(=O)Nc2cc(C(F)(F)F)ccc2Cl)cc1,CHEMBL1413524,1.0,CurationNote.canonical,
COc1ccc2c(c1)N(C[C@@H](C)CN(C)C)c1ccccc1S2,CHEMBL1323355,1.0,CurationNote.canonical,
O=C1OCC(c2ccccc2)=C1c1ccc(S(=O)(=O)N2CCOCC2)s1,CHEMBL1595862,0.0,CurationNote.canonical,
O=C(CSc1nc2ccccc2c(=O)n1CCCN1CCCCC1)NCc1ccccc1,CHEMBL1741548,1.0,CurationNote.canonical,CurationIssue.inorganic
COc1ncc2nc(-c3ccc(Cl)cc3)c(=O)n(C[C@H]3CCCO3)c2n1,CHEMBL1336932,1.0,CurationNote.canonical,
None,,nan,,CurationIssue.rdkit_failed
None,,nan,,CurationIssue.rdkit_failed
None,,nan,,CurationIssue.rdkit_failed
None,,nan,,CurationIssue.rdkit_failed
None,,nan,,CurationIssue.rdkit_failed
None,,nan,,CurationIssue.rdkit_failed
None,,nan,,CurationIssue.rdkit_failed
None,,nan,,CurationIssue.rdkit_failed
None,,nan,,CurationIssue.rdkit_failed
None,,nan,,CurationIssue.rdkit_failed
None,,nan,,CurationIssue.rdkit_failed
Br.N=c1n(CCN2CCOCC2)c2ccccc2n1CC(=O)c1ccc(Cl)c(Cl)c1,CHEMBL1441404,1.0,CurationNote.canonical,CurationIssue.mixture
CCNc1ncc2nc(C)c(=O)n(C)c2n1,CHEMBL1319506,0.0,CurationNote.canonical,
Cc1cccc(C)c1NC1=NCCCS1,CHEMBL297362,0.0,CurationNote.canonical,CurationIssue.duplicate
CN1CCN([C@@H]2Cc3ccccc3Sc3ccc(Cl)cc32)CC1,CHEMBL64875,1.0,CurationNote.canonical,CurationIssue.inorganic
None,,nan,,CurationIssue.rdkit_failed
None,,nan,,CurationIssue.rdkit_failed
None,,nan,,CurationIssue.rdkit_failed
None,,nan,,CurationIssue.rdkit_failed
None,,nan,,CurationIssue.rdkit_failed
None,,nan,,CurationIssue.rdkit_failed
None,,nan,,CurationIssue.rdkit_failed
None,,nan,,CurationIssue.rdkit_failed
None,,nan,,CurationIssue.rdkit_failed
COn1c(SCc2cccc(Cl)c2)nc2ccccc2c1=O,CHEMBL1498884,1.0,CurationNote.canonical,
None,,nan,,CurationIssue.rdkit_failed
O=C(CSc1ccc(Cl)cc1)Nc1cccc(-c2nc3ncccc3o2)c1,CHEMBL1563190,1.0,CurationNote.canonical,CurationIssue.inorganic
CC1(C)Cc2c(sc3nc(SCC(=O)NCc4ccccc4)n(-c4ccccc4)c(=O)c23)CS1,CHEMBL1726083,1.0,CurationNote.canonical,
None,,nan,,CurationIssue.rdkit_failed
None,,nan,,CurationIssue.rdkit_failed
None,,nan,,CurationIssue.rdkit_failed
None,,nan,,CurationIssue.rdkit_failed
None,,nan,,CurationIssue.rdkit_failed
None,,nan,,CurationIssue.rdkit_failed
CCCCCCCCC[n+]1cccc2c3ccccc3ccc21.[Br-],CHEMBL1347071,1.0,CurationNote.canonical,CurationIssue.mixture
Cc1noc(C)c1-c1ccc2ncnc(N(C)Cc3ccco3)c2c1,CHEMBL1369796,0.0,CurationNote.canonical,
None,,nan,,CurationIssue.rdkit_failed
None,,nan,,CurationIssue.rdkit_failed
None,,nan,,CurationIssue.rdkit_failed
None,,nan,,CurationIssue.rdkit_failed
None,,nan,,CurationIssue.rdkit_failed
None,,nan,,CurationIssue.rdkit_failed
None,,nan,,CurationIssue.rdkit_failed
None,HYDROXYUREA,nan,,CurationIssue.rdkit_failed
None,,nan,,CurationIssue.rdkit_failed
None,,nan,,CurationIssue.rdkit_failed
None,,nan,,CurationIssue.rdkit_failed
None,,nan,,CurationIssue.rdkit_failed
O=C(O)/C(=C\c1ccncc1)c1cccc2ccccc12,CHEMBL1397902,1.0,CurationNote.canonical,
None,,nan,,CurationIssue.rdkit_failed
O=S1(=O)CCN(CCc2cn(Cc3ccc(F)cc3)c3ccccc23)CC1,CHEMBL1528376,0.0,CurationNote.canonical,
None,,nan,,CurationIssue.rdkit_failed
CC[C@@H](CO)NC(=O)[C@H]1C=C2c3cccc4[nH]cc(c34)C[C@H]2N(C)C1,CHEMBL1474117,1.0,CurationNote.canonical,
COc1ccc(C(=O)CN2CCN(c3ccc(F)cc3)CC2)cc1OC,CHEMBL1351822,0.0,CurationNote.canonical,
None,,nan,,CurationIssue.rdkit_failed
COCCNC(=O)COc1ccc(OCCNC[C@@H](O)COc2ccccc2)cc1,CHEMBL1409461,1.0,CurationNote.canonical,
None,RUTAECARPINE,nan,,CurationIssue.rdkit_failed
None,,nan,,CurationIssue.rdkit_failed
None,,nan,,CurationIssue.rdkit_failed
None,,nan,,CurationIssue.rdkit_failed
None,,nan,,CurationIssue.rdkit_failed
None,,nan,,CurationIssue.rdkit_failed
None,CAMBINOL,nan,,CurationIssue.rdkit_failed
None,,nan,,CurationIssue.rdkit_failed
None,,nan,,CurationIssue.rdkit_failed
None,,nan,,CurationIssue.rdkit_failed
None,,nan,,CurationIssue.rdkit_failed
None,,nan,,CurationIssue.rdkit_failed
None,,nan,,CurationIssue.rdkit_failed
None,,nan,,CurationIssue.rdkit_failed
None,,nan,,CurationIssue.rdkit_failed
None,,nan,,CurationIssue.rdkit_failed
None,,nan,,CurationIssue.rdkit_failed
None,,nan,,CurationIssue.rdkit_failed
None,,nan,,CurationIssue.rdkit_failed
None,,nan,,CurationIssue.rdkit_failed
None,,nan,,CurationIssue.rdkit_failed
None,,nan,,CurationIssue.rdkit_failed
None,,nan,,CurationIssue.rdkit_failed
None,,nan,,CurationIssue.rdkit_failed
None,,nan,,CurationIssue.rdkit_failed
None,,nan,,CurationIssue.rdkit_failed
None,,nan,,CurationIssue.rdkit_failed
None,,nan,,CurationIssue.rdkit_failed
None,,nan,,CurationIssue.rdkit_failed
None,,nan,,CurationIssue.rdkit_failed
None,,nan,,CurationIssue.rdkit_failed
O=c1c(-c2ccc(F)cc2)nc2cncnc2n1-c1ccccc1,CHEMBL1417448,0.0,CurationNote.canonical,
Cc1cc(=O)oc(C)c1C(=O)NCCCN1CCN(c2ccc(F)cc2)CC1,CHEMBL1300602,0.0,CurationNote.canonical,
Oc1ccc2ccccc2c1CN(Cc1c(O)ccc2ccccc12)C1CCCCC1,CHEMBL1367030,1.0,CurationNote.canonical,
O=C(O)C1=CCCN(CCON=C(c2ccccc2)c2ccccc2)C1,CHEMBL473104,1.0,CurationNote.canonical,
COc1cccc(Cn2nnc3c(O)nc(C4CCCN(C(=O)c5ccccc5Cl)C4)nc32)c1,CHEMBL1389184,0.0,CurationNote.canonical,
CN1CCCC[C@@H]1CCN1c2ccccc2Sc2ccc([S+](C)[O-])cc21.O=S(=O)(O)c1ccccc1,CHEMBL1573438,1.0,CurationNote.canonical,CurationIssue.mixture
C[C@@H](CCc1ccc(O)cc1)NCCc1ccc(O)c(O)c1,CHEMBL1367478,0.0,CurationNote.canonical,
CCCCCn1c(SCc2ccncc2)nc2cc(C(=O)NCc3ccco3)ccc2c1=O,CHEMBL1407848,1.0,CurationNote.canonical,
c1cc(CNCCN2CCNCC2)ccn1,CHEMBL1318461,1.0,CurationNote.canonical,
CC(C)[N+](C)(CCOC(=O)C1c2ccccc2Oc2ccccc21)C(C)C,CHEMBL1180725,1.0,CurationNote.canonical,
CN(Cc1ccco1)c1ccnc(-c2cccc(C#N)c2)n1,CHEMBL1373326,0.0,CurationNote.canonical,
COc1ccc2[nH]cc(CCNc3nc(-c4cccc(C#N)c4)nc4ccccc34)c2c1,CHEMBL1475338,1.0,CurationNote.canonical,
Cc1cnnn1-c1ccc(C(=O)CCl)cc1,CHEMBL1419252,1.0,CurationNote.canonical,
O=S(=O)(c1ccccc1)N1CCC2(CCCN(Cc3cc(C(F)(F)F)cc(C(F)(F)F)c3)C2)CC1,CHEMBL1316461,1.0,CurationNote.canonical,
CCc1ccc(OCC(=O)NCCN(C)C)c(Br)c1,CHEMBL1741725,0.0,CurationNote.canonical,
None,,nan,,CurationIssue.rdkit_failed
Clc1ccccc1OCCCCN1CCCC1,CHEMBL1503232,0.0,CurationNote.canonical,
FC(F)(F)c1cccc(N2CCN(CC3CC4C=CC3C4)CC2)c1,CHEMBL1438199,1.0,CurationNote.canonical,
O=[N+]([O-])c1ccc2c(c1NC1CCCCC1)=NC1(CCCCC1)[N+]=2[O-],CHEMBL1441066,0.0,CurationNote.canonical,
None,,nan,,CurationIssue.rdkit_failed
None,,nan,,CurationIssue.rdkit_failed
None,,nan,,CurationIssue.rdkit_failed
None,(R)-NIPECOTIC ACID,nan,,CurationIssue.rdkit_failed
None,,nan,,CurationIssue.rdkit_failed
None,,nan,,CurationIssue.rdkit_failed
None,,nan,,CurationIssue.rdkit_failed
None,,nan,,CurationIssue.rdkit_failed
O=S(=O)(c1ccccc1)N1CCC[C@@]2(CCN(c3ncccn3)C2)C1,CHEMBL1396577,0.0,CurationNote.canonical,
CCN1CCC[C@H]1CNC(=O)c1cc(S(N)(=O)=O)ccc1OC,CHEMBL267044,0.0,CurationNote.canonical,
None,,nan,,CurationIssue.rdkit_failed
None,SPERMINE,nan,,CurationIssue.rdkit_failed
Cc1cc(C)n(-c2nnc(C)n2/N=C/c2ccccc2OCc2ccccc2Cl)n1,CHEMBL3208361,0.0,CurationNote.canonical,
None,,nan,,CurationIssue.rdkit_failed
None,,nan,,CurationIssue.rdkit_failed
None,,nan,,CurationIssue.rdkit_failed
None,,nan,,CurationIssue.rdkit_failed
CCCCc1nc(O)c(C#N)c2c1CCCC2,CHEMBL1378505,0.0,CurationNote.canonical,
COc1ccc(C(=O)N2CCC3(CC2)CCN(c2ccncc2)CC3)cc1,CHEMBL1439945,0.0,CurationNote.canonical,
None,,nan,,CurationIssue.rdkit_failed
CON(c1nc(N(C)C)nc(N(C)C)n1)S(=O)(=O)c1ccccc1Cl,CHEMBL1458289,0.0,CurationNote.canonical,
COc1ccccc1CNCC(O)(c1ccc(Cl)cc1)c1ccc(Cl)cc1,CHEMBL1524388,1.0,CurationNote.canonical,
CN(C)Cc1ccccc1-c1cc(N(C)Cc2ccco2)ncn1,CHEMBL1527029,1.0,CurationNote.canonical,
Br.CC(NC1=NCCCCC1)c1ccccc1,CHEMBL1741606,1.0,CurationNote.canonical,CurationIssue.mixture
CC(C)(CN)SCc1ccccc1,CHEMBL227298,1.0,CurationNote.canonical,
C/C(=N\O)c1cccc[n+]1Cc1ccccc1,CHEMBL1331914,1.0,CurationNote.canonical,
CCOC(=O)c1c(-c2ccccc2)nc2c(C)cccn12,CHEMBL1446244,1.0,CurationNote.canonical,
COc1ccc2nc(O)c(CN(CCc3ccccc3)C(C)=O)cc2c1,CHEMBL1425402,0.0,CurationNote.canonical,
O=Nc1c(O)n(Cc2cccc(Cl)c2)c2ccccc12,CHEMBL1379187,0.0,CurationNote.canonical,
None,,nan,,CurationIssue.rdkit_failed
CCN(CC)CCOc1ccc2nc(N(C)C)sc2c1.Cl,CHEMBL1509531,0.0,CurationNote.canonical,CurationIssue.mixture
CCCc1c(-c2ccc(O)cc2)nn(-c2ccc(O)cc2)c1-c1ccc(O)cc1,CHEMBL441282,0.0,CurationNote.canonical,
O=C(c1ccncc1)N1CCC2(CC1)CCN(c1cccc(-c3ccccc3)c1)CC2,CHEMBL1331657,1.0,CurationNote.canonical,
CC[C@]1(c2cccc(O)c2)CCCCN(C)C1,CHEMBL1316623,1.0,CurationNote.canonical,
Cc1noc(C)c1C(=O)N1CCC2(CCCN(C(c3ccccc3)c3ccccc3)C2)CC1,CHEMBL1338249,1.0,CurationNote.canonical,
CCCCN=C(S)NNC(=O)c1csc2c1CCC(C)C2,CHEMBL1603577,0.0,CurationNote.canonical,
CN1C2C=C(N(CCc3c[nH]c4ccccc34)C(=O)c3ccc(Cl)cc3)CC1CC2.Cl,CHEMBL1728158,1.0,CurationNote.canonical,CurationIssue.mixture
None,,nan,,CurationIssue.rdkit_failed
None,,nan,,CurationIssue.rdkit_failed
None,HYDRAZINECARBOXAMIDE,nan,,CurationIssue.rdkit_failed
None,,nan,,CurationIssue.rdkit_failed
None,,nan,,CurationIssue.rdkit_failed
None,,nan,,CurationIssue.rdkit_failed
None,,nan,,CurationIssue.rdkit_failed
None,,nan,,CurationIssue.rdkit_failed
None,1400W,nan,,CurationIssue.rdkit_failed
None,,nan,,CurationIssue.rdkit_failed
COc1ccccc1CN1CCC2(CC1)CCN(C(=O)c1ccco1)CC2,CHEMBL1591730,0.0,CurationNote.canonical,
c1ccc2c(N3CCNCC3)nc(-c3ccc4c(c3)OCO4)nc2c1,CHEMBL1560798,1.0,CurationNote.canonical,
CCCCCCC[N+](CC)(CC)CCCCc1ccc(Cl)cc1.Cc1ccc(S(=O)(=O)[O-])cc1,CHEMBL598270,1.0,CurationNote.canonical,CurationIssue.mixture
O=C(CCCCn1c(=O)c2ccccc2n(CC(=O)NC2CCCC2)c1=O)NC1CCCC1,CHEMBL1719399,0.0,CurationNote.canonical,
COc1ccc2[nH]cc(CCNc3cc(-c4cccc(C#N)c4)ncn3)c2c1,CHEMBL1418420,0.0,CurationNote.canonical,
FC(F)(F)c1ccc(N2CCOCC2)c(Nc2nc3ccccc3n3cnnc23)c1,CHEMBL1374260,0.0,CurationNote.canonical,
COc1ccccc1CN1CCCC2(CCN(C(=O)c3cccc(F)c3)CC2)C1,CHEMBL1436979,1.0,CurationNote.canonical,
Cc1ccccc1NC(=O)C(C)c1cccc(C(=O)c2ccccc2)c1,CHEMBL1458143,0.0,CurationNote.canonical,
FC(F)(F)c1nc(-c2cccnc2)ncc1-c1nnnn1-c1ccccc1,CHEMBL1443340,1.0,CurationNote.canonical,
CCCCCC(=O)N1CCCC(c2nc(-c3ccc(OC)cc3)no2)C1,CHEMBL1479131,0.0,CurationNote.canonical,
C=CCn1cc(Cl)c(=O)n(CC=C)c1=O,CHEMBL1741700,1.0,CurationNote.canonical,
CCCN(CCC)C[C@@H]1CCCCN1CCNC(=O)N1c2ccccc2C(=O)Nc2cccnc21,CHEMBL1318307,1.0,CurationNote.canonical,
CN(Cc1ccco1)c1nc(-c2ccoc2)nc2ccccc12,CHEMBL1476049,0.0,CurationNote.canonical,
Fc1ccc(Nc2ncncc2-c2ccccc2C(F)(F)F)cc1,CHEMBL1590550,0.0,CurationNote.canonical,
CC1CCCC(C)N1CC(O)COCC1COc2ccccc2O1.Cl,CHEMBL1741438,1.0,CurationNote.canonical,CurationIssue.mixture
O=C(c1csnn1)N1CCC2(CC1)CCN(c1ccccc1)CC2,CHEMBL1439485,1.0,CurationNote.canonical,
COc1ccccc1NC(=O)CN1CCN(CC(=O)Nc2ccc(Cl)c(C(F)(F)F)c2)CC1,CHEMBL1407677,0.0,CurationNote.canonical,
NNC(=O)c1ccc[n+](CCc2ccccc2)c1,CHEMBL1398714,1.0,CurationNote.canonical,
Cc1ccc(S(=O)(=O)Nc2nc(C)c(NC(=O)Nc3ccc(Cl)cc3Cl)s2)cc1,CHEMBL1378306,0.0,CurationNote.canonical,
Cc1nn(Cc2ccc([N+](=O)[O-])cc2)c(=O)n1-c1cccc(F)c1,CHEMBL1522864,0.0,CurationNote.canonical,
Oc1ccc(Cl)cc1/C=N\c1cnc2ccccc2c1,CHEMBL1356348,1.0,CurationNote.canonical,
CNCCC=C1c2ccccc2C=Cc2ccccc21,CHEMBL1557167,1.0,CurationNote.canonical,
Cc1ccccc1C(=O)N/N=C/c1ccncc1,CHEMBL3210605,0.0,CurationNote.canonical,
None,,nan,,CurationIssue.rdkit_failed
None,,nan,,CurationIssue.rdkit_failed
None,,nan,,CurationIssue.rdkit_failed
None,,nan,,CurationIssue.rdkit_failed
None,,nan,,CurationIssue.rdkit_failed
None,CINOXACIN,nan,,CurationIssue.rdkit_failed
None,,nan,,CurationIssue.rdkit_failed
C[Si](C)(C)C#Cc1ccccc1NC(=S)Nc1ccccc1,CHEMBL1413858,0.0,CurationNote.canonical,CurationIssue.inorganic
Cc1nccn1C[C@@H]1CCc2c(c3ccccc3n2C)C1=O,CHEMBL399705,1.0,CurationNote.canonical,
CCC(C)(C)n1nnnc1C(c1ccc(C)cc1)N1CCC(C)CC1.Cl,CHEMBL1548943,0.0,CurationNote.canonical,CurationIssue.mixture
CC(NCc1ccc(Cl)cc1)C(O)c1ccccc1.Cl,CHEMBL1304293,1.0,CurationNote.canonical,CurationIssue.mixture
None,,nan,,CurationIssue.rdkit_failed
None,,nan,,CurationIssue.rdkit_failed
None,,nan,,CurationIssue.rdkit_failed
None,,nan,,CurationIssue.rdkit_failed
None,,nan,,CurationIssue.rdkit_failed
None,,nan,,CurationIssue.rdkit_failed
None,,nan,,CurationIssue.rdkit_failed
None,,nan,,CurationIssue.rdkit_failed
None,CYSTAMINE,nan,,CurationIssue.rdkit_failed
None,,nan,,CurationIssue.rdkit_failed
None,,nan,,CurationIssue.rdkit_failed
None,,nan,,CurationIssue.rdkit_failed
None,,nan,,CurationIssue.rdkit_failed
None,,nan,,CurationIssue.rdkit_failed
None,,nan,,CurationIssue.rdkit_failed
None,PARAXANTHINE,nan,,CurationIssue.rdkit_failed
None,,nan,,CurationIssue.rdkit_failed
None,,nan,,CurationIssue.rdkit_failed
None,,nan,,CurationIssue.rdkit_failed
None,CICLOPIROX OLAMINE,nan,,CurationIssue.rdkit_failed
None,,nan,,CurationIssue.rdkit_failed
None,,nan,,CurationIssue.rdkit_failed
None,,nan,,CurationIssue.rdkit_failed
None,,nan,,CurationIssue.rdkit_failed
None,,nan,,CurationIssue.rdkit_failed
None,,nan,,CurationIssue.rdkit_failed
None,,nan,,CurationIssue.rdkit_failed
None,,nan,,CurationIssue.rdkit_failed
None,BRETYLIUM TOSYLATE,nan,,CurationIssue.rdkit_failed
None,,nan,,CurationIssue.rdkit_failed
None,,nan,,CurationIssue.rdkit_failed
CN1CC[C@@]2(CCCN(C(=O)c3ccco3)C2)C1,CHEMBL1593438,0.0,CurationNote.canonical,
COc1ccccc1CN1CCC2(CC1)CCN(C(=O)c1c(C)noc1C)CC2,CHEMBL1330758,1.0,CurationNote.canonical,
O=C(CCc1ccc(S(=O)(=O)NC2CCCCC2)cc1)N(Cc1ccccc1)Cc1ccccc1,CHEMBL1584461,0.0,CurationNote.canonical,
O=C(NCCCN1CCC(Cc2ccccc2)CC1)C1CCN(S(=O)(=O)N2CCOCC2)CC1,CHEMBL1334283,0.0,CurationNote.canonical,
None,,nan,,CurationIssue.rdkit_failed
None,,nan,,CurationIssue.rdkit_failed
None,,nan,,CurationIssue.rdkit_failed
None,,nan,,CurationIssue.rdkit_failed
None,,nan,,CurationIssue.rdkit_failed
None,,nan,,CurationIssue.rdkit_failed
None,,nan,,CurationIssue.rdkit_failed
None,,nan,,CurationIssue.rdkit_failed
None,,nan,,CurationIssue.rdkit_failed
None,,nan,,CurationIssue.rdkit_failed
None,,nan,,CurationIssue.rdkit_failed
None,DISULFIRAM,nan,,CurationIssue.rdkit_failed
None,,nan,,CurationIssue.rdkit_failed
None,,nan,,CurationIssue.rdkit_failed
None,,nan,,CurationIssue.rdkit_failed
None,,nan,,CurationIssue.rdkit_failed
None,,nan,,CurationIssue.rdkit_failed
None,,nan,,CurationIssue.rdkit_failed
None,,nan,,CurationIssue.rdkit_failed
None,,nan,,CurationIssue.rdkit_failed
CCC/C=C(\CCC)C(NS(=O)(=O)CC12CCC(CC1=O)C2(C)C)c1ccc(C(=O)OC)cc1,CHEMBL1437408,1.0,CurationNote.canonical,
c1cn(-c2ncnc3ccc(-c4ccoc4)cc23)cn1,CHEMBL1356652,0.0,CurationNote.canonical,
CCc1cc2c(nc1CC)CCN(CC/C(C)=N/OC[C@@H](O)[C@@H]1O[C@@H]3OC(C)(C)O[C@@H]3[C@H]1O)C2,CHEMBL1572239,1.0,CurationNote.canonical,
NC[C@@H](O)CSCc1ccc(Cl)cc1,CHEMBL1554612,1.0,CurationNote.canonical,
COc1ccccc1-c1cc(NCc2cccnc2)ncn1,CHEMBL1534082,0.0,CurationNote.canonical,
O=C(NCc1ccc2c(c1)OCO2)C1CC(c2cccc(Br)c2)=NO1,CHEMBL1581594,1.0,CurationNote.canonical,
O=C(Oc1ccccc1)N1CCC[C@@]2(CCN(Cc3ccccc3)C2)C1,CHEMBL1357968,0.0,CurationNote.canonical,
Oc1cc2c(c(Cl)c1O)CCNC[C@H]2c1ccccc1,CHEMBL1317463,0.0,CurationNote.canonical,
COC(=O)[C@@]1(Cc2ccc(F)cc2)[C@H]2c3cc(C(=O)N4CCCC4)n(CCc4ccccn4)c3C[C@H]2CN1C(=O)c1ccccc1,CHEMBL1365994,0.0,CurationNote.canonical,
Cl.NCCCCCc1nnc(SCc2ccc(Cl)cc2Cl)o1,CHEMBL1578958,1.0,CurationNote.canonical,CurationIssue.mixture
Cc1cc([N+](=O)[O-])nn1CC(=O)NN=C(S)Nc1ccc(F)cc1,CHEMBL1464982,1.0,CurationNote.canonical,
COc1cc(NC(=O)c2ccccc2Cl)ccc1NC(=O)c1ccco1,CHEMBL1485948,0.0,CurationNote.canonical,
FC(F)(F)c1ccccc1-c1cncnc1NCc1cccs1,CHEMBL1358263,0.0,CurationNote.canonical,
CNC(C)Cc1ccccc1Sc1ccc(O)cc1.Cl,CHEMBL1347768,1.0,CurationNote.canonical,CurationIssue.mixture
CCOc1cc(NC(=O)c2cccs2)c(OCC)cc1NC(=O)c1ccco1,CHEMBL1404955,1.0,CurationNote.canonical,
CCN1C(=O)C(CC(=O)Nc2ccc(OC)cc2)N(Cc2cccs2)C1=S,CHEMBL1329846,0.0,CurationNote.canonical,
COc1ccc(-c2nnc(SCc3cccc(C)c3)n2N)cc1,CHEMBL1584704,0.0,CurationNote.canonical,
c1ccc(CCNCc2ccco2)nc1,CHEMBL1597169,1.0,CurationNote.canonical,
C/N=C(/NC#N)NCCSCc1csc(NC(=N)N)n1,CHEMBL269646,1.0,CurationNote.canonical,
O=C(NC1CCCCC1)C(c1cccs1)N(C(=O)C(F)(F)F)c1ccccc1,CHEMBL1302930,1.0,CurationNote.canonical,
CN1CCN(C2=Nc3cc(Cl)ccc3Nc3ccccc32)CC1,CHEMBL42,1.0,CurationNote.canonical,CurationIssue.duplicate
Clc1ccc(N2CCN(Cc3c[nH]c4ncccc34)CC2)cc1,CHEMBL267014,0.0,CurationNote.canonical,CurationIssue.duplicate
CCN(CC)CC#CCOC(=O)[C@@](O)(c1ccccc1)C1CCCCC1,CHEMBL1394756,1.0,CurationNote.canonical,
c1ccc(C2CCC(N3CCC(N4CCCCC4)CC3)CC2)cc1,CHEMBL1300710,0.0,CurationNote.canonical,
COc1cccc(-c2cncnc2NCc2cnc(C)cn2)c1,CHEMBL1369318,0.0,CurationNote.canonical,
CNC(C)(C)Cc1ccccc1,CHEMBL1201234,1.0,CurationNote.canonical,
N#CN(CC(N)=O)c1nc(N2CCCCC2)nc(N2CCCCC2)n1,CHEMBL1405581,0.0,CurationNote.canonical,
O=C(NC1CCCCC1)NC1CC2CCCC(C1)N2C1CCCC1,CHEMBL1377801,0.0,CurationNote.canonical,
None,,nan,,CurationIssue.rdkit_failed
None,,nan,,CurationIssue.rdkit_failed
None,,nan,,CurationIssue.rdkit_failed
None,,nan,,CurationIssue.rdkit_failed
None,,nan,,CurationIssue.rdkit_failed
None,,nan,,CurationIssue.rdkit_failed
Cc1cc(-c2cccs2)nc(-n2cccc2)n1,CHEMBL1375321,0.0,CurationNote.canonical,
CN(C)c1ccc(-c2cncnc2NCCc2cnc[nH]2)cc1,CHEMBL1318495,1.0,CurationNote.canonical,
COc1ccc2[nH]cc(CCNc3ccnc(-c4ccc5c(c4)OCO5)n3)c2c1,CHEMBL1554745,1.0,CurationNote.canonical,
C1COC(NC(C2CC2)C2CC2)=N1,CHEMBL289480,1.0,CurationNote.canonical,CurationIssue.duplicate
Nc1cccc2cnccc12,CHEMBL216973,0.0,CurationNote.canonical,
c1ccc2nc(-c3ccncc3)ccc2c1,CHEMBL452153,0.0,CurationNote.canonical,
COc1ccccc1-c1ccc2ncnc(NC3CC3)c2c1,CHEMBL1591543,1.0,CurationNote.canonical,
COC(=O)[C@@]1(Cc2ccccc2)[C@H]2c3cc(C(=O)N(C)C)n(Cc4ccc(O)c(OC)c4)c3C[C@H]2CN1C(=O)c1ccccc1,CHEMBL1324667,0.0,CurationNote.canonical,
O=c1ccc(NS(=O)(=O)c2ccc(Cl)cc2)cn1Cc1ccc(Cl)c(Cl)c1,CHEMBL1403482,1.0,CurationNote.canonical,
CCNC(=O)[C@H]1O[C@H](n2cnc3c(N)nc(NCCc4ccc(CCC(=O)O)cc4)nc32)[C@@H](O)[C@@H]1O,CHEMBL1358729,0.0,CurationNote.canonical,
Cc1ccc(NC(=O)/C(=C\c2ccc3c(c2)OCO3)NC(=O)c2ccco2)cc1,CHEMBL1417980,0.0,CurationNote.canonical,
c1ccc(CNc2ccnc(-c3cccnc3)n2)cc1,CHEMBL1433724,1.0,CurationNote.canonical,
CC(C)C1=Nc2cccc3cccc(c23)N1.Cl,CHEMBL1601104,0.0,CurationNote.canonical,CurationIssue.mixture
N[C@H](C(=O)O)C1[C@H](C(=O)O)[C@H]1C(=O)O,CHEMBL1555067,1.0,CurationNote.canonical,
Clc1ccc(-c2noc(CN3CCCCC3)n2)cc1,CHEMBL1478249,1.0,CurationNote.canonical,
COc1ccccc1CNc1ncncc1-c1ccc(N(C)C)cc1,CHEMBL489738,1.0,CurationNote.canonical,
c1ccc2c(N3CCNCC3)cccc2c1,CHEMBL277120,0.0,CurationNote.canonical,
N[C@@H]1C[C@H]1c1ccccc1,CHEMBL1179,0.0,CurationNote.canonical,
CN(C)c1ccc(CNc2ncc(Br)cc2Br)cc1,CHEMBL1470721,0.0,CurationNote.canonical,
CNc1nc(-c2ccccc2C(F)(F)F)nc2ccccc12,CHEMBL1436832,0.0,CurationNote.canonical,
Cc1ccccc1CSc1nnc(-c2cccs2)n1Cc1ccco1,CHEMBL1525571,1.0,CurationNote.canonical,CurationIssue.inorganic
CCN(CC)CCNC(=O)c1cc(Cl)c(N)cc1OC,CHEMBL86,1.0,CurationNote.canonical,CurationIssue.duplicate
O=C1CCCC2=C1C(c1ccc(Cl)cc1)C1C(=O)c3ccccc3C1=N2,CHEMBL1371238,0.0,CurationNote.canonical,
CN1CCN(c2ccnc(-c3ccoc3)n2)CC1,CHEMBL1363398,0.0,CurationNote.canonical,
CN(C)C/C=C(\c1ccc(Br)cc1)c1cccnc1,CHEMBL354646,1.0,CurationNote.canonical,CurationIssue.duplicate
O=C(c1cnccn1)N1CCC2(CC1)CN(C(c1ccccc1)c1ccccc1)C2,CHEMBL1516154,1.0,CurationNote.canonical,
O=C(Nc1ccc2c(c1)OCCO2)c1cccc2nc3ccccc3nc12,CHEMBL1415310,1.0,CurationNote.canonical,
NCCNS(=O)(=O)c1cccc2c(Cl)cccc12,CHEMBL219301,0.0,CurationNote.canonical,
COc1ccc(C(CNC(=O)c2cc(O)nc3ccccc23)N2CCCC2)cc1,CHEMBL1392275,0.0,CurationNote.canonical,
Oc1ccc(CCNCc2cc3c(cc2Br)OCO3)cc1,CHEMBL1330957,1.0,CurationNote.canonical,
Clc1ccccc1-c1nccc(-n2ccnc2)n1,CHEMBL1417636,1.0,CurationNote.canonical,
Clc1ccc2c(c1)N(CCCN1CCCC13CCCCC3)c1ccccc1S2,CHEMBL1448562,1.0,CurationNote.canonical,
None,,nan,,CurationIssue.rdkit_failed
None,MOXONIDINE,nan,,CurationIssue.rdkit_failed
None,,nan,,CurationIssue.rdkit_failed
None,,nan,,CurationIssue.rdkit_failed
None,,nan,,CurationIssue.rdkit_failed
None,,nan,,CurationIssue.rdkit_failed
None,,nan,,CurationIssue.rdkit_failed
None,,nan,,CurationIssue.rdkit_failed
COc1ccccc1-c1nc(NCc2cccs2)c2ccccc2n1,CHEMBL1479741,1.0,CurationNote.canonical,
COC(=O)[C@@]1(Cc2ccc(OC)cc2)[C@H]2c3cc(C(=O)N(C)C)n(CCc4c[nH]c5ccc(O)cc45)c3C[C@H]2CN1C(=O)c1ccccc1,CHEMBL1602812,0.0,CurationNote.canonical,
Cc1ccc(S(=O)(=O)Nc2ccc(=O)n(Cc3ccc(Cl)c(Cl)c3)c2)cc1,CHEMBL1416795,1.0,CurationNote.canonical,
Cc1cccc(NC(=O)CSc2n[nH]c(-c3ccncc3)n2)c1,CHEMBL1448819,1.0,CurationNote.canonical,CurationIssue.inorganic
CC(NC(=O)CCSc1nc(-c2ccc3c(c2)OCO3)cc(C(F)(F)F)n1)c1ccccc1,CHEMBL1353351,1.0,CurationNote.canonical,CurationIssue.inorganic
CN(C)C(=O)c1ccc(-c2ccc3ncnc(NCc4cccs4)c3c2)cc1,CHEMBL1437075,0.0,CurationNote.canonical,
NC(=O)c1ccc(-c2nc(-c3ccccn3)c(-c3ccc4c(c3)OCO4)[nH]2)cc1,CHEMBL440084,0.0,CurationNote.canonical,
COc1ccccc1CN1CC[C@@]2(CCCN(S(C)(=O)=O)C2)C1,CHEMBL1415080,1.0,CurationNote.canonical,
COc1ccc(C(=O)N2CCC3(CCN(CC(C)C)CC3)CC2)cc1,CHEMBL1478946,0.0,CurationNote.canonical,
COc1ccccc1-c1cncnc1NCCN1CCOCC1,CHEMBL1513633,0.0,CurationNote.canonical,
CC(C)CN1CC[C@@]2(CCCN(C(=O)c3csnn3)C2)C1,CHEMBL1474244,1.0,CurationNote.canonical,
None,,nan,,CurationIssue.rdkit_failed
COc1ccc2[nH]cc(CCNC(C)=O)c2c1,CHEMBL45,1.0,CurationNote.canonical,
None,,nan,,CurationIssue.rdkit_failed
None,,nan,,CurationIssue.rdkit_failed
None,,nan,,CurationIssue.rdkit_failed
None,,nan,,CurationIssue.rdkit_failed
Cn1cccc1C(=O)N1CCC2(CC1)CN(Cc1cc(C(F)(F)F)cc(C(F)(F)F)c1)C2,CHEMBL1436761,0.0,CurationNote.canonical,
CC(C)NC(=O)N1CC2(CCN(C(=O)c3cc(C(F)(F)F)cc(C(F)(F)F)c3)CC2)C1,CHEMBL1592936,1.0,CurationNote.canonical,
O[C@H]1C=C2CCN3Cc4cc5c(cc4[C@H]([C@@H]23)[C@H]1O)OCO5,CHEMBL1592744,1.0,CurationNote.canonical,
CCCCCCCCCC(=O)N[C@@H](CN1CCOCC1)[C@@H](O)c1ccccc1,CHEMBL1337541,1.0,CurationNote.canonical,
FC(F)(F)c1ccccc1-c1ccc2ncnc(NC3CC3)c2c1,CHEMBL1437667,0.0,CurationNote.canonical,
C/C=C1\C[N@@+]2(C)CC[C@@]34C(=C(C=O)[C@H]1C[C@H]32)Nc1ccccc14,CHEMBL1318754,1.0,CurationNote.canonical,
COc1cccc(Cn2c(=O)c(-c3cn(C)c4ccccc34)nc3cnc(N4CCNCC4)nc32)c1,CHEMBL1515194,0.0,CurationNote.canonical,
COC(=O)[C@@H]1c2cc3c(c(O)c2[C@@H](O)C[C@]1(C)O)C(=O)c1c(O)cc2c(c1C3=O)O[C@H]1O[C@@]2(C)[C@@H](O)[C@H](N(C)C)[C@H]1O,CHEMBL1324871,1.0,CurationNote.canonical,
COC(=O)C1=C(C)NC(C)=C(C(=O)OCCSc2ccccc2)[C@@H]1C,CHEMBL1590048,0.0,CurationNote.canonical,CurationIssue.inorganic
COc1cccc([C@@H]2Oc3ccc(Br)cc3C(=O)[C@H]2O)c1,CHEMBL1409720,1.0,CurationNote.canonical,
CNc1ncnc2ccc(-c3cccc(OC)c3)cc12,CHEMBL1318340,0.0,CurationNote.canonical,
CCCCCOc1ccc(OC(=O)c2ccncc2)cc1,CHEMBL1326132,1.0,CurationNote.canonical,
Cc1ccc(-n2c(C)cc(/C=C(\C#N)C(=O)NCC3CCCO3)c2C)cc1,CHEMBL1531688,0.0,CurationNote.canonical,
CN(Cc1ccco1)c1nc(-c2cccnc2)nc2ccccc12,CHEMBL1515221,0.0,CurationNote.canonical,
None,,nan,,CurationIssue.rdkit_failed
None,,nan,,CurationIssue.rdkit_failed
None,PRAZOSIN,nan,,CurationIssue.rdkit_failed
None,,nan,,CurationIssue.rdkit_failed
None,LUTEOLIN,nan,,CurationIssue.rdkit_failed
None,,nan,,CurationIssue.rdkit_failed
None,,nan,,CurationIssue.rdkit_failed
None,,nan,,CurationIssue.rdkit_failed
None,,nan,,CurationIssue.rdkit_failed
None,,nan,,CurationIssue.rdkit_failed
None,,nan,,CurationIssue.rdkit_failed
None,,nan,,CurationIssue.rdkit_failed
None,,nan,,CurationIssue.rdkit_failed
None,,nan,,CurationIssue.rdkit_failed
None,,nan,,CurationIssue.rdkit_failed
None,,nan,,CurationIssue.rdkit_failed
None,,nan,,CurationIssue.rdkit_failed
None,,nan,,CurationIssue.rdkit_failed
None,,nan,,CurationIssue.rdkit_failed
None,,nan,,CurationIssue.rdkit_failed
None,,nan,,CurationIssue.rdkit_failed
None,,nan,,CurationIssue.rdkit_failed
None,,nan,,CurationIssue.rdkit_failed
CC(=O)Nc1ccc(S(=O)(=O)NCCc2ccc(F)cc2)cc1,CHEMBL1585753,0.0,CurationNote.canonical,
O=C(NC1CCCCCC1)c1cccs1,CHEMBL1522136,0.0,CurationNote.canonical,
N#C/C(=C\c1ccc(Cl)cc1)c1nc2ccc[nH]c-2n1,CHEMBL1336412,0.0,CurationNote.canonical,
O=C(Oc1ccc2c(c1)CN(Cc1ccccc1)CO2)c1ccccc1,CHEMBL1408836,1.0,CurationNote.canonical,
None,,nan,,CurationIssue.rdkit_failed
None,,nan,,CurationIssue.rdkit_failed
COc1ccccc1N1CCN(C[C@@H](C(=O)NC(C)(C)C)c2ccccc2)CC1,CHEMBL38288,0.0,CurationNote.canonical,
COc1ccccc1CNc1nc(-c2ccc(N(C)C)cc2)nc2ccccc12,CHEMBL1396203,1.0,CurationNote.canonical,
CN(C)CCCN1c2ccccc2Sc2ccccc21,CHEMBL564,1.0,CurationNote.canonical,CurationIssue.inorganic
COc1cccc(-c2cncnc2N(C)Cc2ccco2)c1,CHEMBL1314625,0.0,CurationNote.canonical,
CN(C)CCO[C@H](c1ccc(Cl)cc1)c1ccccn1,CHEMBL1552819,0.0,CurationNote.canonical,
Cn1c(OCc2ccc3c(c2)OCO3)nc2c1c(=O)n(Cc1ccc(Cl)c(Cl)c1)c(=O)n2C,CHEMBL1393431,1.0,CurationNote.canonical,
C#C[C@@]1(O)CC[C@@H]2[C@@H]3CCC4=C(CCC(=O)C4)[C@H]3CC[C@]21C,CHEMBL1480126,0.0,CurationNote.canonical,
CNc1ncnc2ccc(-c3cccc(NS(C)(=O)=O)c3)cc12,CHEMBL1326322,0.0,CurationNote.canonical,
Oc1ccc(-c2[nH]ncc2-c2ccc(Cl)cc2)c(O)c1,CHEMBL1501836,1.0,CurationNote.canonical,
COc1ccc(CNc2nc(-c3ccccc3CN(C)C)nc3ccccc23)c(OC)c1,CHEMBL1479506,1.0,CurationNote.canonical,
COc1ccc(C[C@H]2c3cc(OC)c(OC)cc3CCN2C)cc1OC,CHEMBL519894,1.0,CurationNote.canonical,
OCCN1CCN(C(=S)c2ccc(Br)cc2)CC1,CHEMBL1487101,1.0,CurationNote.canonical,
O=C(NCCc1ccc(O)cc1)c1ccc(Cl)cc1,CHEMBL538430,0.0,CurationNote.canonical,
None,,nan,,CurationIssue.rdkit_failed
None,,nan,,CurationIssue.rdkit_failed
None,,nan,,CurationIssue.rdkit_failed
None,,nan,,CurationIssue.rdkit_failed
None,,nan,,CurationIssue.rdkit_failed
None,,nan,,CurationIssue.rdkit_failed
None,,nan,,CurationIssue.rdkit_failed
None,,nan,,CurationIssue.rdkit_failed
None,,nan,,CurationIssue.rdkit_failed
None,PHENYLALANINE,nan,,CurationIssue.rdkit_failed
None,,nan,,CurationIssue.rdkit_failed
CN(C)CCNc1oc(COc2ccc(Cl)cc2Cl)nc1C#N,CHEMBL1557121,0.0,CurationNote.canonical,
None,CLORSULON,nan,,CurationIssue.rdkit_failed
COC(=O)C1=C(C)NC(C)=C(C(=O)OCCCN2CCC(c3ccccc3)(c3ccccc3)CC2)[C@H]1c1cccc([N+](=O)[O-])c1,CHEMBL405355,0.0,CurationNote.canonical,
None,,nan,,CurationIssue.rdkit_failed
CC1CCC2(CC1)N=C(N)Nc1nc3ccccc3n12,CHEMBL1588068,1.0,CurationNote.canonical,
None,,nan,,CurationIssue.rdkit_failed
None,,nan,,CurationIssue.rdkit_failed
None,,nan,,CurationIssue.rdkit_failed
None,,nan,,CurationIssue.rdkit_failed
None,,nan,,CurationIssue.rdkit_failed
COc1cc(COc2cc(N)c(Cl)cc2C(=O)CCC2CCN(CCNS(C)(=O)=O)CC2)cc(OC)c1,CHEMBL66114,1.0,CurationNote.canonical,
CN1CCc2cc3c(cc2[C@@H]1[C@@H]1OC(=O)c2c1ccc1c2OCO1)OCO3,CHEMBL1437488,0.0,CurationNote.canonical,
CC1CCN(CC[C@H]2CCCN2S(=O)(=O)c2cccc(O)c2)CC1,CHEMBL282199,1.0,CurationNote.canonical,
COc1ccccc1C1=NOC(COc2ccc(Cl)c3cccnc23)C1,CHEMBL1349158,0.0,CurationNote.canonical,
CN(C)S(=O)(=O)c1cc([N+](=O)[O-])ccc1N1CCCCCC1,CHEMBL1550463,0.0,CurationNote.canonical,
None,,nan,,CurationIssue.rdkit_failed
None,,nan,,CurationIssue.rdkit_failed
None,,nan,,CurationIssue.rdkit_failed
None,,nan,,CurationIssue.rdkit_failed
None,,nan,,CurationIssue.rdkit_failed
None,,nan,,CurationIssue.rdkit_failed
None,,nan,,CurationIssue.rdkit_failed
None,,nan,,CurationIssue.rdkit_failed
None,,nan,,CurationIssue.rdkit_failed
None,,nan,,CurationIssue.rdkit_failed
Cc1nc2c(O)cccc2c(=O)[nH]1,CHEMBL123904,0.0,CurationNote.canonical,
CCCC(=O)/N=C1\SC2CS(=O)(=O)CC2N1c1ccc(CC)cc1,CHEMBL3212051,0.0,CurationNote.canonical,
None,,nan,,CurationIssue.rdkit_failed
None,,nan,,CurationIssue.rdkit_failed
None,,nan,,CurationIssue.rdkit_failed
None,,nan,,CurationIssue.rdkit_failed
None,,nan,,CurationIssue.rdkit_failed
CCCCN(Cc1ccccc1)C(=O)c1cnc2n(c1=O)CCS2,CHEMBL1742056,0.0,CurationNote.canonical,
COc1ccccc1-c1nc(N2CCOCC2)c2ccccc2n1,CHEMBL1318067,0.0,CurationNote.canonical,
Cl.OCCCCNCc1ccc(OCc2ccccc2Cl)cc1,CHEMBL1491778,1.0,CurationNote.canonical,CurationIssue.mixture
O=C(c1csnn1)N1CCC2(CCCN(C(c3ccccc3)c3ccccc3)C2)CC1,CHEMBL1475860,1.0,CurationNote.canonical,
CC(C)CN=C(S)NC1CC2CCCC(C1)N2Cc1ccco1,CHEMBL1538256,1.0,CurationNote.canonical,
N=C(N)SCc1cccc2c(=O)cc(-c3ccccc3)oc12,CHEMBL1374763,1.0,CurationNote.canonical,
None,QUINPIROLE,nan,,CurationIssue.rdkit_failed
None,,nan,,CurationIssue.rdkit_failed
None,,nan,,CurationIssue.rdkit_failed
None,,nan,,CurationIssue.rdkit_failed
None,,nan,,CurationIssue.rdkit_failed
None,,nan,,CurationIssue.rdkit_failed
None,,nan,,CurationIssue.rdkit_failed
None,,nan,,CurationIssue.rdkit_failed
None,,nan,,CurationIssue.rdkit_failed
None,,nan,,CurationIssue.rdkit_failed
None,CYSTAMINE,nan,,CurationIssue.rdkit_failed
None,,nan,,CurationIssue.rdkit_failed
None,,nan,,CurationIssue.rdkit_failed
None,,nan,,CurationIssue.rdkit_failed
None,,nan,,CurationIssue.rdkit_failed
None,,nan,,CurationIssue.rdkit_failed
None,,nan,,CurationIssue.rdkit_failed
None,,nan,,CurationIssue.rdkit_failed
None,,nan,,CurationIssue.rdkit_failed
None,,nan,,CurationIssue.rdkit_failed
None,,nan,,CurationIssue.rdkit_failed
None,,nan,,CurationIssue.rdkit_failed
None,,nan,,CurationIssue.rdkit_failed
None,,nan,,CurationIssue.rdkit_failed
None,,nan,,CurationIssue.rdkit_failed
CCOC(=O)C1CCCN(C(=O)CSCc2ccccc2)C1,CHEMBL1451031,0.0,CurationNote.canonical,
O=C(N/N=C/c1cccc(OCc2ccccc2)c1)c1cccs1,CHEMBL3212049,0.0,CurationNote.canonical,
CCN(CC)c1cc(C)c2cc(NC(=O)c3ccc(Br)o3)ccc2n1,CHEMBL1359184,0.0,CurationNote.canonical,
COC(=O)c1cccc(NC(=O)CCCOc2ccccc2)c1,CHEMBL1361984,1.0,CurationNote.canonical,
Cc1ccccc1OC1C(=O)N(Cc2ccc3c(c2)OCO3)C1c1sccc1C,CHEMBL1361675,1.0,CurationNote.canonical,
c1cncc(-c2nc(NCc3cccs3)c3ccccc3n2)c1,CHEMBL1190913,1.0,CurationNote.canonical,
None,,nan,,CurationIssue.rdkit_failed
None,,nan,,CurationIssue.rdkit_failed
None,,nan,,CurationIssue.rdkit_failed
None,,nan,,CurationIssue.rdkit_failed
None,,nan,,CurationIssue.rdkit_failed
None,,nan,,CurationIssue.rdkit_failed
None,8-CYCLOPENTYLTHEOPHYLLINE,nan,,CurationIssue.rdkit_failed
None,,nan,,CurationIssue.rdkit_failed
None,,nan,,CurationIssue.rdkit_failed
None,,nan,,CurationIssue.rdkit_failed
None,,nan,,CurationIssue.rdkit_failed
None,,nan,,CurationIssue.rdkit_failed
None,AMINOCAPROIC ACID,nan,,CurationIssue.rdkit_failed
C[C@@H](Cc1ccc(O)cc1)NC[C@@H](O)c1cc(O)cc(O)c1,CHEMBL389390,1.0,CurationNote.canonical,
COC(=O)c1c(NC(=O)CC2Nc3ccccc3NC2=O)sc(C)c1C,CHEMBL1382870,0.0,CurationNote.canonical,
None,,nan,,CurationIssue.rdkit_failed
None,,nan,,CurationIssue.rdkit_failed
None,,nan,,CurationIssue.rdkit_failed
None,,nan,,CurationIssue.rdkit_failed
None,TOLBUTAMIDE,nan,,CurationIssue.rdkit_failed
None,,nan,,CurationIssue.rdkit_failed
Cn1c(C(=O)Nc2ccccc2)cc2sccc21,CHEMBL1503273,0.0,CurationNote.canonical,
CN(C)c1nc2c(c(=O)[nH]c(=O)n2C)n1Cc1ccccc1Br,CHEMBL1328247,0.0,CurationNote.canonical,
Cc1oc(-c2ccccc2)cc1C(=O)Nc1ccc(N(C)C)cc1,CHEMBL1524323,1.0,CurationNote.canonical,
Nc1ccc(CCN2CCN(c3cccc(C(F)(F)F)c3)CC2)cc1,CHEMBL1256693,0.0,CurationNote.canonical,
CCCCN(CC)S(=O)(=O)c1ccc(C(=O)Nc2nnc(CSC)o2)cc1,CHEMBL1406920,0.0,CurationNote.canonical,
CN(C)c1ccc(-c2ccc3ncnc(N4CCNCC4)c3c2)cc1,CHEMBL1324418,0.0,CurationNote.canonical,
Clc1cccc(N2CCNCC2)c1,CHEMBL478,0.0,CurationNote.canonical,CurationIssue.duplicate
COc1ccc(CNc2nc(-c3ccc(N(C)C)cc3)nc3ccccc23)c(OC)c1,CHEMBL1439893,0.0,CurationNote.canonical,
CC1=NN=C(c2ccc(N)cc2)c2cc3c(cc2C1)OCO3,CHEMBL275006,0.0,CurationNote.canonical,CurationIssue.disagreeing_duplicate
O=C(c1cnccn1)N1CCC[C@@]2(CCN(Cc3cc(C(F)(F)F)cc(C(F)(F)F)c3)C2)C1,CHEMBL1454751,1.0,CurationNote.canonical,
O/N=C/c1cc(Cl)ccc1OCc1cccc2ccccc12,CHEMBL1718423,0.0,CurationNote.canonical,
Cc1ccc(-c2nn3c(C)nnc3c3ccccc23)cc1S(=O)(=O)NCc1ccccc1,CHEMBL1348993,0.0,CurationNote.canonical,
COc1ccc(S(=O)(=O)N2CCN(CC(=O)Nc3cccc(F)c3)CC2)cc1,CHEMBL1509329,0.0,CurationNote.canonical,
CC/C(=C(\CC)c1ccc(O)cc1)c1ccc(O)cc1,CHEMBL73310,0.0,CurationNote.canonical,
None,,nan,,CurationIssue.rdkit_failed
None,,nan,,CurationIssue.rdkit_failed
None,,nan,,CurationIssue.rdkit_failed
None,,nan,,CurationIssue.rdkit_failed
None,,nan,,CurationIssue.rdkit_failed
None,,nan,,CurationIssue.rdkit_failed
None,,nan,,CurationIssue.rdkit_failed
None,,nan,,CurationIssue.rdkit_failed
None,,nan,,CurationIssue.rdkit_failed
None,,nan,,CurationIssue.rdkit_failed
None,,nan,,CurationIssue.rdkit_failed
None,,nan,,CurationIssue.rdkit_failed
None,,nan,,CurationIssue.rdkit_failed
None,,nan,,CurationIssue.rdkit_failed
None,,nan,,CurationIssue.rdkit_failed
None,,nan,,CurationIssue.rdkit_failed
None,,nan,,CurationIssue.rdkit_failed
None,,nan,,CurationIssue.rdkit_failed
None,,nan,,CurationIssue.rdkit_failed
None,,nan,,CurationIssue.rdkit_failed
None,,nan,,CurationIssue.rdkit_failed
None,,nan,,CurationIssue.rdkit_failed
None,,nan,,CurationIssue.rdkit_failed
None,,nan,,CurationIssue.rdkit_failed
None,,nan,,CurationIssue.rdkit_failed
None,,nan,,CurationIssue.rdkit_failed
None,,nan,,CurationIssue.rdkit_failed
None,,nan,,CurationIssue.rdkit_failed
None,,nan,,CurationIssue.rdkit_failed
None,,nan,,CurationIssue.rdkit_failed
None,,nan,,CurationIssue.rdkit_failed
Clc1ccc2c(NCCNC3CCCCC3)ccnc2c1,CHEMBL471397,1.0,CurationNote.canonical,
COC(=O)c1ccc(CSc2nc3cc(Cl)ccc3s2)o1,CHEMBL1558934,0.0,CurationNote.canonical,CurationIssue.inorganic
None,,nan,,CurationIssue.rdkit_failed
None,,nan,,CurationIssue.rdkit_failed
None,,nan,,CurationIssue.rdkit_failed
None,,nan,,CurationIssue.rdkit_failed
None,OLEOYLETHANOLAMIDE,nan,,CurationIssue.rdkit_failed
None,,nan,,CurationIssue.rdkit_failed
None,,nan,,CurationIssue.rdkit_failed
None,,nan,,CurationIssue.rdkit_failed
None,,nan,,CurationIssue.rdkit_failed
None,,nan,,CurationIssue.rdkit_failed
None,,nan,,CurationIssue.rdkit_failed
None,,nan,,CurationIssue.rdkit_failed
None,,nan,,CurationIssue.rdkit_failed
None,,nan,,CurationIssue.rdkit_failed
None,,nan,,CurationIssue.rdkit_failed
None,,nan,,CurationIssue.rdkit_failed
None,,nan,,CurationIssue.rdkit_failed
None,,nan,,CurationIssue.rdkit_failed
None,,nan,,CurationIssue.rdkit_failed
None,SULFADOXINE,nan,,CurationIssue.rdkit_failed
None,,nan,,CurationIssue.rdkit_failed
None,,nan,,CurationIssue.rdkit_failed
None,,nan,,CurationIssue.rdkit_failed
None,,nan,,CurationIssue.rdkit_failed
None,,nan,,CurationIssue.rdkit_failed
None,,nan,,CurationIssue.rdkit_failed
None,,nan,,CurationIssue.rdkit_failed
None,,nan,,CurationIssue.rdkit_failed
None,,nan,,CurationIssue.rdkit_failed
None,,nan,,CurationIssue.rdkit_failed
None,,nan,,CurationIssue.rdkit_failed
None,,nan,,CurationIssue.rdkit_failed
None,,nan,,CurationIssue.rdkit_failed
None,,nan,,CurationIssue.rdkit_failed
None,,nan,,CurationIssue.rdkit_failed
None,,nan,,CurationIssue.rdkit_failed
None,AMIDATE,nan,,CurationIssue.rdkit_failed
None,,nan,,CurationIssue.rdkit_failed
None,,nan,,CurationIssue.rdkit_failed
None,,nan,,CurationIssue.rdkit_failed
None,,nan,,CurationIssue.rdkit_failed
None,,nan,,CurationIssue.rdkit_failed
None,,nan,,CurationIssue.rdkit_failed
COc1ccc(NC(=O)CCSc2cc(C)c3ccccc3n2)cc1,CHEMBL1511408,0.0,CurationNote.canonical,CurationIssue.inorganic
None,,nan,,CurationIssue.rdkit_failed
COc1cc(CNCc2ccccn2)ccc1OCc1ccc(Cl)cc1Cl.Cl,CHEMBL1562277,0.0,CurationNote.canonical,CurationIssue.mixture
COc1cc(/C=C(\C#N)c2nc3c(s2)CC(C)CC3)ccc1O,CHEMBL1461573,0.0,CurationNote.canonical,
None,,nan,,CurationIssue.rdkit_failed
None,,nan,,CurationIssue.rdkit_failed
None,,nan,,CurationIssue.rdkit_failed
None,,nan,,CurationIssue.rdkit_failed
None,,nan,,CurationIssue.rdkit_failed
None,,nan,,CurationIssue.rdkit_failed
None,,nan,,CurationIssue.rdkit_failed
None,,nan,,CurationIssue.rdkit_failed
None,,nan,,CurationIssue.rdkit_failed
None,,nan,,CurationIssue.rdkit_failed
None,,nan,,CurationIssue.rdkit_failed
None,ALRESTATIN,nan,,CurationIssue.rdkit_failed
None,,nan,,CurationIssue.rdkit_failed
None,,nan,,CurationIssue.rdkit_failed
None,,nan,,CurationIssue.rdkit_failed
None,,nan,,CurationIssue.rdkit_failed
None,,nan,,CurationIssue.rdkit_failed
None,,nan,,CurationIssue.rdkit_failed
None,,nan,,CurationIssue.rdkit_failed
None,,nan,,CurationIssue.rdkit_failed
None,,nan,,CurationIssue.rdkit_failed
None,,nan,,CurationIssue.rdkit_failed
None,,nan,,CurationIssue.rdkit_failed
None,,nan,,CurationIssue.rdkit_failed
None,,nan,,CurationIssue.rdkit_failed
None,,nan,,CurationIssue.rdkit_failed
None,,nan,,CurationIssue.rdkit_failed
None,,nan,,CurationIssue.rdkit_failed
None,,nan,,CurationIssue.rdkit_failed
None,,nan,,CurationIssue.rdkit_failed
None,,nan,,CurationIssue.rdkit_failed
None,,nan,,CurationIssue.rdkit_failed
None,,nan,,CurationIssue.rdkit_failed
None,,nan,,CurationIssue.rdkit_failed
None,,nan,,CurationIssue.rdkit_failed
None,,nan,,CurationIssue.rdkit_failed
None,,nan,,CurationIssue.rdkit_failed
None,,nan,,CurationIssue.rdkit_failed
None,,nan,,CurationIssue.rdkit_failed
None,,nan,,CurationIssue.rdkit_failed
None,,nan,,CurationIssue.rdkit_failed
None,,nan,,CurationIssue.rdkit_failed
None,,nan,,CurationIssue.rdkit_failed
None,,nan,,CurationIssue.rdkit_failed
None,,nan,,CurationIssue.rdkit_failed
None,,nan,,CurationIssue.rdkit_failed
None,,nan,,CurationIssue.rdkit_failed
None,,nan,,CurationIssue.rdkit_failed
None,,nan,,CurationIssue.rdkit_failed
None,,nan,,CurationIssue.rdkit_failed
None,,nan,,CurationIssue.rdkit_failed
None,,nan,,CurationIssue.rdkit_failed
Fc1cccc(/C=N\N=C/c2cccc(F)c2)c1,CHEMBL1593191,0.0,CurationNote.canonical,
COc1ccccc1CN1CC[C@@]2(CCCN(C(=O)c3cc(C(F)(F)F)cc(C(F)(F)F)c3)C2)C1,CHEMBL1553034,1.0,CurationNote.canonical,
Clc1ccc(COc2ccccn2)cc1Cl,CHEMBL1382811,0.0,CurationNote.canonical,
COc1ccc(O[C@H]2C=C[C@@H](c3ccccc3)O[C@H]2COC(=O)CC/C(C)=N\O[C@@H](C)c2cn([C@H]3COC[C@H]3O)nn2)cc1,CHEMBL1472688,1.0,CurationNote.canonical,
CC(C)CCn1nnnc1C(c1ccc(F)cc1)N1CCN(C(=O)c2ccco2)CC1,CHEMBL1441039,0.0,CurationNote.canonical,
CN(C)CCCn1c2ccccc2c2cnccc21,CHEMBL1564011,1.0,CurationNote.canonical,
COC(=O)c1cc(NS(=O)(=O)c2ccc(N3CCCCCC3)c([N+](=O)[O-])c2)cc(C(=O)OC)c1,CHEMBL1605000,0.0,CurationNote.canonical,
Nc1[nH]nc(-c2ccc(Br)cc2)c1Cl,CHEMBL1511690,0.0,CurationNote.canonical,
COc1ccc2c(c1OC)C(=O)O[C@H]2[C@H]1c2c(cc3c(c2OC)OCO3)CCN1C,CHEMBL1403892,0.0,CurationNote.canonical,
CS(=O)(=O)Nc1cccc(-c2nc(NCc3cccnc3)c3ccccc3n2)c1,CHEMBL1396936,0.0,CurationNote.canonical,
COC(=O)[C@@]1(Cc2ccccc2)[C@H]2c3cc(C(=O)N4CCCC4)n(Cc4ccc(C)o4)c3C[C@H]2CN1C(=O)c1ccccc1,CHEMBL1368942,0.0,CurationNote.canonical,
Cc1ccc(/C=C/C2=Cc3c(sc(NC(=O)CSc4n[nH]c(N)n4)c3C#N)C(C)(C)C2)o1,CHEMBL1586326,0.0,CurationNote.canonical,CurationIssue.inorganic
Cc1cc([N+](=O)[O-])ccc1-c1ccc(C2Nc3ccccc3C(=O)N2O)o1,CHEMBL1484231,0.0,CurationNote.canonical,
CCN(CCO)Cc1csc2cccc(Br)c12.Cl,CHEMBL1511721,0.0,CurationNote.canonical,CurationIssue.mixture
Cc1ccc2c(c1)C(=O)[C@@]1(O)CCN(c3ccccc3)C1=N2,CHEMBL1315589,0.0,CurationNote.canonical,
COc1ccc2[nH]cc(CCNc3ccnc(-c4c(C)noc4C)n3)c2c1,CHEMBL1552752,0.0,CurationNote.canonical,
CN(C)C(=O)c1ccc(-c2nc(NCc3ccccc3)c3ccccc3n2)cc1,CHEMBL1514272,0.0,CurationNote.canonical,
Cc1cnc(CNc2ncnc3ccc(-c4ccc(N(C)C)cc4)cc23)cn1,CHEMBL1360310,0.0,CurationNote.canonical,
COc1ccc(NC(=O)OC(C)C)cc1,CHEMBL1523400,0.0,CurationNote.canonical,
COc1ccc(CNC(=O)[C@H](C)[C@H]2C[C@]2(C)[C@H](NC(=O)OCc2ccccc2)c2ccccc2)cc1OC,CHEMBL1562018,1.0,CurationNote.canonical,
Cl.O=C(NCCCn1ccnc1)c1ccc(S(=O)(=O)N2CCCCCC2)cc1,CHEMBL1381739,1.0,CurationNote.canonical,CurationIssue.mixture
CN(C)C(=O)c1ccc(-c2nc(-n3ccnc3)c3ccccc3n2)cc1,CHEMBL1601908,0.0,CurationNote.canonical,
None,,nan,,CurationIssue.rdkit_failed
None,,nan,,CurationIssue.rdkit_failed
None,5-AMINOVALERIC ACID,nan,,CurationIssue.rdkit_failed
None,,nan,,CurationIssue.rdkit_failed
None,,nan,,CurationIssue.rdkit_failed
None,,nan,,CurationIssue.rdkit_failed
None,,nan,,CurationIssue.rdkit_failed
None,,nan,,CurationIssue.rdkit_failed
None,,nan,,CurationIssue.rdkit_failed
None,,nan,,CurationIssue.rdkit_failed
None,,nan,,CurationIssue.rdkit_failed
None,,nan,,CurationIssue.rdkit_failed
None,,nan,,CurationIssue.rdkit_failed
None,,nan,,CurationIssue.rdkit_failed
C=CC1CN2CCC1CC2[C@@H](O)c1ccnc2ccc(OC)cc12,CHEMBL97,1.0,CurationNote.canonical,
CC1CCN(CC(C)CNC(=O)c2cc(-c3ccccn3)nc3ccccc23)CC1,CHEMBL1606737,1.0,CurationNote.canonical,
CCNC1=NN=C(c2ccc(C)cc2)CS1,CHEMBL1451037,0.0,CurationNote.canonical,
None,,nan,,CurationIssue.rdkit_failed
N/C(=N\C(=O)c1nc(Cl)c(N)nc1N)NCc1ccccc1,CHEMBL212579,1.0,CurationNote.canonical,CurationIssue.duplicate
CC[C@H](C(=O)c1cccs1)C(O)(C(F)(F)F)C(F)(F)F,CHEMBL1570851,1.0,CurationNote.canonical,
None,,nan,,CurationIssue.rdkit_failed
None,,nan,,CurationIssue.rdkit_failed
None,,nan,,CurationIssue.rdkit_failed
None,,nan,,CurationIssue.rdkit_failed
None,,nan,,CurationIssue.rdkit_failed
CCOC(=O)N1CCN(C(=O)C(CC)n2nc(C)c3sc4ccccc4c3c2=O)CC1,CHEMBL1320051,0.0,CurationNote.canonical,
COc1ccccc1NC(=O)C1=C(C)Nc2nnnn2C1c1cccc(Br)c1,CHEMBL1419702,0.0,CurationNote.canonical,
CCN(C(=O)c1cnc(N2CCN(c3ncccn3)CC2)c2ccccc12)c1cccc(Cl)c1,CHEMBL1400275,1.0,CurationNote.canonical,
CC(=O)N1N=C(c2ccc(C)o2)CC1c1ccc(Br)cc1,CHEMBL1385137,0.0,CurationNote.canonical,
O=C(CCCCCn1c(=O)[nH]c2ccsc2c1=O)NCc1ccc2c(c1)OCO2,CHEMBL1491674,0.0,CurationNote.canonical,
None,,nan,,CurationIssue.rdkit_failed
None,,nan,,CurationIssue.rdkit_failed
None,,nan,,CurationIssue.rdkit_failed
None,,nan,,CurationIssue.rdkit_failed
None,,nan,,CurationIssue.rdkit_failed
None,,nan,,CurationIssue.rdkit_failed
None,HEXADECANOIC ACID ISOPROPYLAMIDE,nan,,CurationIssue.rdkit_failed
None,,nan,,CurationIssue.rdkit_failed
None,TRACAZOLATE,nan,,CurationIssue.rdkit_failed
Cc1n[nH]c(Nc2ccccc2)c1[N+](=O)[O-],CHEMBL1603926,1.0,CurationNote.canonical,
COc1ncc2ncc(=O)n(CCc3ccccc3)c2n1,CHEMBL1400043,0.0,CurationNote.canonical,
CC(C)c1cc(F)cc2c1C[C@](CCN(C)CCCc1nc3ccccc3[nH]1)(OC(=O)C1CC1)CC2,CHEMBL1356120,1.0,CurationNote.canonical,
None,,nan,,CurationIssue.rdkit_failed
COc1ccccc1CC(=N)NOC(=O)c1ccc(C)c([N+](=O)[O-])c1,CHEMBL1568870,0.0,CurationNote.canonical,
None,,nan,,CurationIssue.rdkit_failed
None,,nan,,CurationIssue.rdkit_failed
None,,nan,,CurationIssue.rdkit_failed
None,,nan,,CurationIssue.rdkit_failed
None,,nan,,CurationIssue.rdkit_failed
None,,nan,,CurationIssue.rdkit_failed
None,,nan,,CurationIssue.rdkit_failed
None,,nan,,CurationIssue.rdkit_failed
None,,nan,,CurationIssue.rdkit_failed
None,,nan,,CurationIssue.rdkit_failed
None,,nan,,CurationIssue.rdkit_failed
None,,nan,,CurationIssue.rdkit_failed
None,,nan,,CurationIssue.rdkit_failed
None,,nan,,CurationIssue.rdkit_failed
None,,nan,,CurationIssue.rdkit_failed
None,,nan,,CurationIssue.rdkit_failed
None,,nan,,CurationIssue.rdkit_failed
None,,nan,,CurationIssue.rdkit_failed
None,,nan,,CurationIssue.rdkit_failed
None,,nan,,CurationIssue.rdkit_failed
None,,nan,,CurationIssue.rdkit_failed
None,,nan,,CurationIssue.rdkit_failed
None,,nan,,CurationIssue.rdkit_failed
O=c1c2ccccc2c(-c2ccccc2)nn1-c1ccc(Cl)c(Cl)c1,CHEMBL1311305,1.0,CurationNote.canonical,
None,,nan,,CurationIssue.rdkit_failed
None,,nan,,CurationIssue.rdkit_failed
None,,nan,,CurationIssue.rdkit_failed
None,,nan,,CurationIssue.rdkit_failed
None,LEVODROPROPIZINE,nan,,CurationIssue.rdkit_failed
N#Cc1ccc(CNc2cnccn2)cc1,CHEMBL1546816,1.0,CurationNote.canonical,
O=C1C2C3C=CC(C3)C2C(=O)N1/N=C/c1cn(Cc2ccccc2)c2ccccc12,CHEMBL3189243,0.0,CurationNote.canonical,
COc1cc(CNC(C)(C)CO)ccc1OCC(=O)Nc1ccc(Br)cc1,CHEMBL1442761,1.0,CurationNote.canonical,
CC(=O)NCCNc1nc(-c2ccccc2C(F)(F)F)nc2ccccc12,CHEMBL1398800,1.0,CurationNote.canonical,
CC(C)C(=O)N1CCN(c2ccccc2NC(=O)c2cccc(Cl)c2)CC1,CHEMBL1460996,0.0,CurationNote.canonical,
COC(=O)[C@H]1[C@@H](O)CC[C@H]2CN3CCc4c([nH]c5ccccc45)[C@@H]3C[C@H]21,CHEMBL1327758,1.0,CurationNote.canonical,CurationIssue.duplicate
c1cncc(-c2nccc(NCc3cccs3)n2)c1,CHEMBL1473996,1.0,CurationNote.canonical,
Clc1ccc(NCc2nnsc2Cl)cc1,CHEMBL1468265,0.0,CurationNote.canonical,
CCn1c(=N)c(S(=O)(=O)c2ccc(F)cc2)cc2c(=O)n3ccccc3nc21,CHEMBL1581512,1.0,CurationNote.canonical,
CN(C)c1ccc(-c2nc(NC3CCNCC3)c3ccccc3n2)cc1,CHEMBL1474151,0.0,CurationNote.canonical,
COC(=O)[C@@]1(Cc2ccc(F)cc2)[C@H]2c3cc(C(=O)N4CCCC4)n(CCc4ccc(O)c(O)c4)c3C[C@H]2CN1C(=O)c1ccccc1,CHEMBL1332471,0.0,CurationNote.canonical,
O=C(NCCc1c[nH]c2ccccc12)C1CCN(c2nnc(N3CCCC3=O)s2)CC1,CHEMBL1537500,1.0,CurationNote.canonical,
COc1ccccc1CN1CCC2(CC1)CCN(S(=O)(=O)c1ccccc1)CC2,CHEMBL1553047,1.0,CurationNote.canonical,
COc1cccc(C(=O)C2=C(O)C(=O)N(CCCN3CCOCC3)C2c2ccncc2)c1,CHEMBL1328341,1.0,CurationNote.canonical,
Cc1ccccc1-c1nc(C[S+]([O-])CC(=O)N2CCC3(CC2)OCCO3)c(C)o1,CHEMBL1507282,0.0,CurationNote.canonical,
CC#CCCCC(=O)Nc1cc(OC)nc(OC)n1,CHEMBL1727976,0.0,CurationNote.canonical,
Cc1cccc(CNc2ncncc2-c2ccccc2C(F)(F)F)c1,CHEMBL491909,0.0,CurationNote.canonical,
CC(C)CCNC1=NCCCCC1,CHEMBL1723673,0.0,CurationNote.canonical,
c1cnc(N2CCN(Cc3ccc4c(c3)OCO4)CC2)nc1,CHEMBL1371770,1.0,CurationNote.canonical,CurationIssue.duplicate
O=C(Cc1ccccc1)Nc1nc2ccc(Cl)cc2c2nc(-c3ccco3)nn12,CHEMBL88147,1.0,CurationNote.canonical,
O=C(NC(Cc1c[nH]c2ccccc12)c1nnc2n1CCCCC2)c1ccc(Cl)cc1,CHEMBL1399207,0.0,CurationNote.canonical,
CCOC(=O)CCCNC(=O)CCCNC(=O)C(c1ccccc1)c1ccccc1,CHEMBL1300309,1.0,CurationNote.canonical,
COc1ccccc1CN1CC[C@@]2(CCCN(C(C)=O)C2)C1,CHEMBL1589842,1.0,CurationNote.canonical,
Cc1nc2c(n1C1CCCCC1)C(=O)c1ccccc1C2=O,CHEMBL1560912,0.0,CurationNote.canonical,
CC(C)CC(=O)Nc1sc2c(c1C#N)CC(C)(C)NC2(C)C,CHEMBL1603124,1.0,CurationNote.canonical,
CC(/C=C/c1ccccc1)=N/NC(=O)CNC(=O)c1ccc2c(c1)OCO2,CHEMBL1967062,1.0,CurationNote.canonical,
O=C(Nc1ccccc1)N1CCCC2(CCN(C(=O)c3csnn3)CC2)C1,CHEMBL1484896,0.0,CurationNote.canonical,
CC(=O)Oc1ccc2ccccc2c1C(NC(=O)Cc1ccccc1)c1ccc(Cl)cc1,CHEMBL1390555,0.0,CurationNote.canonical,
CN1Cc2c(N)cccc2[C@H](c2ccccc2)C1,CHEMBL51697,0.0,CurationNote.canonical,CurationIssue.duplicate
CCSc1nnc([C@@H](N)Cc2c[nH]c3ccccc23)o1.Cl,CHEMBL1501813,0.0,CurationNote.canonical,CurationIssue.mixture
COc1cccc(-c2cncnc2Nc2ccccc2)c1,CHEMBL1358614,0.0,CurationNote.canonical,
CN(C)Cc1ccccc1-c1cc(N(C)C)ncn1,CHEMBL1591451,1.0,CurationNote.canonical,
CCCC(=O)Nc1ncnc2c1ncn2[C@@H]1O[C@@H]2COP(=O)(O)O[C@H]2[C@H]1OC(=O)CCC,CHEMBL485980,1.0,CurationNote.canonical,
CN(C(=O)Cc1ccc(Cl)c(Cl)c1)[C@H]1CCCC[C@@H]1N1CCCC1,CHEMBL58033,1.0,CurationNote.canonical,CurationIssue.duplicate
COC(=O)[C@H](Cc1ccccc1)NC(=O)N1CCN(Cc2ccccc2)CC1,CHEMBL1383786,0.0,CurationNote.canonical,
COCCCC/C(=N/OCCN)c1ccc(C(F)(F)F)cc1,CHEMBL1314286,0.0,CurationNote.canonical,
CC(C)(C)c1cc(Br)c(O)c(CN(Cc2cc(C(C)(C)C)cc(Br)c2O)C2CCCCC2)c1,CHEMBL1331618,1.0,CurationNote.canonical,
CN(C)c1nc(-c2ccoc2)nc2ccccc12,CHEMBL1318447,0.0,CurationNote.canonical,
CCCc1n[nH]c2c1C(c1ccc(OC)c(CSc3ccccn3)c1)C(C#N)=C(N)O2.CCO,CHEMBL1467857,0.0,CurationNote.canonical,CurationIssue.mixture
NCCNS(=O)(=O)c1cccc2cnccc12,CHEMBL344314,0.0,CurationNote.canonical,CurationIssue.duplicate
CCN(CCCNC(=O)CC(C(=O)N1CCc2ccccc21)n1ccnc1)c1ccccc1,CHEMBL1369948,1.0,CurationNote.canonical,
C=CCn1c(=O)c(C(=O)NCCN(CC)CC)c(O)c2ccccc21.Cl,CHEMBL1613349,1.0,CurationNote.canonical,CurationIssue.mixture
O=C(Cn1c(C(F)(F)F)nc2ccccc21)c1ccccc1,CHEMBL1717253,0.0,CurationNote.canonical,
O=[N+]([O-])c1ccc(N2CCN(CCOc3nonc3-c3ccccc3)CC2)c(Cl)c1,CHEMBL1485450,1.0,CurationNote.canonical,
CN(C)c1ncc2nc(-c3cccc(C#N)c3)c(=O)n(CCC#N)c2n1,CHEMBL1590191,0.0,CurationNote.canonical,
COc1ccc(CN(CCN(C)C)c2ccccn2)cc1,CHEMBL511,1.0,CurationNote.canonical,CurationIssue.duplicate
COc1ccccc1-c1ccc2ncnc(NCc3ccccc3)c2c1,CHEMBL491953,0.0,CurationNote.canonical,
C[C@@H](C(=O)NCc1ccccn1)[C@H]1C[C@]1(C)[C@H](NC(=O)OCc1ccccc1)c1ccccc1,CHEMBL1453137,0.0,CurationNote.canonical,
COc1cc(O)c(C(=O)/C=C\c2ccc3c(c2)OCO3)c(OC)c1,CHEMBL1320141,1.0,CurationNote.canonical,
CCOC(=O)c1cnn(-c2ccc(C(C)C)cc2)c1NC(=O)C1CCC1,CHEMBL1391282,1.0,CurationNote.canonical,
COc1ccccc1N1CCN(CCCCNC(=O)c2ccc3ccccc3c2)CC1,CHEMBL25236,1.0,CurationNote.canonical,
Cc1ccc2[nH]c(SCc3nc(O)c4cnn(-c5ccccc5)c4n3)nc2c1,CHEMBL1345104,0.0,CurationNote.canonical,
C=CCNCCOCCOc1ccc(C)cc1[N+](=O)[O-],CHEMBL1701448,1.0,CurationNote.canonical,
O=C(NCCN1CCN(Cc2ccccc2)CC1)C1CC(=O)N(C2CCCC2)C1,CHEMBL1364946,0.0,CurationNote.canonical,
COc1cccc(-c2ccc3ncnc(N(C)C)c3c2)c1,CHEMBL1401859,1.0,CurationNote.canonical,
COc1ccccc1N1CCN(C(=O)/C=C/c2ccc3c(c2)OCO3)CC1,CHEMBL1368186,0.0,CurationNote.canonical,
COc1cccc(N(CC(=O)Nc2cccc(C(C)=O)c2)S(C)(=O)=O)c1,CHEMBL1608425,1.0,CurationNote.canonical,
O=C(Nc1ccc([N+](=O)[O-])cc1Cl)c1cc(Cl)ccc1O,CHEMBL1448,0.0,CurationNote.canonical,
COC(=O)[C@@]1(Cc2ccc(F)cc2)[C@H]2c3cc(C(=O)N(C)C)n(Cc4ccc(C)c(F)c4F)c3C[C@H]2CN1C(=O)c1ccccc1,CHEMBL1482575,0.0,CurationNote.canonical,
CC(C)NC(=O)N1CCC2(CC1)CCN(S(C)(=O)=O)CC2,CHEMBL1357722,0.0,CurationNote.canonical,
Cc1cccc(C)c1NC(=O)/C(C#N)=C/c1cccs1,CHEMBL1406712,1.0,CurationNote.canonical,
c1cncc(-c2cc(-n3ccnc3)ncn2)c1,CHEMBL1356808,0.0,CurationNote.canonical,
O=C1NCCN1Cc1ccccc1F,CHEMBL1379839,0.0,CurationNote.canonical,
COc1cccc(Nc2nc(-c3ccc(O)cc3)cs2)c1,CHEMBL1326359,1.0,CurationNote.canonical,
Cc1nc2nc(C)c(CCC(=O)NCCCN3CCN(c4cccc(Cl)c4)CC3)c(C)n2n1.Cl,CHEMBL1508532,0.0,CurationNote.canonical,CurationIssue.mixture
Cc1cc(Nc2ccccc2)nc(N)n1,CHEMBL1717325,0.0,CurationNote.canonical,
CCCCC(=O)OCc1cn(-c2ccc(Cl)cc2)nn1,CHEMBL1454368,0.0,CurationNote.canonical,
CC(C)CN(Cc1c(O)ccc2c3c(c(=O)oc12)CCC3)CC(C)C,CHEMBL1560276,1.0,CurationNote.canonical,
O[C@H](CN1CCN(c2cccc(Cl)c2)CC1)C(c1ccccc1)c1ccccc1,CHEMBL1326126,0.0,CurationNote.canonical,
CCCCn1nc2cc(C(=O)NCCCCc3ccccc3)ccc2c1OCC,CHEMBL1542526,1.0,CurationNote.canonical,
COc1ccc(OC)c(C(=O)CSc2nnc(Cc3cccs3)n2CCc2ccccc2)c1,CHEMBL1496056,1.0,CurationNote.canonical,CurationIssue.inorganic
CCC/C=C(\CCC)C(NP(=O)(c1ccccc1)c1ccccc1)c1ccccc1,CHEMBL1488305,0.0,CurationNote.canonical,
CC(Cc1ccccc1)C(=O)NCc1ccccn1,CHEMBL1430037,0.0,CurationNote.canonical,
CCCC[C@@H]1CN2[C@@H](CC[C@@H](C)[C@H]2c2ccc(Br)cc2)C(=O)O1,CHEMBL1483672,1.0,CurationNote.canonical,
CC(C)CN1CCC2(CC1)CCN(C(=O)Oc1ccccc1)CC2,CHEMBL1327232,0.0,CurationNote.canonical,
Cc1ccccc1-c1cncnc1N1CCN(C)CC1,CHEMBL1396693,0.0,CurationNote.canonical,
CC(C(=O)Nc1ccccc1Sc1ccccc1)N(c1ccccc1)S(C)(=O)=O,CHEMBL1392464,0.0,CurationNote.canonical,CurationIssue.inorganic
CCC1CC[N+]2(C)CCC3=C(CCC3)C2(C)C1.[I-],CHEMBL1558114,1.0,CurationNote.canonical,CurationIssue.mixture
Cl.Fc1ccc(CCNCc2ccc(Cl)c(Cl)c2)cc1,CHEMBL1329197,1.0,CurationNote.canonical,CurationIssue.mixture
O=C(CCCN1CCC(O)(c2cccc(C(F)(F)F)c2)CC1)c1ccc(F)cc1,CHEMBL15023,1.0,CurationNote.canonical,
None,ESATENOLOL,nan,,CurationIssue.rdkit_failed
None,,nan,,CurationIssue.rdkit_failed
Cc1noc(C)c1-c1ccc2ncnc(NCCN3CCOCC3)c2c1,CHEMBL1446539,0.0,CurationNote.canonical,
None,,nan,,CurationIssue.rdkit_failed
O=C(C1CCC(=O)N1Cc1ccccc1Cl)N1CCN(c2cccc(Cl)c2)CC1,CHEMBL1454735,0.0,CurationNote.canonical,
CC1CCCC(C)N1CCNC(=O)Cn1nc(-c2ccccc2)ccc1=O,CHEMBL1489213,0.0,CurationNote.canonical,
O=C(CSc1nc(-c2ccccc2O)n[nH]1)N1CCCc2ccccc21,CHEMBL1495091,0.0,CurationNote.canonical,CurationIssue.inorganic
COc1cccc(-c2ccc3ncnc(NCCN4CCOCC4)c3c2)c1,CHEMBL1322216,0.0,CurationNote.canonical,
c1cncc(CNc2cc(-c3ccc4c(c3)OCO4)ncn2)c1,CHEMBL1357429,0.0,CurationNote.canonical,
CCCN1CC=C2C(C#N)=C(N)C(C#N)(C#N)C(c3cc(OC)ccc3OC)C2C1,CHEMBL1366453,0.0,CurationNote.canonical,
CSC(=N)N.CSC(=N)N.O=S(=O)(O)O,CHEMBL1358112,1.0,CurationNote.canonical,CurationIssue.mixture
N#Cc1ccc(CN2CCCC3(CCNCC3)C2)cc1,CHEMBL1441608,0.0,CurationNote.canonical,
COc1ccc(C2=Nc3cccc4cccc(c34)N2)cc1,CHEMBL1534773,1.0,CurationNote.canonical,
COc1ccccc1CN1CCCC2(CCN(C(=O)c3ccco3)CC2)C1,CHEMBL1512850,1.0,CurationNote.canonical,
N#Cc1c(-c2ccc3c(c2)OCO3)ccn2nc(-c3cccc(C(F)(F)F)c3)nc12,CHEMBL1504600,1.0,CurationNote.canonical,
O=C(CSc1nnc(-c2cccc(S(=O)(=O)N3CCOCC3)c2)n1C1CCCCCC1)NCc1ccccc1,CHEMBL1613702,1.0,CurationNote.canonical,CurationIssue.inorganic
None,,nan,,CurationIssue.rdkit_failed
None,,nan,,CurationIssue.rdkit_failed
None,PACLITAXEL,nan,,CurationIssue.rdkit_failed
None,,nan,,CurationIssue.rdkit_failed
CC[N+](CC)(CC(=O)Nc1c(C)cccc1C)Cc1ccccc1.O=C([O-])c1ccccc1,CHEMBL1371493,1.0,CurationNote.canonical,CurationIssue.mixture
CC(=O)N1CCC2(CCCN(Cc3ccccc3)C2)CC1,CHEMBL1551310,1.0,CurationNote.canonical,
CCOc1ccc(N(C(=O)/C=C/C(=O)Nc2cc(C)on2)C(C(=O)NC2CCCC2)c2ccccc2C)cc1,CHEMBL1582268,0.0,CurationNote.canonical,
CC(C)(Cc1c[nH]c2ccc(Cl)cc12)NCCOc1ccccc1OCC1CC1,CHEMBL88272,1.0,CurationNote.canonical,
CCN1CCN(Cc2cc(OC)c(OC)cc2[N+](=O)[O-])CC1,CHEMBL1567416,1.0,CurationNote.canonical,
O=C(CCCN1CCC(O)(c2ccc(Cl)cc2)CC1)c1ccc(F)cc1,CHEMBL54,1.0,CurationNote.canonical,CurationIssue.duplicate
c1ccc(CN(CC2=NCCN2)c2ccccc2)cc1,CHEMBL1305,1.0,CurationNote.canonical,CurationIssue.duplicate
c1ccc(-c2ccc(N3CC4(CCNCC4)C3)cc2)cc1,CHEMBL1397914,0.0,CurationNote.canonical,
CCCc1nc2ccccc2c(=O)n1-c1ccc(OC)cc1,CHEMBL1573949,0.0,CurationNote.canonical,
None,,nan,,CurationIssue.rdkit_failed
None,,nan,,CurationIssue.rdkit_failed
None,,nan,,CurationIssue.rdkit_failed
CCOC(=O)Nc1ccc(S(=O)(=O)NCc2ccccc2)cc1,CHEMBL1302877,0.0,CurationNote.canonical,
COC(=O)[C@@]1(Cc2ccc(OC)cc2)[C@H]2c3cc(C(=O)N(C)C)n(Cc4nc5ccccc5[nH]4)c3C[C@H]2CN1C(=O)c1ccccc1,CHEMBL1397225,1.0,CurationNote.canonical,
None,,nan,,CurationIssue.rdkit_failed
None,ALLANTODAPSONE,nan,,CurationIssue.rdkit_failed
None,,nan,,CurationIssue.rdkit_failed
None,,nan,,CurationIssue.rdkit_failed
None,,nan,,CurationIssue.rdkit_failed
None,,nan,,CurationIssue.rdkit_failed
COC(=O)N1CCC[C@@]2(CCN(C(=O)Nc3cccc(F)c3)C2)C1,CHEMBL1593019,1.0,CurationNote.canonical,
Cc1ccc(CNC(=O)[C@H](C)[C@@H]2C[C@@]2(C)[C@@H](NC(=O)OCc2ccccc2)c2ccccc2)c(F)c1F,CHEMBL1562339,1.0,CurationNote.canonical,
CNCC[C@@H](Oc1ccccc1C)c1ccccc1,CHEMBL641,1.0,CurationNote.canonical,
Cn1cc(-c2nnc(-c3ccccc3)o2)c2ccccc21,CHEMBL1409802,1.0,CurationNote.canonical,
O=C(CCN1CCN(c2ccccc2F)CC1)Nc1ccccc1F,CHEMBL1334323,0.0,CurationNote.canonical,
CCCN1CCC[C@@H]2Cc3nc(N)ncc3C[C@H]21,CHEMBL155731,0.0,CurationNote.canonical,
Cc1nc(-c2cccnc2)sc1C(=O)Nc1ccc(Cl)cc1,CHEMBL1490820,0.0,CurationNote.canonical,
COC(=O)C1=C(C)N=C2SC(C)C(=O)N2C1/C=C/c1ccccc1,CHEMBL1493411,0.0,CurationNote.canonical,
Cc1cccc(CNc2nc(-c3ccccc3CN(C)C)nc3ccccc23)c1,CHEMBL1454920,0.0,CurationNote.canonical,
O=C(NCC1CC1)[C@H]1C[C@@H]1[C@H](NP(=O)(c1ccccc1)c1ccccc1)c1ccccc1,CHEMBL1355101,0.0,CurationNote.canonical,
Cc1noc(C)c1-c1nccc(NCc2cccs2)n1,CHEMBL1517241,0.0,CurationNote.canonical,
O=C([O-])C(F)(F)F.O=C([O-])C(F)(F)F.c1cc2cc(c1)C[n+]1ccc(c3ccccc31)NCc1ccc(cc1)CNc1cc[n+](c3ccccc13)C2,CHEMBL1327243,0.0,CurationNote.canonical,CurationIssue.mixture
Cc1cccc(-n2nnc(C(=O)NC3CCCc4ccccc43)c2N)c1,CHEMBL1422254,1.0,CurationNote.canonical,
CCc1nc(N)nc(N)c1-c1ccc(Cl)cc1,CHEMBL36,1.0,CurationNote.canonical,
Cc1ccc(Cn2nnc3c(O)nc(C4CCCN(C(=O)Nc5ccc(F)cc5F)C4)nc32)cc1,CHEMBL1360821,0.0,CurationNote.canonical,
Cn1c(=O)c2cc(S(=O)(=O)NCCC(=O)NCCc3ccc(Cl)cc3)ccc2n(C)c1=O,CHEMBL1565258,0.0,CurationNote.canonical,
C=CCN1C(=O)NC(=O)/C(=C(/CC)NC2CC2)C1=O,CHEMBL1537962,1.0,CurationNote.canonical,
Cn1ccnc1Sc1ccc(/C=N/NC(=O)c2ccccc2[N+](=O)[O-])cc1[N+](=O)[O-],CHEMBL2003072,1.0,CurationNote.canonical,CurationIssue.inorganic
Cc1ccccc1-c1cc(-c2ccccc2O)on1,CHEMBL1417999,0.0,CurationNote.canonical,
CCCCCCCC/C=C\CCCCCCCC(=O)N[C@@H](CO)Cc1ccc(O)cc1,CHEMBL1316265,1.0,CurationNote.canonical,
Cc1cccc(NC(=O)N(Cc2nc(O)c3ccccc3n2)C2CCCC2)c1,CHEMBL1424426,0.0,CurationNote.canonical,
None,,nan,,CurationIssue.rdkit_failed
None,,nan,,CurationIssue.rdkit_failed
None,,nan,,CurationIssue.rdkit_failed
None,,nan,,CurationIssue.rdkit_failed
None,,nan,,CurationIssue.rdkit_failed
None,,nan,,CurationIssue.rdkit_failed
None,,nan,,CurationIssue.rdkit_failed
None,,nan,,CurationIssue.rdkit_failed
None,,nan,,CurationIssue.rdkit_failed
None,,nan,,CurationIssue.rdkit_failed
None,,nan,,CurationIssue.rdkit_failed
None,,nan,,CurationIssue.rdkit_failed
None,,nan,,CurationIssue.rdkit_failed
None,,nan,,CurationIssue.rdkit_failed
None,,nan,,CurationIssue.rdkit_failed
None,,nan,,CurationIssue.rdkit_failed
None,,nan,,CurationIssue.rdkit_failed
None,,nan,,CurationIssue.rdkit_failed
None,,nan,,CurationIssue.rdkit_failed
None,,nan,,CurationIssue.rdkit_failed
O=C(NCCNc1ccc([N+](=O)[O-])cc1)c1ccccc1Br,CHEMBL1489549,0.0,CurationNote.canonical,
O=[N+]([O-])c1cccc2c(Br)n[nH]c12,CHEMBL479014,1.0,CurationNote.canonical,
Cc1ccc2[nH]c(SCc3ccc([N+](=O)[O-])cc3)nc2c1,CHEMBL1321892,1.0,CurationNote.canonical,
N=C(N)NCCNOS(=O)c1cccc2cnccc12,CHEMBL1556172,0.0,CurationNote.canonical,
COc1ccc2[nH]cc(CCNc3ncnc4ccc(-c5ccccc5OC)cc34)c2c1,CHEMBL1553185,1.0,CurationNote.canonical,
CN1[C@H]2CC[C@@H]1C[C@@H](OC(c1ccccc1)c1ccccc1)C2.CS(=O)(=O)O,CHEMBL1257125,1.0,CurationNote.canonical,CurationIssue.mixture
CC[C@H](C)[C@@H]1O[C@]2(CC[C@@H]1C)C[C@H]1C[C@H](C/C=C(\C)[C@@H](O[C@H]3C[C@H](OC)[C@H](O[C@H]4C[C@H](OC)[C@H](O)[C@H](C)O4)[C@H](C)O3)[C@@H](C)/C=C/C=C3CO[C@@H]4[C@@H](O)C(C)=C[C@H](C(=O)O1)[C@@]34O)O2,CHEMBL1399099,1.0,CurationNote.canonical,
Cc1[nH]c2c(C)cccc2c1CCNC(=O)c1ccc2c(c1[N+](=O)[O-])C(=O)c1ccccc1C2=O,CHEMBL1329046,1.0,CurationNote.canonical,
Cc1cc(Cl)ccc1Nc1sc(C(=O)c2cc3cc(Cl)ccc3o2)c(N)c1C#N,CHEMBL552439,1.0,CurationNote.canonical,
COC(/C=C/Nc1ccc(Br)cc1)=C(C#N)C#N,CHEMBL1383487,1.0,CurationNote.canonical,
CCCC(=O)NCCc1c2n(c3ccc(OC)cc13)CCCc1ccccc1-2,CHEMBL274438,0.0,CurationNote.canonical,
None,,nan,,CurationIssue.rdkit_failed
None,,nan,,CurationIssue.rdkit_failed
None,,nan,,CurationIssue.rdkit_failed
None,,nan,,CurationIssue.rdkit_failed
None,,nan,,CurationIssue.rdkit_failed
CCS(=O)(=O)c1ccc2oc(Nc3cc(C)cc(C)c3)nc2c1,CHEMBL1379079,0.0,CurationNote.canonical,
Cc1cccc(CNc2nc(-c3ccc(C(=O)N(C)C)cc3)nc3ccccc23)c1,CHEMBL1397548,0.0,CurationNote.canonical,
CCNc1ncc2ncc(=O)n(Cc3cccs3)c2n1,CHEMBL1478772,0.0,CurationNote.canonical,
None,ISONIPECOTIC ACID,nan,,CurationIssue.rdkit_failed
None,,nan,,CurationIssue.rdkit_failed
None,SPERMIDINE,nan,,CurationIssue.rdkit_failed
None,TAURINE,nan,,CurationIssue.rdkit_failed
None,,nan,,CurationIssue.rdkit_failed
None,,nan,,CurationIssue.rdkit_failed
None,,nan,,CurationIssue.rdkit_failed
c1cc(-c2sc(-c3ccncc3)c(-c3ccncc3)c2-c2ccncc2)ccn1,CHEMBL472994,1.0,CurationNote.canonical,
None,,nan,,CurationIssue.rdkit_failed
None,,nan,,CurationIssue.rdkit_failed
O[C@@H](COc1ccc(Cl)cc1Cl)CN1CCCC1,CHEMBL1531584,1.0,CurationNote.canonical,
None,,nan,,CurationIssue.rdkit_failed
None,,nan,,CurationIssue.rdkit_failed
None,(S)-ISRADIPINE,nan,,CurationIssue.rdkit_failed
None,,nan,,CurationIssue.rdkit_failed
None,,nan,,CurationIssue.rdkit_failed
None,,nan,,CurationIssue.rdkit_failed
None,,nan,,CurationIssue.rdkit_failed
None,,nan,,CurationIssue.rdkit_failed
None,,nan,,CurationIssue.rdkit_failed
None,SULFAMONOMETHOXINE,nan,,CurationIssue.rdkit_failed
None,,nan,,CurationIssue.rdkit_failed
None,,nan,,CurationIssue.rdkit_failed
O=C(Nc1nc(-c2ccccc2)c(-c2ccccc2)o1)c1ccc(F)cc1,CHEMBL1568277,0.0,CurationNote.canonical,
CCN(c1ccccc1)S(=O)(=O)c1ccc(NC(=S)NC(=O)c2ccc(Br)o2)cc1,CHEMBL1381161,1.0,CurationNote.canonical,
None,,nan,,CurationIssue.rdkit_failed
None,,nan,,CurationIssue.rdkit_failed
None,,nan,,CurationIssue.rdkit_failed
None,,nan,,CurationIssue.rdkit_failed
None,ETAZOLATE,nan,,CurationIssue.rdkit_failed
None,OXAPROZIN,nan,,CurationIssue.rdkit_failed
None,,nan,,CurationIssue.rdkit_failed
None,,nan,,CurationIssue.rdkit_failed
None,,nan,,CurationIssue.rdkit_failed
None,,nan,,CurationIssue.rdkit_failed
CNC(C)c1cc(OC)ccc1OC,CHEMBL1741405,0.0,CurationNote.canonical,
COc1ccc(S(=O)(=O)N2Cc3ccccc3CC2C(=O)Nc2nccs2)cc1,CHEMBL1471962,1.0,CurationNote.canonical,
None,,nan,,CurationIssue.rdkit_failed
CSc1cccc(NC(=O)Nc2ccc(Cl)cc2)c1,CHEMBL1455353,1.0,CurationNote.canonical,CurationIssue.inorganic
Cc1c(NC(=O)OCCNC(=O)COc2c(Cl)cccc2Cl)sc(=S)n1C,CHEMBL1441667,0.0,CurationNote.canonical,
c1ccc(-c2nc(NCc3cccnc3)c3ccccc3n2)cc1,CHEMBL420539,0.0,CurationNote.canonical,
None,,nan,,CurationIssue.rdkit_failed
None,,nan,,CurationIssue.rdkit_failed
None,,nan,,CurationIssue.rdkit_failed
None,,nan,,CurationIssue.rdkit_failed
None,,nan,,CurationIssue.rdkit_failed
None,TARENFLURBIL,nan,,CurationIssue.rdkit_failed
None,,nan,,CurationIssue.rdkit_failed
None,,nan,,CurationIssue.rdkit_failed
None,,nan,,CurationIssue.rdkit_failed
Cc1ccc(-c2nnc(S)n2/N=C/c2cccn2C)cc1,CHEMBL3199344,1.0,CurationNote.canonical,
None,8-PHENYL THEOPHYLLINE,nan,,CurationIssue.rdkit_failed
None,,nan,,CurationIssue.rdkit_failed
None,,nan,,CurationIssue.rdkit_failed
None,,nan,,CurationIssue.rdkit_failed
None,,nan,,CurationIssue.rdkit_failed
None,,nan,,CurationIssue.rdkit_failed
None,SB-216763,nan,,CurationIssue.rdkit_failed
None,DIZOCILPINE,nan,,CurationIssue.rdkit_failed
None,,nan,,CurationIssue.rdkit_failed
None,,nan,,CurationIssue.rdkit_failed
COc1ccccc1-c1cncnc1Nc1ccc(F)cc1,CHEMBL1434082,0.0,CurationNote.canonical,
None,,nan,,CurationIssue.rdkit_failed
None,,nan,,CurationIssue.rdkit_failed
O=S(=O)(Nc1ccc2c(c1)OCCO2)c1cccc2cccnc12,CHEMBL1460362,0.0,CurationNote.canonical,
None,,nan,,CurationIssue.rdkit_failed
None,,nan,,CurationIssue.rdkit_failed
None,,nan,,CurationIssue.rdkit_failed
None,,nan,,CurationIssue.rdkit_failed
None,,nan,,CurationIssue.rdkit_failed
None,,nan,,CurationIssue.rdkit_failed
None,,nan,,CurationIssue.rdkit_failed
None,,nan,,CurationIssue.rdkit_failed
None,,nan,,CurationIssue.rdkit_failed
None,LORECLEZOLE,nan,,CurationIssue.rdkit_failed
None,,nan,,CurationIssue.rdkit_failed
None,,nan,,CurationIssue.rdkit_failed
None,,nan,,CurationIssue.rdkit_failed
None,,nan,,CurationIssue.rdkit_failed
Fc1ccc(Nc2ncnc3ccc(-c4ccoc4)cc23)cc1,CHEMBL1603418,0.0,CurationNote.canonical,
COc1ccc2[nH]cc(CCNc3nc(-c4ccccc4OC)nc4ccccc34)c2c1,CHEMBL1594134,0.0,CurationNote.canonical,
CCN(CC)CCO[C@H]1CC[C@@]2(C)C(=CC[C@H]3[C@H]4CCC(=O)[C@@]4(C)CC[C@H]32)C1,CHEMBL1397169,1.0,CurationNote.canonical,
None,,nan,,CurationIssue.rdkit_failed
None,,nan,,CurationIssue.rdkit_failed
Cl.c1ccc(-c2nc(NCCCn3ccnc3)c3oc4ccccc4c3n2)cc1,CHEMBL1594359,1.0,CurationNote.canonical,CurationIssue.mixture
Cc1c(Br)c([N+](=O)[O-])nn1CC(=O)NCc1cccs1,CHEMBL1329327,1.0,CurationNote.canonical,
O=C(O)[C@H]1CCCN(CCC=C(c2ccccc2)c2ccccc2)C1,CHEMBL160709,0.0,CurationNote.canonical,
COc1cccc(Cn2c(=O)c(-c3cccs3)nc3cncnc32)c1,CHEMBL1405464,1.0,CurationNote.canonical,
Cc1cccc(CNc2ncncc2-c2ccc3c(c2)OCO3)c1,CHEMBL1561366,1.0,CurationNote.canonical,
None,,nan,,CurationIssue.rdkit_failed
None,,nan,,CurationIssue.rdkit_failed
None,,nan,,CurationIssue.rdkit_failed
None,PHTHALYLSULFATHIAZOLE,nan,,CurationIssue.rdkit_failed
None,,nan,,CurationIssue.rdkit_failed
None,,nan,,CurationIssue.rdkit_failed
None,,nan,,CurationIssue.rdkit_failed
None,,nan,,CurationIssue.rdkit_failed
None,,nan,,CurationIssue.rdkit_failed
N#Cc1ccc(CN2CCC3(CC2)CCN(C(=O)c2cc(C(F)(F)F)cc(C(F)(F)F)c2)CC3)cc1,CHEMBL1512121,0.0,CurationNote.canonical,
None,,nan,,CurationIssue.rdkit_failed
None,,nan,,CurationIssue.rdkit_failed
None,,nan,,CurationIssue.rdkit_failed
O=C(CCCN1CCC(O)(c2ccc(Cl)cc2)CC1)c1ccc(F)cc1,CHEMBL54,1.0,CurationNote.canonical,
CN(C)c1ncc2nc(CCc3ccccc3)c(=O)n(Cc3ccc(F)cc3)c2n1,CHEMBL1555567,0.0,CurationNote.canonical,
None,,nan,,CurationIssue.rdkit_failed
None,,nan,,CurationIssue.rdkit_failed
None,,nan,,CurationIssue.rdkit_failed
None,,nan,,CurationIssue.rdkit_failed
None,,nan,,CurationIssue.rdkit_failed
None,,nan,,CurationIssue.rdkit_failed
None,,nan,,CurationIssue.rdkit_failed
None,,nan,,CurationIssue.rdkit_failed
None,,nan,,CurationIssue.rdkit_failed
None,,nan,,CurationIssue.rdkit_failed
C#CC[N+](CC)(CC)CC#Cc1cccc(Cl)c1.[Br-],CHEMBL1730707,1.0,CurationNote.canonical,CurationIssue.mixture
None,,nan,,CurationIssue.rdkit_failed
Cc1cc2cc(C=O)c(Cl)nc2cc1C,CHEMBL1447520,1.0,CurationNote.canonical,
None,,nan,,CurationIssue.rdkit_failed
None,,nan,,CurationIssue.rdkit_failed
None,,nan,,CurationIssue.rdkit_failed
None,,nan,,CurationIssue.rdkit_failed
NC(=O)/C(=C\c1ccncc1)c1cccc2ccccc12,CHEMBL1493707,1.0,CurationNote.canonical,
None,,nan,,CurationIssue.rdkit_failed
None,,nan,,CurationIssue.rdkit_failed
None,,nan,,CurationIssue.rdkit_failed
None,,nan,,CurationIssue.rdkit_failed
None,,nan,,CurationIssue.rdkit_failed
None,,nan,,CurationIssue.rdkit_failed
None,,nan,,CurationIssue.rdkit_failed
None,,nan,,CurationIssue.rdkit_failed
None,,nan,,CurationIssue.rdkit_failed
CC(C)(C)c1ccc(C(=O)N2CCC(C(=O)NCCC3=CCCCC3)CC2)cc1,CHEMBL1331745,0.0,CurationNote.canonical,
None,,nan,,CurationIssue.rdkit_failed
CC(=O)N1CCC2(CCCN(c3ncccn3)C2)CC1,CHEMBL1369973,0.0,CurationNote.canonical,
COc1ccccc1-c1nccc(NCc2ccccc2)n1,CHEMBL1476526,1.0,CurationNote.canonical,
None,,nan,,CurationIssue.rdkit_failed
None,,nan,,CurationIssue.rdkit_failed
None,,nan,,CurationIssue.rdkit_failed
None,,nan,,CurationIssue.rdkit_failed
None,,nan,,CurationIssue.rdkit_failed
None,,nan,,CurationIssue.rdkit_failed
None,,nan,,CurationIssue.rdkit_failed
None,,nan,,CurationIssue.rdkit_failed
CNc1nc(-c2ccccc2C)nc2ccccc12,CHEMBL1512250,0.0,CurationNote.canonical,
O=C(CCNS(=O)(=O)c1ccc2c(c1)CCC(=O)N2)NCc1ccc2c(c1)OCO2,CHEMBL1741748,0.0,CurationNote.canonical,
COc1ccc(CNc2nc(-c3ccc4c(c3)OCO4)nc3ccccc23)c(OC)c1,CHEMBL1607885,0.0,CurationNote.canonical,
O=C(OCCN1CCOCC1)C1(c2ccccc2)CCCCC1,CHEMBL305881,1.0,CurationNote.canonical,CurationIssue.duplicate
Cc1ccccc1-n1nc2c(c1NC(=O)c1ccc(S(=O)(=O)N(C)C)cc1)CSC2,CHEMBL1509024,0.0,CurationNote.canonical,
None,,nan,,CurationIssue.rdkit_failed
COc1ccc(CNc2ccnc(-c3ccoc3)n2)c(OC)c1,CHEMBL1533335,0.0,CurationNote.canonical,
None,,nan,,CurationIssue.rdkit_failed
None,,nan,,CurationIssue.rdkit_failed
COc1ccccc1CNc1ncnc2ccc(-c3cccnc3)cc12,CHEMBL1592227,1.0,CurationNote.canonical,
C[C@@H]([C@H](O)c1ccc(O)cc1)N1CCC(Cc2ccccc2)CC1.O=C(O)C(O)C(O)C(=O)O,CHEMBL2062341,1.0,CurationNote.canonical,CurationIssue.mixture
None,,nan,,CurationIssue.rdkit_failed
None,,nan,,CurationIssue.rdkit_failed
None,,nan,,CurationIssue.rdkit_failed
None,,nan,,CurationIssue.rdkit_failed
None,,nan,,CurationIssue.rdkit_failed
None,,nan,,CurationIssue.rdkit_failed
None,,nan,,CurationIssue.rdkit_failed
None,,nan,,CurationIssue.rdkit_failed
None,,nan,,CurationIssue.rdkit_failed
None,,nan,,CurationIssue.rdkit_failed
None,,nan,,CurationIssue.rdkit_failed
None,SPLITOMICIN,nan,,CurationIssue.rdkit_failed
None,,nan,,CurationIssue.rdkit_failed
None,,nan,,CurationIssue.rdkit_failed
None,,nan,,CurationIssue.rdkit_failed
None,,nan,,CurationIssue.rdkit_failed
None,,nan,,CurationIssue.rdkit_failed
None,,nan,,CurationIssue.rdkit_failed
None,,nan,,CurationIssue.rdkit_failed
None,,nan,,CurationIssue.rdkit_failed
None,,nan,,CurationIssue.rdkit_failed
None,,nan,,CurationIssue.rdkit_failed
None,,nan,,CurationIssue.rdkit_failed
None,,nan,,CurationIssue.rdkit_failed
None,,nan,,CurationIssue.rdkit_failed
None,,nan,,CurationIssue.rdkit_failed
None,,nan,,CurationIssue.rdkit_failed
None,,nan,,CurationIssue.rdkit_failed
None,,nan,,CurationIssue.rdkit_failed
None,,nan,,CurationIssue.rdkit_failed
None,,nan,,CurationIssue.rdkit_failed
None,,nan,,CurationIssue.rdkit_failed
None,,nan,,CurationIssue.rdkit_failed
None,,nan,,CurationIssue.rdkit_failed
Cc1ccc(CS(=O)(=O)CCC(=O)NCCN2CCCC2)cc1,CHEMBL1327910,1.0,CurationNote.canonical,
None,,nan,,CurationIssue.rdkit_failed
None,,nan,,CurationIssue.rdkit_failed
None,,nan,,CurationIssue.rdkit_failed
None,,nan,,CurationIssue.rdkit_failed
None,,nan,,CurationIssue.rdkit_failed
None,,nan,,CurationIssue.rdkit_failed
None,,nan,,CurationIssue.rdkit_failed
None,,nan,,CurationIssue.rdkit_failed
None,,nan,,CurationIssue.rdkit_failed
None,,nan,,CurationIssue.rdkit_failed
None,,nan,,CurationIssue.rdkit_failed
None,,nan,,CurationIssue.rdkit_failed
None,,nan,,CurationIssue.rdkit_failed
None,,nan,,CurationIssue.rdkit_failed
None,,nan,,CurationIssue.rdkit_failed
None,,nan,,CurationIssue.rdkit_failed
None,,nan,,CurationIssue.rdkit_failed
None,,nan,,CurationIssue.rdkit_failed
None,,nan,,CurationIssue.rdkit_failed
None,,nan,,CurationIssue.rdkit_failed
None,,nan,,CurationIssue.rdkit_failed
None,,nan,,CurationIssue.rdkit_failed
None,,nan,,CurationIssue.rdkit_failed
None,AZELAIC ACID,nan,,CurationIssue.rdkit_failed
None,,nan,,CurationIssue.rdkit_failed
None,,nan,,CurationIssue.rdkit_failed
None,,nan,,CurationIssue.rdkit_failed
None,,nan,,CurationIssue.rdkit_failed
CCCN(CCC)[C@@H]1CCc2cccc(O)c2C1,CHEMBL26998,0.0,CurationNote.canonical,CurationIssue.duplicate
None,,nan,,CurationIssue.rdkit_failed
CCOC(=O)CC(NC(=O)c1cccs1)c1ccc(OCC)cc1,CHEMBL1711461,0.0,CurationNote.canonical,
None,,nan,,CurationIssue.rdkit_failed
CC(NC(=O)c1ccccc1)c1nc2ccccc2n1Cc1ccccc1F,CHEMBL1541564,0.0,CurationNote.canonical,
None,SDX-101,nan,,CurationIssue.rdkit_failed
None,,nan,,CurationIssue.rdkit_failed
None,,nan,,CurationIssue.rdkit_failed
None,,nan,,CurationIssue.rdkit_failed
None,LEVISOPRENALINE,nan,,CurationIssue.rdkit_failed
None,,nan,,CurationIssue.rdkit_failed
None,,nan,,CurationIssue.rdkit_failed
None,,nan,,CurationIssue.rdkit_failed
None,,nan,,CurationIssue.rdkit_failed
None,,nan,,CurationIssue.rdkit_failed
None,,nan,,CurationIssue.rdkit_failed
None,SULFACHLORPYRIDAZINE,nan,,CurationIssue.rdkit_failed
None,,nan,,CurationIssue.rdkit_failed
None,,nan,,CurationIssue.rdkit_failed
None,,nan,,CurationIssue.rdkit_failed
None,,nan,,CurationIssue.rdkit_failed
None,,nan,,CurationIssue.rdkit_failed
None,,nan,,CurationIssue.rdkit_failed
CN1[C@H]2CC[C@@H]1CC(OC(c1ccccc1)c1ccccc1)C2.CS(=O)(=O)O,CHEMBL1442985,1.0,CurationNote.canonical,CurationIssue.mixture
Cc1ccc(C)c(NC(=O)C2CC3c4ccccc4C2c2ccccc23)c1,CHEMBL1567584,1.0,CurationNote.canonical,
Nc1ccccc1C(=O)/C=C\c1ccc2c(c1)OCO2,CHEMBL1376212,1.0,CurationNote.canonical,
None,,nan,,CurationIssue.rdkit_failed
None,,nan,,CurationIssue.rdkit_failed
None,,nan,,CurationIssue.rdkit_failed
None,,nan,,CurationIssue.rdkit_failed
None,,nan,,CurationIssue.rdkit_failed
None,,nan,,CurationIssue.rdkit_failed
None,,nan,,CurationIssue.rdkit_failed
None,,nan,,CurationIssue.rdkit_failed
None,,nan,,CurationIssue.rdkit_failed
None,,nan,,CurationIssue.rdkit_failed
None,,nan,,CurationIssue.rdkit_failed
None,,nan,,CurationIssue.rdkit_failed
None,,nan,,CurationIssue.rdkit_failed
None,,nan,,CurationIssue.rdkit_failed
None,,nan,,CurationIssue.rdkit_failed
None,,nan,,CurationIssue.rdkit_failed
None,,nan,,CurationIssue.rdkit_failed
None,,nan,,CurationIssue.rdkit_failed
None,,nan,,CurationIssue.rdkit_failed
None,,nan,,CurationIssue.rdkit_failed
None,,nan,,CurationIssue.rdkit_failed
None,,nan,,CurationIssue.rdkit_failed
None,,nan,,CurationIssue.rdkit_failed
None,,nan,,CurationIssue.rdkit_failed
None,,nan,,CurationIssue.rdkit_failed
None,,nan,,CurationIssue.rdkit_failed
None,BENFOTIAMINE,nan,,CurationIssue.rdkit_failed
None,,nan,,CurationIssue.rdkit_failed
None,,nan,,CurationIssue.rdkit_failed
None,,nan,,CurationIssue.rdkit_failed
None,,nan,,CurationIssue.rdkit_failed
None,,nan,,CurationIssue.rdkit_failed
None,,nan,,CurationIssue.rdkit_failed
None,,nan,,CurationIssue.rdkit_failed
None,,nan,,CurationIssue.rdkit_failed
None,,nan,,CurationIssue.rdkit_failed
None,,nan,,CurationIssue.rdkit_failed
None,DEOXYVASICINONE,nan,,CurationIssue.rdkit_failed
None,,nan,,CurationIssue.rdkit_failed
None,,nan,,CurationIssue.rdkit_failed
None,(S)-THIORPHAN,nan,,CurationIssue.rdkit_failed
None,,nan,,CurationIssue.rdkit_failed
None,,nan,,CurationIssue.rdkit_failed
None,,nan,,CurationIssue.rdkit_failed
None,,nan,,CurationIssue.rdkit_failed
None,,nan,,CurationIssue.rdkit_failed
None,,nan,,CurationIssue.rdkit_failed
None,,nan,,CurationIssue.rdkit_failed
CN(C)c1ccc(-c2nccc(Nc3ccc(F)cc3)n2)cc1,CHEMBL1551503,0.0,CurationNote.canonical,
COc1ccc(-c2cc(C(F)F)nc(-n3nc(C)cc3C)n2)cc1,CHEMBL1308361,0.0,CurationNote.canonical,
COc1ccc(Oc2ncc3nc(C)c(=O)n(C4CC4)c3n2)cc1,CHEMBL1372363,0.0,CurationNote.canonical,
O=C(c1csnn1)N1CCC[C@@]2(CCN(Cc3ccccc3)C2)C1,CHEMBL1362517,1.0,CurationNote.canonical,
N#Cc1cccc(-c2nc(NCCN3CCOCC3)c3ccccc3n2)c1,CHEMBL1596170,1.0,CurationNote.canonical,
Cc1ccccc1-c1nccc(NCc2cccs2)n1,CHEMBL1370189,1.0,CurationNote.canonical,
None,,nan,,CurationIssue.rdkit_failed
None,,nan,,CurationIssue.rdkit_failed
None,,nan,,CurationIssue.rdkit_failed
None,,nan,,CurationIssue.rdkit_failed
None,,nan,,CurationIssue.rdkit_failed
None,,nan,,CurationIssue.rdkit_failed
None,,nan,,CurationIssue.rdkit_failed
None,,nan,,CurationIssue.rdkit_failed
None,,nan,,CurationIssue.rdkit_failed
None,AMINOPHYLLINE,nan,,CurationIssue.rdkit_failed
None,,nan,,CurationIssue.rdkit_failed
None,SUXIBUZONE,nan,,CurationIssue.rdkit_failed
None,,nan,,CurationIssue.rdkit_failed
None,,nan,,CurationIssue.rdkit_failed
None,,nan,,CurationIssue.rdkit_failed
None,,nan,,CurationIssue.rdkit_failed
None,,nan,,CurationIssue.rdkit_failed
None,,nan,,CurationIssue.rdkit_failed
None,,nan,,CurationIssue.rdkit_failed
None,,nan,,CurationIssue.rdkit_failed
None,,nan,,CurationIssue.rdkit_failed
None,,nan,,CurationIssue.rdkit_failed
None,,nan,,CurationIssue.rdkit_failed
None,,nan,,CurationIssue.rdkit_failed
None,,nan,,CurationIssue.rdkit_failed
None,,nan,,CurationIssue.rdkit_failed
None,,nan,,CurationIssue.rdkit_failed
None,,nan,,CurationIssue.rdkit_failed
None,,nan,,CurationIssue.rdkit_failed
None,,nan,,CurationIssue.rdkit_failed
None,,nan,,CurationIssue.rdkit_failed
None,,nan,,CurationIssue.rdkit_failed
None,SALAGEN,nan,,CurationIssue.rdkit_failed
None,,nan,,CurationIssue.rdkit_failed
None,,nan,,CurationIssue.rdkit_failed
None,RO-194603,nan,,CurationIssue.rdkit_failed
None,,nan,,CurationIssue.rdkit_failed
None,,nan,,CurationIssue.rdkit_failed
None,,nan,,CurationIssue.rdkit_failed
None,,nan,,CurationIssue.rdkit_failed
None,,nan,,CurationIssue.rdkit_failed
None,,nan,,CurationIssue.rdkit_failed
None,,nan,,CurationIssue.rdkit_failed
None,,nan,,CurationIssue.rdkit_failed
None,,nan,,CurationIssue.rdkit_failed
None,,nan,,CurationIssue.rdkit_failed
None,,nan,,CurationIssue.rdkit_failed
None,,nan,,CurationIssue.rdkit_failed
None,,nan,,CurationIssue.rdkit_failed
None,,nan,,CurationIssue.rdkit_failed
None,,nan,,CurationIssue.rdkit_failed
None,,nan,,CurationIssue.rdkit_failed
None,,nan,,CurationIssue.rdkit_failed
None,,nan,,CurationIssue.rdkit_failed
None,,nan,,CurationIssue.rdkit_failed
None,,nan,,CurationIssue.rdkit_failed
None,,nan,,CurationIssue.rdkit_failed
None,,nan,,CurationIssue.rdkit_failed
None,,nan,,CurationIssue.rdkit_failed
None,,nan,,CurationIssue.rdkit_failed
None,,nan,,CurationIssue.rdkit_failed
None,,nan,,CurationIssue.rdkit_failed
None,,nan,,CurationIssue.rdkit_failed
None,,nan,,CurationIssue.rdkit_failed
None,,nan,,CurationIssue.rdkit_failed
None,,nan,,CurationIssue.rdkit_failed
None,,nan,,CurationIssue.rdkit_failed
None,,nan,,CurationIssue.rdkit_failed
None,,nan,,CurationIssue.rdkit_failed
None,,nan,,CurationIssue.rdkit_failed
None,,nan,,CurationIssue.rdkit_failed
None,,nan,,CurationIssue.rdkit_failed
None,,nan,,CurationIssue.rdkit_failed
None,FAMOTIDINE,nan,,CurationIssue.rdkit_failed
None,,nan,,CurationIssue.rdkit_failed
None,,nan,,CurationIssue.rdkit_failed
None,,nan,,CurationIssue.rdkit_failed
None,,nan,,CurationIssue.rdkit_failed
None,,nan,,CurationIssue.rdkit_failed
None,,nan,,CurationIssue.rdkit_failed
None,,nan,,CurationIssue.rdkit_failed
None,,nan,,CurationIssue.rdkit_failed
None,,nan,,CurationIssue.rdkit_failed
None,,nan,,CurationIssue.rdkit_failed
None,,nan,,CurationIssue.rdkit_failed
None,,nan,,CurationIssue.rdkit_failed
None,,nan,,CurationIssue.rdkit_failed
None,,nan,,CurationIssue.rdkit_failed
None,,nan,,CurationIssue.rdkit_failed
O=[N+]([O-])c1cccnc1NCCNc1ncc(C(F)(F)F)cc1Cl,CHEMBL1586735,0.0,CurationNote.canonical,
CN(C)c1ccc(-c2nc(N3CCNCC3)c3ccccc3n2)cc1,CHEMBL1601416,0.0,CurationNote.canonical,
CN1[C@@H](CC(=O)c2ccccc2)CCC[C@@H]1C[C@@H](O)c1ccccc1,CHEMBL1371478,1.0,CurationNote.canonical,CurationIssue.duplicate
O=C(CS(=O)(=O)c1cccc(Cl)c1)Nc1ccccc1Cl,CHEMBL1742042,0.0,CurationNote.canonical,
None,,nan,,CurationIssue.rdkit_failed
None,,nan,,CurationIssue.rdkit_failed
None,,nan,,CurationIssue.rdkit_failed
None,,nan,,CurationIssue.rdkit_failed
None,,nan,,CurationIssue.rdkit_failed
CN1CCN(c2ncncc2-c2ccccc2C(F)(F)F)CC1,CHEMBL1486915,0.0,CurationNote.canonical,
None,,nan,,CurationIssue.rdkit_failed
None,,nan,,CurationIssue.rdkit_failed
None,,nan,,CurationIssue.rdkit_failed
None,,nan,,CurationIssue.rdkit_failed
None,,nan,,CurationIssue.rdkit_failed
None,,nan,,CurationIssue.rdkit_failed
None,,nan,,CurationIssue.rdkit_failed
None,,nan,,CurationIssue.rdkit_failed
None,,nan,,CurationIssue.rdkit_failed
None,,nan,,CurationIssue.rdkit_failed
CNc1ncnc2c1ncn2[C@H]1C[C@H](OP(=O)(O)O)[C@H](COP(=O)(O)O)O1.N.N.N.N,CHEMBL1566228,1.0,CurationNote.canonical,CurationIssue.mixture
COc1ccc(C(=O)N2CCC3(CCCN(c4ncccn4)C3)CC2)cc1,CHEMBL1434789,0.0,CurationNote.canonical,
None,,nan,,CurationIssue.rdkit_failed
None,,nan,,CurationIssue.rdkit_failed
None,,nan,,CurationIssue.rdkit_failed
None,,nan,,CurationIssue.rdkit_failed
None,,nan,,CurationIssue.rdkit_failed
None,,nan,,CurationIssue.rdkit_failed
None,,nan,,CurationIssue.rdkit_failed
None,,nan,,CurationIssue.rdkit_failed
None,,nan,,CurationIssue.rdkit_failed
None,CLOFIBRIC ACID,nan,,CurationIssue.rdkit_failed
None,,nan,,CurationIssue.rdkit_failed
None,,nan,,CurationIssue.rdkit_failed
None,,nan,,CurationIssue.rdkit_failed
None,RU-24969,nan,,CurationIssue.rdkit_failed
None,,nan,,CurationIssue.rdkit_failed
None,,nan,,CurationIssue.rdkit_failed
None,,nan,,CurationIssue.rdkit_failed
None,(S)-PINACIDIL,nan,,CurationIssue.rdkit_failed
N=C(N)NCc1cccc(I)c1,CHEMBL818,0.0,CurationNote.canonical,
CCNC(C)(C)[C@@H](SS)c1ccc(Br)cc1,CHEMBL1555537,1.0,CurationNote.canonical,
O=C(O)c1ccc(Nc2ccnc3cc(Cl)ccc23)cc1O,CHEMBL375672,1.0,CurationNote.canonical,
CN(C)Cc1ccccc1-c1nc(NCc2ccccc2)c2ccccc2n1,CHEMBL1600269,0.0,CurationNote.canonical,
Cc1nc2cnc(Oc3ccccc3)nc2n(Cc2cccs2)c1=O,CHEMBL1356834,0.0,CurationNote.canonical,
N#CC1=C(N)Oc2cc(Nc3ccccc3)ccc2C1c1ccncc1,CHEMBL1450096,1.0,CurationNote.canonical,
None,,nan,,CurationIssue.rdkit_failed
NC[C@H](CC(=O)O)c1ccc(Cl)cc1,CHEMBL301742,1.0,CurationNote.canonical,
CCCn1nnnc1NC(=O)COc1ccc(Cl)cc1C,CHEMBL1363867,0.0,CurationNote.canonical,
COc1ccc(C(=O)NC(=S)NNC(=O)CCc2ccccc2)cc1,CHEMBL1471206,0.0,CurationNote.canonical,
COc1cc(/C=N\Nc2nc3ccccc3[nH]2)cc(OC)c1OC,CHEMBL3193000,0.0,CurationNote.canonical,
N=C(N)SCc1ccc(Cl)c2ccccc12.O=[N+]([O-])c1ccc(O)c([N+](=O)[O-])c1,CHEMBL1327483,1.0,CurationNote.canonical,CurationIssue.mixture
S=C(NC1CCCCC1)N1CCC(c2cnc[nH]2)CC1,CHEMBL260374,0.0,CurationNote.canonical,CurationIssue.duplicate
None,,nan,,CurationIssue.rdkit_failed
None,,nan,,CurationIssue.rdkit_failed
None,,nan,,CurationIssue.rdkit_failed
None,,nan,,CurationIssue.rdkit_failed
O=c1c(-c2cccs2)nc2cnc(N3CCNCC3)nc2n1CCc1ccccc1,CHEMBL1487735,0.0,CurationNote.canonical,
COc1ccc(NC(=O)N2CC3(CCN(C(C)=O)CC3)C2)cc1,CHEMBL1560758,0.0,CurationNote.canonical,
Cc1cc(C)n2nc(-c3sccc3-n3cccc3)cc2n1,CHEMBL1382909,0.0,CurationNote.canonical,
None,,nan,,CurationIssue.rdkit_failed
CCN(CC)C(=O)CSc1nnc(-c2ccncc2)n1N,CHEMBL1742086,0.0,CurationNote.canonical,CurationIssue.inorganic
None,,nan,,CurationIssue.rdkit_failed
None,,nan,,CurationIssue.rdkit_failed
None,,nan,,CurationIssue.rdkit_failed
None,GANCICLOVIR,nan,,CurationIssue.rdkit_failed
None,,nan,,CurationIssue.rdkit_failed
None,,nan,,CurationIssue.rdkit_failed
None,,nan,,CurationIssue.rdkit_failed
None,,nan,,CurationIssue.rdkit_failed
None,,nan,,CurationIssue.rdkit_failed
None,,nan,,CurationIssue.rdkit_failed
None,,nan,,CurationIssue.rdkit_failed
None,,nan,,CurationIssue.rdkit_failed
O=C(NC[C@@H]1CCCCN1)c1cc(OCC(F)(F)F)ccc1OCC(F)(F)F,CHEMBL251457,1.0,CurationNote.canonical,
FC(F)(F)c1ccccc1-c1nccc(-n2ccnc2)n1,CHEMBL1378755,1.0,CurationNote.canonical,
Nc1nc(Br)c2c(F)cccc2c1-c1ccc(Cl)cc1,CHEMBL1311026,1.0,CurationNote.canonical,
O=C(OCc1nnc(-c2ccccc2)o1)c1ccc2c(c1)OCCO2,CHEMBL1381863,0.0,CurationNote.canonical,
COC(=O)C/C=C\[C@@H](C)[C@@H](/C=N\O[C@@H]1O[C@H](COC(C)=O)[C@H](OC(C)=O)[C@H](OC(C)=O)[C@H]1OC(C)=O)OC,CHEMBL1472837,1.0,CurationNote.canonical,
COc1ccc(CNc2cc(-c3ccccc3CN(C)C)ncn2)c(OC)c1,CHEMBL1590556,0.0,CurationNote.canonical,
Cc1ccc(/C(=C/CN2CCCC2)c2ccccn2)cc1,CHEMBL252745,0.0,CurationNote.canonical,
None,,nan,,CurationIssue.rdkit_failed
None,,nan,,CurationIssue.rdkit_failed
None,,nan,,CurationIssue.rdkit_failed
None,,nan,,CurationIssue.rdkit_failed
CC(=O)NCCNc1ncnc2ccc(-c3ccccc3C)cc12,CHEMBL1475079,0.0,CurationNote.canonical,
COc1ccccc1CNc1cc(-c2ccccc2OC)ncn1,CHEMBL1551557,0.0,CurationNote.canonical,
CC(C)CN1CC[C@@]2(CCCN(C(=O)Oc3ccccc3)C2)C1,CHEMBL1478279,1.0,CurationNote.canonical,
C[N+](C)(C)CCN(Cc1ccc(Cl)cc1)c1ccccn1.[I-],CHEMBL1575698,1.0,CurationNote.canonical,CurationIssue.mixture
Clc1ccccc1CSc1nnc(-c2ccncc2)o1,CHEMBL40004,1.0,CurationNote.canonical,CurationIssue.inorganic
COc1ccc(C[C@H](C)NC[C@@H](O)c2ccc(O)c(NC=O)c2)cc1,CHEMBL1433762,1.0,CurationNote.canonical,
COc1ccccc1CCn1c(=O)c(-c2ccc(F)c(F)c2)nc2cncnc21,CHEMBL1602394,0.0,CurationNote.canonical,
CCOC(=O)N1CCN(Cc2nc3c(c(=O)[nH]c(=O)n3C)n2Cc2ccccc2C)CC1,CHEMBL1536604,0.0,CurationNote.canonical,
O=C(c1csnn1)N1CCC[C@@]2(CCN(Cc3cc(C(F)(F)F)cc(C(F)(F)F)c3)C2)C1,CHEMBL1514923,1.0,CurationNote.canonical,
CC(C)(C)NC[C@H](O)COc1nsnc1N1CCOCC1,CHEMBL499,0.0,CurationNote.canonical,
N#C/C(=C\c1ccc(O)c(O)c1)C(=O)Nc1ccccc1,CHEMBL56731,0.0,CurationNote.canonical,
CN(C)c1ccc(-c2nc(NCc3cccnc3)c3ccccc3n2)cc1,CHEMBL1474468,1.0,CurationNote.canonical,
O=C(c1ccco1)N1CCC[C@@]2(CCN(Cc3ccccc3)C2)C1,CHEMBL1330396,1.0,CurationNote.canonical,
CCC1CCCCN1CCCNC(=O)Cn1nc(-c2ccc(C)cc2)ccc1=O,CHEMBL1492580,1.0,CurationNote.canonical,
COc1cccc(-c2cc(NCc3cccnc3)ncn2)c1,CHEMBL1570633,0.0,CurationNote.canonical,
Cc1ccccc1OCCCn1c(=O)sc2ccccc21,CHEMBL1358939,0.0,CurationNote.canonical,
COCCn1c(=O)c(-c2ccccc2)nc2cnc(N(C)C)nc21,CHEMBL1592470,0.0,CurationNote.canonical,
Cc1ccc(CN2CC34C=CC(O3)C(C(=O)NCc3ccc5c(c3)OCO5)C4C2=O)cc1,CHEMBL1565610,0.0,CurationNote.canonical,
CN(C)C(=O)c1ccc(-c2nc(Nc3ccc(F)cc3)c3ccccc3n2)cc1,CHEMBL1483427,0.0,CurationNote.canonical,
None,,nan,,CurationIssue.rdkit_failed
None,,nan,,CurationIssue.rdkit_failed
None,,nan,,CurationIssue.rdkit_failed
None,,nan,,CurationIssue.rdkit_failed
None,,nan,,CurationIssue.rdkit_failed
None,,nan,,CurationIssue.rdkit_failed
None,,nan,,CurationIssue.rdkit_failed
None,,nan,,CurationIssue.rdkit_failed
None,,nan,,CurationIssue.rdkit_failed
None,,nan,,CurationIssue.rdkit_failed
None,,nan,,CurationIssue.rdkit_failed
None,,nan,,CurationIssue.rdkit_failed
None,,nan,,CurationIssue.rdkit_failed
None,,nan,,CurationIssue.rdkit_failed
None,LEVOSULPIRIDE,nan,,CurationIssue.rdkit_failed
None,,nan,,CurationIssue.rdkit_failed
None,,nan,,CurationIssue.rdkit_failed
None,,nan,,CurationIssue.rdkit_failed
None,,nan,,CurationIssue.rdkit_failed
None,,nan,,CurationIssue.rdkit_failed
None,,nan,,CurationIssue.rdkit_failed
None,,nan,,CurationIssue.rdkit_failed
None,,nan,,CurationIssue.rdkit_failed
None,,nan,,CurationIssue.rdkit_failed
None,,nan,,CurationIssue.rdkit_failed
None,,nan,,CurationIssue.rdkit_failed
None,,nan,,CurationIssue.rdkit_failed
None,,nan,,CurationIssue.rdkit_failed
Clc1ccc2c(c1)C(N1CCNCC1)=Nc1ccccc1O2,CHEMBL1113,1.0,CurationNote.canonical,
Cc1noc(C)c1-c1nc(NCCN2CCOCC2)c2ccccc2n1,CHEMBL1356733,0.0,CurationNote.canonical,
N#Cc1c(N2CCCC(O)C2)nc(N)c2c(N)nc3c(c12)CC(=O)N3C12CC3CC(CC(C3)C1)C2,CHEMBL1464193,1.0,CurationNote.canonical,
O=C(c1ccncc1)N1CCC2(CCN(Cc3ccncc3)CC2)CC1,CHEMBL1564545,0.0,CurationNote.canonical,
O=C(c1ccncc1)N1CCC2(CCCN(c3ccc(-c4ccccc4)cc3)C2)CC1,CHEMBL1404882,0.0,CurationNote.canonical,
COc1ccc2[nH]cc(CCNc3cc(-c4c(C)noc4C)ncn3)c2c1,CHEMBL1514953,0.0,CurationNote.canonical,
CN(C)c1ncnc2ccc(-c3ccoc3)cc12,CHEMBL1374355,1.0,CurationNote.canonical,
Cc1cc2nc(CCN(C(S)=NCC(C)C)C3CCCC3)[nH]c2cc1C,CHEMBL1323732,1.0,CurationNote.canonical,
CCCCc1ccc(NC(S)=NCc2cccs2)cc1,CHEMBL1462421,1.0,CurationNote.canonical,
CCCCOc1ccc(CNn2c(C)nc3ccccc3c2=O)cc1,CHEMBL1556027,1.0,CurationNote.canonical,
COc1ccc(C(=O)c2ccccc2)c(O)c1,CHEMBL1625,0.0,CurationNote.canonical,
CCCN(CCC)[C@@H]1CCc2cccc(O)c2C1,CHEMBL26998,1.0,CurationNote.canonical,
COc1ccc(N2CCN(C(CNC(=O)C3CCCCC3)c3cccnc3)CC2)cc1,CHEMBL1575007,1.0,CurationNote.canonical,
CC[C@H](NC(C)C)[C@H](O)c1ccc(O)c(O)c1.CS(=O)(=O)O,CHEMBL1472703,1.0,CurationNote.canonical,CurationIssue.mixture
Cc1ccccc1-c1nc(N2CCNCC2)c2ccccc2n1,CHEMBL1372133,0.0,CurationNote.canonical,
Cc1ccc(N(CCC#N)C(=O)CSc2ccc3c(c2)OCCO3)cc1,CHEMBL1531607,0.0,CurationNote.canonical,CurationIssue.inorganic
None,,nan,,CurationIssue.rdkit_failed
None,,nan,,CurationIssue.rdkit_failed
None,,nan,,CurationIssue.rdkit_failed
None,,nan,,CurationIssue.rdkit_failed
None,,nan,,CurationIssue.rdkit_failed
None,,nan,,CurationIssue.rdkit_failed
None,,nan,,CurationIssue.rdkit_failed
None,,nan,,CurationIssue.rdkit_failed
None,,nan,,CurationIssue.rdkit_failed
None,,nan,,CurationIssue.rdkit_failed
CCOC(=O)c1[nH]c(COC(=O)CCOc2ccccc2OC)c(C(=O)OCC)c1C,CHEMBL1457798,0.0,CurationNote.canonical,
CC1=CC(C)(C)N=C(S)N1c1cccc(C)c1,CHEMBL1322901,1.0,CurationNote.canonical,
CN1[C@@H](CC(=O)c2ccccc2)CCC[C@@H]1C[C@@H](O)c1ccccc1,CHEMBL1371478,1.0,CurationNote.canonical,
CC(C)C(CCNC(=O)CC(Cc1ccccc1)c1ccco1)c1ccco1,CHEMBL1299856,1.0,CurationNote.canonical,
COc1ccc(O[C@H]2C=C[C@@H](c3ccccc3)O[C@H]2COC(=O)NCc2cccc3ccccc23)cc1,CHEMBL1440145,1.0,CurationNote.canonical,
None,,nan,,CurationIssue.rdkit_failed
None,,nan,,CurationIssue.rdkit_failed
None,,nan,,CurationIssue.rdkit_failed
None,,nan,,CurationIssue.rdkit_failed
None,DISOPIRAMIDE,nan,,CurationIssue.rdkit_failed
None,,nan,,CurationIssue.rdkit_failed
None,,nan,,CurationIssue.rdkit_failed
None,PENTAMIDINE ISETHIONATE,nan,,CurationIssue.rdkit_failed
None,,nan,,CurationIssue.rdkit_failed
None,,nan,,CurationIssue.rdkit_failed
None,,nan,,CurationIssue.rdkit_failed
None,,nan,,CurationIssue.rdkit_failed
None,,nan,,CurationIssue.rdkit_failed
None,,nan,,CurationIssue.rdkit_failed
None,,nan,,CurationIssue.rdkit_failed
None,,nan,,CurationIssue.rdkit_failed
None,,nan,,CurationIssue.rdkit_failed
None,,nan,,CurationIssue.rdkit_failed
None,,nan,,CurationIssue.rdkit_failed
None,,nan,,CurationIssue.rdkit_failed
None,,nan,,CurationIssue.rdkit_failed
None,DICUMAROL,nan,,CurationIssue.rdkit_failed
None,,nan,,CurationIssue.rdkit_failed
None,,nan,,CurationIssue.rdkit_failed
None,,nan,,CurationIssue.rdkit_failed
None,,nan,,CurationIssue.rdkit_failed
None,,nan,,CurationIssue.rdkit_failed
None,,nan,,CurationIssue.rdkit_failed
None,,nan,,CurationIssue.rdkit_failed
None,,nan,,CurationIssue.rdkit_failed
O=C(Oc1ccccc1)N1CCC[C@@]2(CCN(c3ccccn3)C2)C1,CHEMBL1369863,1.0,CurationNote.canonical,
FC(F)(F)c1cccc(NC(=S)Nc2cccc(Cl)c2)c1,CHEMBL601616,0.0,CurationNote.canonical,
CCN(C(=O)Cc1ccccc1OC)c1nnc(-c2ccncc2)s1,CHEMBL1532991,1.0,CurationNote.canonical,
C[C@H](CO)NC(=O)[C@H](C)[C@@H]1C[C@@]1(C)[C@@H](NC(=O)OCc1ccccc1)c1ccccc1,CHEMBL1484006,0.0,CurationNote.canonical,
CC(=O)N1CCC2(CC1)CCN(C(c1ccccc1)c1ccccc1)CC2,CHEMBL1534734,1.0,CurationNote.canonical,
COc1ccc(/C=N/NC(=O)Cc2csc(Nc3cccc(C(F)(F)F)c3)n2)c(OC)c1,CHEMBL3209319,0.0,CurationNote.canonical,
Cc1cccc(NC(=O)c2ccc(Cn3cc(C(F)(F)F)ccc3=O)cc2)c1,CHEMBL1547741,0.0,CurationNote.canonical,
CN(C)C(CNC(=O)NC1CCCCC1)c1cccnc1,CHEMBL1398707,0.0,CurationNote.canonical,
S=C(S)NCCCn1ccnc1,CHEMBL1368773,1.0,CurationNote.canonical,
O=C(c1csnn1)N1CCC2(CC1)CCN(C(c1ccccc1)c1ccccc1)CC2,CHEMBL1566552,1.0,CurationNote.canonical,
COc1cc(CNCCc2ccccc2)ccc1OCC(=O)NC(C)(C)C.Cl,CHEMBL1362021,1.0,CurationNote.canonical,CurationIssue.mixture
COc1cc(N[C@@H](C)CCCN)c2ncccc2c1,CHEMBL249843,1.0,CurationNote.canonical,
Clc1ccc([C@H](Cn2ccnc2)OCc2csc3c(Cl)cccc23)c(Cl)c1,CHEMBL1410877,1.0,CurationNote.canonical,
COc1cccc(OC)c1OCCCCN1CCCC1,CHEMBL1392935,0.0,CurationNote.canonical,
CCc1ccc(NC(=S)N2CCN(c3cccc(C(F)(F)F)c3)CC2)cc1,CHEMBL1489961,1.0,CurationNote.canonical,
Nc1nn2c(O)cc(-c3ccccc3)nc2c1N=Nc1ccccc1,CHEMBL1573813,0.0,CurationNote.canonical,
C[C@@H]1CNCCN1S(=O)(=O)c1cccc2cnccc12,CHEMBL1318551,0.0,CurationNote.canonical,CurationIssue.disagreeing_duplicate
c1cc(CN2CCCC3(CCNCC3)C2)ccn1,CHEMBL1441287,0.0,CurationNote.canonical,
COc1ccccc1N1CCN(C[C@@H](O)COc2cccc3ccccc23)CC1,CHEMBL1446968,1.0,CurationNote.canonical,CurationIssue.duplicate
c1ccc2cc(NCNc3ccc4ccccc4c3)ccc2c1,CHEMBL1486304,1.0,CurationNote.canonical,
CCNc1ncc2nc(-c3cc(F)cc(F)c3)c(=O)n(-c3ccc(OC)cc3)c2n1,CHEMBL1605510,1.0,CurationNote.canonical,
Clc1cccc(Cl)c1NC1=NCCN1,CHEMBL134,1.0,CurationNote.canonical,CurationIssue.duplicate
CNC(=O)[C@@H]1O[C@@H](n2cnc3c(NCc4ccc(I)cc4)nc(Cl)nc32)[C@H](O)[C@@H]1O,CHEMBL1479263,0.0,CurationNote.canonical,
O=C(NCc1cccc(C(F)(F)F)c1)c1cc(Cl)cc(Cl)c1,CHEMBL1392232,0.0,CurationNote.canonical,
O=C(CC(=O)c1ccccc1)O[C@H]1CN2CCC1CC2,CHEMBL1486947,1.0,CurationNote.canonical,
CN(C)Cc1ccccc1-c1ccc2ncnc(NCc3ccccc3)c2c1,CHEMBL492130,1.0,CurationNote.canonical,
c1csc(CNc2ncncc2-c2ccc3c(c2)OCO3)c1,CHEMBL1557048,1.0,CurationNote.canonical,
CN1CCc2cc3c(cc2[C@@H]1O)OCO3,CHEMBL1398315,1.0,CurationNote.canonical,
CCCCCCCCC(=O)N/N=C/c1cccc(Br)c1,CHEMBL3207645,1.0,CurationNote.canonical,
None,,nan,,CurationIssue.rdkit_failed
None,,nan,,CurationIssue.rdkit_failed
None,,nan,,CurationIssue.rdkit_failed
None,,nan,,CurationIssue.rdkit_failed
None,,nan,,CurationIssue.rdkit_failed
None,,nan,,CurationIssue.rdkit_failed
None,,nan,,CurationIssue.rdkit_failed
None,,nan,,CurationIssue.rdkit_failed
None,,nan,,CurationIssue.rdkit_failed
CC(=O)N1CCC2(CCCN(Cc3nccs3)C2)CC1,CHEMBL1525767,0.0,CurationNote.canonical,
None,,nan,,CurationIssue.rdkit_failed
O=C(COC(=O)c1ccccc1Nc1ccc(SC(F)F)cc1)NCc1ccco1,CHEMBL1519953,1.0,CurationNote.canonical,
None,,nan,,CurationIssue.rdkit_failed
None,,nan,,CurationIssue.rdkit_failed
None,,nan,,CurationIssue.rdkit_failed
None,,nan,,CurationIssue.rdkit_failed
None,,nan,,CurationIssue.rdkit_failed
None,,nan,,CurationIssue.rdkit_failed
CCN(CC)c1ccc(/C=N/NC(=S)NCc2ccccc2)cc1,CHEMBL3195611,1.0,CurationNote.canonical,
None,,nan,,CurationIssue.rdkit_failed
O=C(c1cnccn1)N1CCC2(CCCN(C(c3ccccc3)c3ccccc3)C2)CC1,CHEMBL1475620,1.0,CurationNote.canonical,
c1ccc(CSCCc2ccncc2)cc1,CHEMBL1529804,1.0,CurationNote.canonical,
CCOc1c2ccc(C(=O)N[C@H](C)C3CCCCC3)cc2nn1CC,CHEMBL1342399,1.0,CurationNote.canonical,
CC(C)C[C@H](N)CSSC[C@@H](N)CC(C)C,CHEMBL1396743,1.0,CurationNote.canonical,
CCCN(CCc1ccccc1)[C@H]1CCc2c(O)cccc2C1,CHEMBL612083,1.0,CurationNote.canonical,
None,,nan,,CurationIssue.rdkit_failed
CCCN1C(=O)C(Cc2nc3ccccc3c(=O)n2C)c2ccccc21,CHEMBL1352421,0.0,CurationNote.canonical,
O=C(N/N=C/c1c[nH]c2ccccc12)c1ccn(Cc2ccc(Cl)cc2Cl)n1,CHEMBL3210053,1.0,CurationNote.canonical,
Cc1ccc(C2NC(c3ccc(C)cc3)C(C)C(=NO)C2C)cc1,CHEMBL1308401,1.0,CurationNote.canonical,
None,,nan,,CurationIssue.rdkit_failed
None,,nan,,CurationIssue.rdkit_failed
None,,nan,,CurationIssue.rdkit_failed
None,,nan,,CurationIssue.rdkit_failed
CC(C)CN1CCC2(CC1)CCN(C(=O)c1csnn1)CC2,CHEMBL1435540,1.0,CurationNote.canonical,
None,,nan,,CurationIssue.rdkit_failed
None,,nan,,CurationIssue.rdkit_failed
None,,nan,,CurationIssue.rdkit_failed
None,,nan,,CurationIssue.rdkit_failed
None,,nan,,CurationIssue.rdkit_failed
None,,nan,,CurationIssue.rdkit_failed
None,,nan,,CurationIssue.rdkit_failed
None,,nan,,CurationIssue.rdkit_failed
None,,nan,,CurationIssue.rdkit_failed
None,,nan,,CurationIssue.rdkit_failed
None,,nan,,CurationIssue.rdkit_failed
CC1=NN=C(c2ccc(N)cc2)c2cc3c(cc2C1)OCO3,CHEMBL275006,0.0,CurationNote.canonical,CurationIssue.disagreeing_duplicate
CCCCOc1ccc(CC(=O)NO)cc1,CHEMBL94394,1.0,CurationNote.canonical,
Clc1cccc(Nc2ncnc3ccc(Br)cc23)c1,CHEMBL1079374,0.0,CurationNote.canonical,
CN1CCN(C(=O)c2ccc(COc3ccc(C(C)(C)C)cc3)o2)CC1,CHEMBL1389262,1.0,CurationNote.canonical,
O=C(CN(Cc1ccco1)C(=O)c1cccc(Cl)c1)Nc1c(Cl)cc(Cl)cc1Cl,CHEMBL1558574,1.0,CurationNote.canonical,
CC(Oc1ccc(Cl)cc1)c1ccnn1S(=O)(=O)c1ccccc1,CHEMBL1345528,0.0,CurationNote.canonical,
CCCCCOC(=O)c1c(N)n(CCOC)c2nc3ccccc3nc12,CHEMBL1359620,0.0,CurationNote.canonical,
CCCS(=O)(=O)N1CCCC(C(=O)NCCCN2CCN(c3ccc(F)cc3)CC2)C1,CHEMBL1482011,1.0,CurationNote.canonical,
CN(N=O)C(=O)NC1C(O)OC(CO)C(O)C1O,CHEMBL163484,0.0,CurationNote.canonical,
O=S1(=O)N(CCN2CC=C(c3c[nH]c4cc(F)ccc34)CC2)c2cccc3c2N1CCC3,CHEMBL1079460,1.0,CurationNote.canonical,
Cc1ccc(C)c(NC(=O)NCc2ccc(Cl)cc2)c1,CHEMBL1408954,1.0,CurationNote.canonical,
CCc1ccc(CSc2nccn2-c2ccccc2)cc1,CHEMBL1352020,0.0,CurationNote.canonical,CurationIssue.inorganic
O=C(NCCN1CCCCC1)c1ccc(I)cc1,CHEMBL1601095,1.0,CurationNote.canonical,
CN(C)CCCN1c2ccccc2CCc2ccccc21,CHEMBL11,0.0,CurationNote.canonical,CurationIssue.duplicate
O=C(NCCCN1CCCCCC1)[C@@H](c1ccccc1)C1CCCCC1,CHEMBL1593096,1.0,CurationNote.canonical,
CN(Cc1cc(C(C)(C)C)cc(Br)c1O)Cc1cc(C(C)(C)C)cc(Br)c1O,CHEMBL1516622,1.0,CurationNote.canonical,
None,,nan,,CurationIssue.rdkit_failed
None,,nan,,CurationIssue.rdkit_failed
None,,nan,,CurationIssue.rdkit_failed
CC(C)c1ccc(NC(=O)N(CCc2nc3ccccc3[nH]2)C2CCCC2)cc1,CHEMBL1378959,1.0,CurationNote.canonical,
COc1ccccc1CNc1ncnc2ccc(-c3cccc(NS(C)(=O)=O)c3)cc12,CHEMBL495068,0.0,CurationNote.canonical,
O=C(c1ccco1)N1CCC2(CC1)CCN(c1ccccn1)CC2,CHEMBL1397009,1.0,CurationNote.canonical,
CO[C@H]1C=C2CCN(C)[C@@H]2[C@@H]2c3cc4c(cc3C(=O)O[C@@H]12)OCO4,CHEMBL1358539,1.0,CurationNote.canonical,
None,,nan,,CurationIssue.rdkit_failed
None,,nan,,CurationIssue.rdkit_failed
None,,nan,,CurationIssue.rdkit_failed
None,,nan,,CurationIssue.rdkit_failed
None,,nan,,CurationIssue.rdkit_failed
None,,nan,,CurationIssue.rdkit_failed
COc1ccc(CNc2cc(-c3ccccc3Cl)ncn2)c(OC)c1,CHEMBL1322757,0.0,CurationNote.canonical,
None,PYRITHYLDIONE,nan,,CurationIssue.rdkit_failed
None,,nan,,CurationIssue.rdkit_failed
None,,nan,,CurationIssue.rdkit_failed
None,,nan,,CurationIssue.rdkit_failed
None,,nan,,CurationIssue.rdkit_failed
None,,nan,,CurationIssue.rdkit_failed
None,,nan,,CurationIssue.rdkit_failed
None,(S)-NIPECOTIC ACID,nan,,CurationIssue.rdkit_failed
None,,nan,,CurationIssue.rdkit_failed
None,,nan,,CurationIssue.rdkit_failed
None,,nan,,CurationIssue.rdkit_failed
COc1ccc2nc3c(c(-c4ccccc4)c2c1)CCC3,CHEMBL1409547,0.0,CurationNote.canonical,
CC(=O)Nc1ccc(S(=O)(=O)N2CCC(N(C)CCC(C)C)CC2)cc1.Cl,CHEMBL1741807,1.0,CurationNote.canonical,CurationIssue.mixture
Cc1cnc(CNc2ncnc3ccc(-c4ccc5c(c4)OCO5)cc23)cn1,CHEMBL1552277,0.0,CurationNote.canonical,
None,,nan,,CurationIssue.rdkit_failed
None,,nan,,CurationIssue.rdkit_failed
None,,nan,,CurationIssue.rdkit_failed
None,,nan,,CurationIssue.rdkit_failed
None,BUMETANIDE,nan,,CurationIssue.rdkit_failed
None,,nan,,CurationIssue.rdkit_failed
None,,nan,,CurationIssue.rdkit_failed
None,,nan,,CurationIssue.rdkit_failed
None,,nan,,CurationIssue.rdkit_failed
None,LIDOCAINE,nan,,CurationIssue.rdkit_failed
None,,nan,,CurationIssue.rdkit_failed
None,,nan,,CurationIssue.rdkit_failed
None,,nan,,CurationIssue.rdkit_failed
None,,nan,,CurationIssue.rdkit_failed
None,,nan,,CurationIssue.rdkit_failed
None,,nan,,CurationIssue.rdkit_failed
None,,nan,,CurationIssue.rdkit_failed
O=C(O)c1c(Cl)c(Cl)c(Cl)c(Cl)c1C(=O)Nc1ccc2cn[nH]c2c1,CHEMBL471226,1.0,CurationNote.canonical,
None,,nan,,CurationIssue.rdkit_failed
None,,nan,,CurationIssue.rdkit_failed
None,,nan,,CurationIssue.rdkit_failed
None,,nan,,CurationIssue.rdkit_failed
None,CLIOQUINOL,nan,,CurationIssue.rdkit_failed
None,,nan,,CurationIssue.rdkit_failed
None,,nan,,CurationIssue.rdkit_failed
None,,nan,,CurationIssue.rdkit_failed
None,,nan,,CurationIssue.rdkit_failed
None,,nan,,CurationIssue.rdkit_failed
None,,nan,,CurationIssue.rdkit_failed
None,,nan,,CurationIssue.rdkit_failed
CCN(CC)CCNC(=O)Cn1nc(-c2ccc(C)cc2)ccc1=O,CHEMBL1311417,0.0,CurationNote.canonical,
None,,nan,,CurationIssue.rdkit_failed
None,PIROMIDIC ACID,nan,,CurationIssue.rdkit_failed
None,,nan,,CurationIssue.rdkit_failed
None,,nan,,CurationIssue.rdkit_failed
None,,nan,,CurationIssue.rdkit_failed
None,,nan,,CurationIssue.rdkit_failed
None,,nan,,CurationIssue.rdkit_failed
CN(C)CCOC(c1ccccc1)c1ccccc1,CHEMBL657,0.0,CurationNote.canonical,CurationIssue.duplicate
O=S(=O)(c1ccccc1)N1CCC2(CC1)CN(Cc1ccccc1)C2,CHEMBL1493168,1.0,CurationNote.canonical,
CCOC(=O)c1sc(NC(=O)CSc2n[nH]c(-c3ccc(Cl)cc3Cl)n2)c(C#N)c1C,CHEMBL1369693,0.0,CurationNote.canonical,CurationIssue.inorganic
Fc1ccc(C2CC(c3ccco3)=NN2c2ccccc2)cc1,CHEMBL1589124,1.0,CurationNote.canonical,
None,,nan,,CurationIssue.rdkit_failed
COC(=O)[C@@H]1C[C@H]1[C@@H](NC(=O)c1cc(C)nn1C)c1ccccc1,CHEMBL1355367,0.0,CurationNote.canonical,
None,,nan,,CurationIssue.rdkit_failed
N#Cc1cccc(-c2cncnc2-n2ccnc2)c1,CHEMBL1314288,0.0,CurationNote.canonical,
None,,nan,,CurationIssue.rdkit_failed
None,,nan,,CurationIssue.rdkit_failed
CCCN(CC1CC1)c1nc(C)nc(Nc2c(Cl)cc(Cl)cc2Cl)c1Cl,CHEMBL45281,1.0,CurationNote.canonical,
None,,nan,,CurationIssue.rdkit_failed
CC[C@]1(C2=NCCN2)Cc2ccccc2O1,CHEMBL1357517,0.0,CurationNote.canonical,CurationIssue.disagreeing_duplicate
None,,nan,,CurationIssue.rdkit_failed
None,,nan,,CurationIssue.rdkit_failed
None,ISOSPAGLUMIC ACID,nan,,CurationIssue.rdkit_failed
None,,nan,,CurationIssue.rdkit_failed
None,,nan,,CurationIssue.rdkit_failed
None,,nan,,CurationIssue.rdkit_failed
None,,nan,,CurationIssue.rdkit_failed
None,,nan,,CurationIssue.rdkit_failed
None,,nan,,CurationIssue.rdkit_failed
None,,nan,,CurationIssue.rdkit_failed
None,,nan,,CurationIssue.rdkit_failed
None,,nan,,CurationIssue.rdkit_failed
None,,nan,,CurationIssue.rdkit_failed
None,,nan,,CurationIssue.rdkit_failed
None,,nan,,CurationIssue.rdkit_failed
None,,nan,,CurationIssue.rdkit_failed
None,,nan,,CurationIssue.rdkit_failed
None,,nan,,CurationIssue.rdkit_failed
None,,nan,,CurationIssue.rdkit_failed
None,,nan,,CurationIssue.rdkit_failed
None,,nan,,CurationIssue.rdkit_failed
None,,nan,,CurationIssue.rdkit_failed
None,,nan,,CurationIssue.rdkit_failed
None,,nan,,CurationIssue.rdkit_failed
None,,nan,,CurationIssue.rdkit_failed
None,,nan,,CurationIssue.rdkit_failed
None,,nan,,CurationIssue.rdkit_failed
None,,nan,,CurationIssue.rdkit_failed
None,,nan,,CurationIssue.rdkit_failed
None,,nan,,CurationIssue.rdkit_failed
None,,nan,,CurationIssue.rdkit_failed
None,,nan,,CurationIssue.rdkit_failed
None,,nan,,CurationIssue.rdkit_failed
None,,nan,,CurationIssue.rdkit_failed
None,FLUCYTOSINE,nan,,CurationIssue.rdkit_failed
None,,nan,,CurationIssue.rdkit_failed
None,,nan,,CurationIssue.rdkit_failed
COc1ccc(CNc2ccnc(-c3c(C)noc3C)n2)c(OC)c1,CHEMBL1553173,0.0,CurationNote.canonical,
COCCCNC(=O)c1ccc2c(=O)n(CC3CCCO3)c(=S)[nH]c2c1,CHEMBL1505600,1.0,CurationNote.canonical,
FC(F)(F)c1cc(CN2CCCC3(CCNCC3)C2)cc(C(F)(F)F)c1,CHEMBL1396975,0.0,CurationNote.canonical,
CCc1ccccc1N=C(S)NCc1ccc2c(c1)OCO2,CHEMBL1494296,1.0,CurationNote.canonical,
Nc1c[n+](N2CCOCC2)no1,CHEMBL1594149,1.0,CurationNote.canonical,
Nc1nc(SC/C=C\c2ccccc2)c2nc[nH]c2n1,CHEMBL1441222,1.0,CurationNote.canonical,
Cc1cccc(NC(=O)CC2Nc3cccc4cccc(c34)NC2=O)c1,CHEMBL1562047,0.0,CurationNote.canonical,
CO[C@@H]1COC(=O)[C@@H](OCc2ccccc2)/C=C\[C@H](C)[C@@H](OC)COC(=O)[C@H]2CCCN2C(=O)C/C=C\[C@H]1C,CHEMBL1527579,1.0,CurationNote.canonical,
CC1CCc2cc(F)ccc2N1C(=O)CSc1n[nH]c2c3cc(F)ccc3nc-2n1,CHEMBL1445889,0.0,CurationNote.canonical,CurationIssue.inorganic
c1ccc(CNc2nc(-c3cccnc3)nc3ccccc23)cc1,CHEMBL119841,0.0,CurationNote.canonical,
COC(=O)C1=C(NC(=O)c2ccc(C)c(C)c2)CCS1,CHEMBL1578674,0.0,CurationNote.canonical,
CC(C)(C)[C@@]1(O)CCN2C[C@@H]3c4ccccc4CCc4cccc(c43)[C@@H]2C1,CHEMBL1496514,1.0,CurationNote.canonical,
None,,nan,,CurationIssue.rdkit_failed
CN(C)c1ccc(/N=C/C=C2\N(C)c3ccccc3C2(C)C)cc1,CHEMBL3198955,1.0,CurationNote.canonical,
O=C(c1cccc(F)c1)N1CCC[C@@]2(CCN(Cc3ccccc3)C2)C1,CHEMBL1317163,1.0,CurationNote.canonical,
O=C(O)c1ccc2c(c1)C(=O)N(C(Cc1ccc(O)cc1)C(=O)O)C2=O,CHEMBL258538,1.0,CurationNote.canonical,
None,,nan,,CurationIssue.rdkit_failed
O=C(NCCc1ccc(Cl)cc1)c1nc[nH]n1,CHEMBL1462781,0.0,CurationNote.canonical,
None,,nan,,CurationIssue.rdkit_failed
COC(=O)N1CCC2(CCN(C(=O)Nc3cccc(C#N)c3)CC2)CC1,CHEMBL1317244,1.0,CurationNote.canonical,
None,,nan,,CurationIssue.rdkit_failed
None,,nan,,CurationIssue.rdkit_failed
None,,nan,,CurationIssue.rdkit_failed
None,MELEVODOPA,nan,,CurationIssue.rdkit_failed
None,,nan,,CurationIssue.rdkit_failed
None,,nan,,CurationIssue.rdkit_failed
None,,nan,,CurationIssue.rdkit_failed
None,,nan,,CurationIssue.rdkit_failed
None,,nan,,CurationIssue.rdkit_failed
None,,nan,,CurationIssue.rdkit_failed
None,,nan,,CurationIssue.rdkit_failed
None,,nan,,CurationIssue.rdkit_failed
None,,nan,,CurationIssue.rdkit_failed
None,,nan,,CurationIssue.rdkit_failed
None,,nan,,CurationIssue.rdkit_failed
Cc1ccc(C(=N)Nc2ccccc2)cc1,CHEMBL1327187,1.0,CurationNote.canonical,
None,,nan,,CurationIssue.rdkit_failed
O=C(Cc1ccc(-n2c(=O)[nH]c3ccccc3c2=O)cc1)N1CCN(c2cccc(Cl)c2)CC1,CHEMBL1493861,0.0,CurationNote.canonical,
FC(F)(F)c1cc(Sc2ccccc2)nc(-c2ccccn2)n1,CHEMBL1307201,0.0,CurationNote.canonical,CurationIssue.inorganic
COc1c2occc2c(OC)c2c(=O)cc(C)oc12,CHEMBL44746,1.0,CurationNote.canonical,
COC(=O)c1[nH]c2ccc(Br)cc2c1NC(=O)CN1CCN(C2CCCCC2)CC1,CHEMBL1497812,1.0,CurationNote.canonical,
COC(=O)[C@@]1(Cc2ccccc2)[C@H]2c3cc(C(=O)N(C)C)n(Cc4cc(F)c(F)c(F)c4)c3C[C@H]2CN1C(=O)c1ccccc1,CHEMBL1328533,0.0,CurationNote.canonical,
None,,nan,,CurationIssue.rdkit_failed
None,,nan,,CurationIssue.rdkit_failed
None,,nan,,CurationIssue.rdkit_failed
None,,nan,,CurationIssue.rdkit_failed
None,,nan,,CurationIssue.rdkit_failed
None,,nan,,CurationIssue.rdkit_failed
None,,nan,,CurationIssue.rdkit_failed
None,,nan,,CurationIssue.rdkit_failed
None,,nan,,CurationIssue.rdkit_failed
None,,nan,,CurationIssue.rdkit_failed
None,,nan,,CurationIssue.rdkit_failed
None,,nan,,CurationIssue.rdkit_failed
None,,nan,,CurationIssue.rdkit_failed
None,,nan,,CurationIssue.rdkit_failed
None,DNQX,nan,,CurationIssue.rdkit_failed
None,,nan,,CurationIssue.rdkit_failed
None,,nan,,CurationIssue.rdkit_failed
None,,nan,,CurationIssue.rdkit_failed
None,,nan,,CurationIssue.rdkit_failed
None,,nan,,CurationIssue.rdkit_failed
None,,nan,,CurationIssue.rdkit_failed
Cc1cc(C(F)F)n2ncc(C(=O)NCc3ccccc3C(F)(F)F)c2n1,CHEMBL1555581,1.0,CurationNote.canonical,
O=C(Nc1ccc(Cl)cc1C(F)(F)F)c1ccc(Cl)cc1,CHEMBL1313170,1.0,CurationNote.canonical,
COc1ccccc1CNc1cc(-c2ccccc2C)ncn1,CHEMBL1591673,0.0,CurationNote.canonical,
None,,nan,,CurationIssue.rdkit_failed
None,,nan,,CurationIssue.rdkit_failed
None,,nan,,CurationIssue.rdkit_failed
None,,nan,,CurationIssue.rdkit_failed
None,,nan,,CurationIssue.rdkit_failed
None,,nan,,CurationIssue.rdkit_failed
None,,nan,,CurationIssue.rdkit_failed
None,,nan,,CurationIssue.rdkit_failed
None,LINSIDOMINE,nan,,CurationIssue.rdkit_failed
None,,nan,,CurationIssue.rdkit_failed
None,,nan,,CurationIssue.rdkit_failed
None,,nan,,CurationIssue.rdkit_failed
None,,nan,,CurationIssue.rdkit_failed
None,,nan,,CurationIssue.rdkit_failed
COc1cc(C=O)ccc1OCCOCCOc1ccccc1Cl,CHEMBL1398669,0.0,CurationNote.canonical,
c1ccc(Nc2ncnc3ccc(-c4ccoc4)cc23)cc1,CHEMBL1322756,0.0,CurationNote.canonical,
C[C@@H](C(=O)NCCc1c[nH]c2ccccc12)[C@H]1C[C@]1(C)[C@H](NC(=O)OCc1ccccc1)c1ccccc1,CHEMBL1331634,1.0,CurationNote.canonical,
COc1ccccc1CCn1c(=O)c(CCc2ccccc2)nc2cncnc21,CHEMBL1396792,0.0,CurationNote.canonical,
COc1ncc2nc(CCc3ccccc3)c(=O)n(CCC#N)c2n1,CHEMBL1437713,0.0,CurationNote.canonical,
C(=N/N1CCN(C2c3ccccc3-c3ccccc32)CC1)\c1cccnc1,CHEMBL3194920,1.0,CurationNote.canonical,
CC[C@H](Oc1ccc(Cl)cc1)C(=O)OC1C[C@@H]2CC[C@H](C1)N2C,CHEMBL1553498,1.0,CurationNote.canonical,
CN(C)Cc1ccccc1-c1nccc(N(C)Cc2ccco2)n1,CHEMBL1592212,1.0,CurationNote.canonical,
CSc1ccc2c(c1)c(CCN)c(C)n2Cc1ccccc1Cl,CHEMBL188641,1.0,CurationNote.canonical,CurationIssue.inorganic
O=c1c(-c2cc(F)cc(F)c2)nc2cnc(N3CCNCC3)nc2n1CCc1ccccc1,CHEMBL1559279,0.0,CurationNote.canonical,
Cn1cnc2c(NCc3ccccc3)nc(NCCO)nc21,CHEMBL280074,1.0,CurationNote.canonical,
FC(F)(F)c1ccccc1-c1cc(NCCN2CCOCC2)ncn1,CHEMBL1358342,0.0,CurationNote.canonical,
O=C(O)CN1CCN(Cc2ccccc2Cl)C1=O,CHEMBL1413654,0.0,CurationNote.canonical,
CC(=O)Nc1sc2c(c1CN1CCN(C)CC1)CCCC2,CHEMBL1742246,0.0,CurationNote.canonical,
Clc1ccccc1CN1CCc2sccc2C1,CHEMBL833,1.0,CurationNote.canonical,
CN(C)S(=O)(=O)c1ccc2c(c1)/C(=C/c1cc3c([nH]1)CCCC3)C(=O)N2,CHEMBL605003,0.0,CurationNote.canonical,
O=c1oc(Cl)c(Cl)c2ccccc12,CHEMBL24983,0.0,CurationNote.canonical,
CC1(C)CC(NCc2ccc3c(c2)OCO3)CCO1,CHEMBL1447248,1.0,CurationNote.canonical,
O=C(Nc1ccc2[nH]c(-c3ccc(Br)o3)nc2c1)c1ccco1,CHEMBL1538611,1.0,CurationNote.canonical,
CN1CCN(c2ncc3nc(-c4cn(C)c5ccccc45)c(=O)n(CCC#N)c3n2)CC1,CHEMBL1325335,0.0,CurationNote.canonical,
OC(Cc1nc2ccccc2[nH]1)c1ccccc1Cl,CHEMBL1450942,1.0,CurationNote.canonical,
Nc1c2c(=O)oc(-c3ccccc3)cc2nn1-c1ccccc1,CHEMBL1543685,1.0,CurationNote.canonical,
Cc1ccc(C)n1CCN1CCN(CC(=O)Nc2cc(C(F)(F)F)ccc2Cl)CC1,CHEMBL1381896,0.0,CurationNote.canonical,
CCc1cc(Cl)c(OC)c(C(=O)NC[C@@H]2CCCN2CC)c1O,CHEMBL8946,1.0,CurationNote.canonical,
Cc1cccc(NC(=O)CSc2nc3ccccc3c3nc(CCc4c(C)n[nH]c4C)nn23)c1,CHEMBL1557947,1.0,CurationNote.canonical,CurationIssue.inorganic
CC(C)c1cccc2c([Si](C)(C)C)c3c(nc12)-c1cccc(=O)n1C3,CHEMBL1356628,0.0,CurationNote.canonical,CurationIssue.inorganic
O=C(Nc1cccc(C(F)(F)F)c1)C1CCCN1S(=O)(=O)c1cccc2cccnc12,CHEMBL1535022,0.0,CurationNote.canonical,
Cl.c1ccc2c(c1)oc1c(NCCCn3ccnc3)ncnc12,CHEMBL1402633,1.0,CurationNote.canonical,CurationIssue.mixture
Cn1c(CC(=O)Nc2ccc(Cl)c(Cl)c2)nnc1SCC(=O)N1CCN(c2ccccc2)CC1,CHEMBL1351689,0.0,CurationNote.canonical,
CCOCCn1c(CN(Cc2ccccc2)Cc2ccccc2)nc2c1c(=O)[nH]c(=O)n2C,CHEMBL1337617,0.0,CurationNote.canonical,
COc1ccccc1-n1c(SCC(=O)Nc2ccccc2F)nc2nncc-2c1O,CHEMBL1335579,1.0,CurationNote.canonical,
C[C@@H](COc1ccc(/C=C\c2ccccc2)cc1)[N+](C)(C)C,CHEMBL1433276,1.0,CurationNote.canonical,
Cn1c(CCN2CCCCC2)nc2cc([N+](=O)[O-])ccc21,CHEMBL1603469,0.0,CurationNote.canonical,
COc1cccc(CNCCNC(=O)c2nonc2N)c1.Cl,CHEMBL1392154,1.0,CurationNote.canonical,CurationIssue.mixture
COc1ccc(/C(O)=C(\C#N)c2nc3ccccc3n2C)cc1OC,CHEMBL3208184,1.0,CurationNote.canonical,
O=C(CN(CC1CCCO1)C(=O)CNS(=O)(=O)c1ccc(Cl)cc1)NCCc1ccccc1,CHEMBL1320471,0.0,CurationNote.canonical,
COCCCN=C(S)NC1CC2CCCC(C1)N2Cc1cccs1,CHEMBL1542082,1.0,CurationNote.canonical,
C#CCCCC(=O)Nc1ccccc1,CHEMBL1399301,0.0,CurationNote.canonical,
Cc1cc2ccccc2c[n+]1CC(O)C[n+]1cc2ccccc2cc1C,CHEMBL1516485,1.0,CurationNote.canonical,
COc1ccc(C[C@H](O)CN2CCOCC2)cc1,CHEMBL1494218,1.0,CurationNote.canonical,
COc1ccc(C(=O)N2CCC3(CCCN(Cc4ccccc4OC)C3)CC2)cc1,CHEMBL1335465,0.0,CurationNote.canonical,
CCCN1C(=O)C(NC(C)=O)c2cc(OC)ccc21,CHEMBL1301946,1.0,CurationNote.canonical,
Cl.OC(COc1ccc(OCC(O)CN2CCCCCC2)cc1)CN1CCCCCC1,CHEMBL1347945,0.0,CurationNote.canonical,CurationIssue.mixture
COC(=O)C1=CO[C@@H](C)[C@H]2CN3CCc4c([nH]c5ccccc45)[C@@H]3C[C@H]12,CHEMBL123325,1.0,CurationNote.canonical,
CCCC(=O)Nc1ccc(N2CCN(CC)CC2)c(Cl)c1.Cl,CHEMBL1505568,0.0,CurationNote.canonical,CurationIssue.mixture
c1cc2c3c(c1)c1c(n3CCNC2)CCCC1,CHEMBL258465,1.0,CurationNote.canonical,
Cc1ccc(NC(S)=Nc2nc(CC(=O)Nc3ccccc3)cs2)cc1,CHEMBL1461873,1.0,CurationNote.canonical,
COc1cc(CNCCO)cc(Br)c1OCc1ccccc1Cl.Cl,CHEMBL1508951,0.0,CurationNote.canonical,CurationIssue.mixture
COc1ncc2nc(-c3cn(C)c4ccccc34)c(=O)n(CCc3ccccc3)c2n1,CHEMBL1433687,0.0,CurationNote.canonical,
C[C@@H](Cc1ccc(OCC(=O)[O-])cc1)NC[C@H](O)c1cccc(Cl)c1.[Na+],CHEMBL1357401,0.0,CurationNote.canonical,CurationIssue.mixture
COc1ccccc1CNc1ccnc(-c2c(C)noc2C)n1,CHEMBL1516005,0.0,CurationNote.canonical,
COC(=O)c1cc(OC)ccc1-c1ccc(OC)cc1,CHEMBL1573783,0.0,CurationNote.canonical,
O=S(=O)(c1ccccc1)N1CCC[C@@]2(CCN(Cc3nccs3)C2)C1,CHEMBL1477727,1.0,CurationNote.canonical,
Cc1cnc(CNc2ncnc3ccc(-c4ccoc4)cc23)cn1,CHEMBL1480219,0.0,CurationNote.canonical,
Fc1ccccc1N=C(S)NCCc1ccccc1,CHEMBL1450689,0.0,CurationNote.canonical,
CC(=O)O.COc1cc(C)cc2c(-c3c(O)cc(O)c4c3C[C@H](C)N[C@@H]4C)cc(-c3cc(-c4c(O)cc(O)c5c4C[C@H](C)N[C@@H]5C)c4cc(C)cc(OC)c4c3O)c(O)c12,CHEMBL1445817,1.0,CurationNote.canonical,CurationIssue.mixture
CN(C)Cc1ccccc1-c1cncnc1Nc1ccccc1,CHEMBL1593592,0.0,CurationNote.canonical,
COc1cc(CNCc2cccs2)ccc1OCC(N)=O.Cl,CHEMBL1564816,1.0,CurationNote.canonical,CurationIssue.mixture
COc1ccc2c3c1O[C@@H]1C(=O)CC[C@@]4(O)[C@@H](C2)N(CC2CC2)CC[C@]314,CHEMBL1396553,1.0,CurationNote.canonical,
C[C@@H](COc1ccccc1)N(CCCl)Cc1ccccc1,CHEMBL1324405,1.0,CurationNote.canonical,
None,,nan,,CurationIssue.rdkit_failed
None,,nan,,CurationIssue.rdkit_failed
None,,nan,,CurationIssue.rdkit_failed
None,,nan,,CurationIssue.rdkit_failed
None,,nan,,CurationIssue.rdkit_failed
None,,nan,,CurationIssue.rdkit_failed
None,,nan,,CurationIssue.rdkit_failed
None,METHIMAZOLE,nan,,CurationIssue.rdkit_failed
None,,nan,,CurationIssue.rdkit_failed
None,,nan,,CurationIssue.rdkit_failed
None,,nan,,CurationIssue.rdkit_failed
None,,nan,,CurationIssue.rdkit_failed
None,,nan,,CurationIssue.rdkit_failed
CN(CCCl)Cc1cc(Cl)c(NC2=NCCN2)c(Cl)c1,CHEMBL326967,0.0,CurationNote.canonical,
CS(=O)(=O)N1CCC2(CCCN(Cc3ccncc3)C2)CC1,CHEMBL1435702,1.0,CurationNote.canonical,
c1ccc(C[C@@H](c2ccccc2)N2CCCCC2)cc1,CHEMBL467085,1.0,CurationNote.canonical,
COc1ccc(/C=C/C(=O)c2ccoc2)cc1,CHEMBL1426036,0.0,CurationNote.canonical,
O=C(Nn1cnc2ccccc2c1=O)c1ccc(F)cc1Cl,CHEMBL1380062,0.0,CurationNote.canonical,
CN=c1ccc(Br)cc(C(=O)/C=C/c2ccc3c(c2)OCO3)c1O,CHEMBL1564066,1.0,CurationNote.canonical,
Cc1ccc(N2C(=O)C(Cl)=C(NCc3ccccc3)C2=O)c(C)c1,CHEMBL1443798,0.0,CurationNote.canonical,
COc1ccc(CNc2ncnc3ccc(-c4ccc(C(=O)N(C)C)cc4)cc23)c(OC)c1,CHEMBL492611,0.0,CurationNote.canonical,
O=C(O)[C@@H]1C[C@@H](C(=O)O)CN1,CHEMBL349384,0.0,CurationNote.canonical,
O=C1CC(N2CCN(CCc3ccccn3)CC2)C(=O)N1c1ccc(Cl)cc1,CHEMBL1701206,0.0,CurationNote.canonical,
O=C(Cc1ccc(Cl)c(Cl)c1)N1CCCC[C@H]1CN1CCCC1,CHEMBL71294,1.0,CurationNote.canonical,
COc1ccc(CCNC(=O)COc2ccc(S(=O)(=O)NC3CCCCC3)cc2Cl)cc1,CHEMBL1549118,0.0,CurationNote.canonical,
None,,nan,,CurationIssue.rdkit_failed
None,,nan,,CurationIssue.rdkit_failed
None,,nan,,CurationIssue.rdkit_failed
None,,nan,,CurationIssue.rdkit_failed
O=C(NCCCN1CCOCC1)c1cc2c(s1)CSC2,CHEMBL1440663,1.0,CurationNote.canonical,
O=C(OC1CCN(CCCl)CC1)C(c1ccccc1)c1ccccc1,CHEMBL1362548,0.0,CurationNote.canonical,
CC(COc1ccccc1)NC(C)C(O)c1ccc(O)cc1,CHEMBL1197051,1.0,CurationNote.canonical,
CC1CCCN(CC(O)COCC2COc3ccccc3O2)C1.Cl,CHEMBL1422148,1.0,CurationNote.canonical,CurationIssue.mixture
None,,nan,,CurationIssue.rdkit_failed
None,,nan,,CurationIssue.rdkit_failed
None,,nan,,CurationIssue.rdkit_failed
None,,nan,,CurationIssue.rdkit_failed
None,,nan,,CurationIssue.rdkit_failed
None,,nan,,CurationIssue.rdkit_failed
None,,nan,,CurationIssue.rdkit_failed
None,,nan,,CurationIssue.rdkit_failed
None,,nan,,CurationIssue.rdkit_failed
None,GABOXADOL,nan,,CurationIssue.rdkit_failed
None,,nan,,CurationIssue.rdkit_failed
None,,nan,,CurationIssue.rdkit_failed
None,,nan,,CurationIssue.rdkit_failed
None,,nan,,CurationIssue.rdkit_failed
None,,nan,,CurationIssue.rdkit_failed
None,,nan,,CurationIssue.rdkit_failed
None,,nan,,CurationIssue.rdkit_failed
None,,nan,,CurationIssue.rdkit_failed
None,,nan,,CurationIssue.rdkit_failed
None,,nan,,CurationIssue.rdkit_failed
None,,nan,,CurationIssue.rdkit_failed
None,,nan,,CurationIssue.rdkit_failed
None,,nan,,CurationIssue.rdkit_failed
None,HYDROCHLOROTHIAZIDE,nan,,CurationIssue.rdkit_failed
None,,nan,,CurationIssue.rdkit_failed
None,,nan,,CurationIssue.rdkit_failed
None,,nan,,CurationIssue.rdkit_failed
None,,nan,,CurationIssue.rdkit_failed
None,,nan,,CurationIssue.rdkit_failed
None,,nan,,CurationIssue.rdkit_failed
None,,nan,,CurationIssue.rdkit_failed
None,ESATENOLOL,nan,,CurationIssue.rdkit_failed
None,,nan,,CurationIssue.rdkit_failed
None,,nan,,CurationIssue.rdkit_failed
CC(C)=CCC/C(C)=C/CO/N=C1/C[C@@H](O)[C@@H](O)[C@@H]2[C@@H]3C(=O)N(c4cccc(Oc5ccccc5)c4)C(=O)[C@H]3CC[C@@H]12,CHEMBL1395106,1.0,CurationNote.canonical,
None,,nan,,CurationIssue.rdkit_failed
None,,nan,,CurationIssue.rdkit_failed
None,,nan,,CurationIssue.rdkit_failed
None,,nan,,CurationIssue.rdkit_failed
None,,nan,,CurationIssue.rdkit_failed
None,,nan,,CurationIssue.rdkit_failed
None,,nan,,CurationIssue.rdkit_failed
None,,nan,,CurationIssue.rdkit_failed
FC(F)(F)c1nc(N2CCCC2)ncc1-c1nnnn1-c1ccccc1,CHEMBL1563992,0.0,CurationNote.canonical,
CCCCN(CC)Cc1ccc(CNC(=O)Nc2ccc(OC)cc2OC)o1,CHEMBL1463453,1.0,CurationNote.canonical,
COc1ccc(C(CC(=O)Nc2ccc(F)cc2)c2ccccc2)cc1,CHEMBL1533024,1.0,CurationNote.canonical,
FC(F)(F)c1ccccc1-c1nccc(NCc2cccs2)n1,CHEMBL1511986,0.0,CurationNote.canonical,
None,,nan,,CurationIssue.rdkit_failed
None,,nan,,CurationIssue.rdkit_failed
None,,nan,,CurationIssue.rdkit_failed
None,,nan,,CurationIssue.rdkit_failed
CCOC(=O)n1c(=O)n(Cc2ccccc2Cl)c2ccccc21,CHEMBL1708288,0.0,CurationNote.canonical,
C=CCN1CC[C@@]2(C)c3cc(O)ccc3C[C@H]1[C@H]2C,CHEMBL101510,1.0,CurationNote.canonical,CurationIssue.duplicate
Cc1ccc(NC(=O)c2sc3ccccc3c2Cl)nc1,CHEMBL1479296,1.0,CurationNote.canonical,
O=C1Oc2ccccc2C(=O)/C1=C\N1C(=O)N/C(=C\c2ccccc2O)C1=O,CHEMBL1473191,1.0,CurationNote.canonical,
NCCCCNS(=O)(=O)c1cccc2c(Cl)cccc12,CHEMBL250517,0.0,CurationNote.canonical,
O=C1Nc2ccccc2C(O)(C(=O)NCc2ccc3c(c2)OCO3)N1c1ccc(Cl)c(Cl)c1,CHEMBL1465070,1.0,CurationNote.canonical,
Cc1c(NC(C)C)c(=O)n(-c2ccccc2)n1C,CHEMBL157337,0.0,CurationNote.canonical,
None,,nan,,CurationIssue.rdkit_failed
None,,nan,,CurationIssue.rdkit_failed
None,,nan,,CurationIssue.rdkit_failed
None,,nan,,CurationIssue.rdkit_failed
None,,nan,,CurationIssue.rdkit_failed
None,TELENZEPINE,nan,,CurationIssue.rdkit_failed
None,HEXAMETHONIUM,nan,,CurationIssue.rdkit_failed
None,IPRONIAZID,nan,,CurationIssue.rdkit_failed
None,,nan,,CurationIssue.rdkit_failed
None,,nan,,CurationIssue.rdkit_failed
None,IOPAMIDOL,nan,,CurationIssue.rdkit_failed
None,,nan,,CurationIssue.rdkit_failed
None,,nan,,CurationIssue.rdkit_failed
None,,nan,,CurationIssue.rdkit_failed
F[B-](F)(F)F.OCC[NH+]=c1cc(-c2ccccc2)oc2ccc(Cl)cc12,CHEMBL1388158,1.0,CurationNote.canonical,CurationIssue.mixture
CCOc1ccc(C(=O)CN2CCN(S(=O)(=O)c3ccc(F)cc3)CC2)cc1,CHEMBL1444983,0.0,CurationNote.canonical,
Cc1c(C(=O)Nc2ccc(OC(F)(F)F)cc2)sc2nc3n(c(=O)c12)CCC3,CHEMBL1517550,0.0,CurationNote.canonical,
CN1CCc2cc(Br)c(O)cc2[C@H](c2ccccc2)C1,CHEMBL1473849,1.0,CurationNote.canonical,
COc1cccc(-c2cc(NCc3ccccc3OC)ncn2)c1,CHEMBL1558777,0.0,CurationNote.canonical,
N#C/C(=C\c1c[nH]c2ccccc12)C(=O)c1ccc(O)c(O)c1,CHEMBL68534,0.0,CurationNote.canonical,
CCN(CC)c1ccc(/C=N/N2CCN(Cc3ccc(C)cc3)CC2)c(O)c1,CHEMBL3209977,0.0,CurationNote.canonical,
COc1ccc2[nH]cc(CCNc3ncncc3-c3ccoc3)c2c1,CHEMBL1512708,1.0,CurationNote.canonical,
CC(=O)Nc1ccc(OC[C@@H](O)CNC(C)C)cc1,CHEMBL1358416,1.0,CurationNote.canonical,
CC(C)c1ccc(CN(C(=O)C2COc3ccccc3O2)C2CCS(=O)(=O)C2)cc1,CHEMBL1454463,0.0,CurationNote.canonical,
CC1CCN(CC(=O)N2c3ccccc3Sc3cc4ccccc4cc32)CC1,CHEMBL1489663,1.0,CurationNote.canonical,CurationIssue.inorganic
CC(=O)OC[C@@H]1O[C@@H](O/N=C2/C[C@@H](O)[C@@H](O)[C@H]3[C@@H]2CC[C@@H]2C(=O)N(C4CCCCC4)C(=O)[C@H]23)[C@H](OC(C)=O)[C@H](OC(C)=O)[C@@H]1OC(C)=O,CHEMBL1395504,1.0,CurationNote.canonical,
COc1cc(OC)c(NC(S)=Nc2cccc(C(C)=O)c2)cc1Cl,CHEMBL1450373,0.0,CurationNote.canonical,
CCn1c2ccccc2c2cc(NC(=O)CSc3nnc(-c4ccc(OC)c(OC)c4)n3N)ccc21,CHEMBL1460429,0.0,CurationNote.canonical,CurationIssue.inorganic
O=C(O)C1C2C=CC(O2)C1C(=O)NC1CCCc2ccccc21,CHEMBL1457049,0.0,CurationNote.canonical,
CN1CC(c2ccccn2)C2(SC(=S)N(Cc3ccccc3)C2=O)C12C(=O)Nc1ccccc12,CHEMBL1351231,0.0,CurationNote.canonical,
Cc1ccc(CN2CCN(Cc3ccc(C)o3)[C@@H](C)C2)o1,CHEMBL1363551,1.0,CurationNote.canonical,
N#CCSc1nc2ccc(N3CCCCC3)cc2c(=O)n1Cc1ccccc1,CHEMBL1305452,1.0,CurationNote.canonical,CurationIssue.inorganic
OCCN(CCO)c1nc(N2CCCCC2)c2nc(N(CCO)CCO)nc(N3CCCCC3)c2n1,CHEMBL932,1.0,CurationNote.canonical,
O=C(c1csnn1)N1CCC2(CCCN(c3ncccn3)C2)CC1,CHEMBL1355227,0.0,CurationNote.canonical,
C[C@@H](CN1c2ccccc2Sc2ccccc21)N(C)C,CHEMBL251904,1.0,CurationNote.canonical,CurationIssue.inorganic
CCS(=O)(=O)O.O[C@@H]1C[C@@H]2CC[C@H](C1)N2CCCN1c2ccccc2Sc2ccc(Cl)cc21,CHEMBL3349050,1.0,CurationNote.canonical,CurationIssue.mixture
NC(=O)N/N=C\c1ccc([N+](=O)[O-])o1,CHEMBL1591712,0.0,CurationNote.canonical,
Oc1[nH]c2ccccc2c1/C=N/c1nccs1,CHEMBL3190499,0.0,CurationNote.canonical,
O=C(c1ccncc1)N1CCC2(CC1)CCN(c1ccccn1)CC2,CHEMBL1315700,0.0,CurationNote.canonical,
COc1ccccc1CN1CC[C@@]2(CCCN(C(=O)c3cccc(F)c3)C2)C1,CHEMBL1551616,1.0,CurationNote.canonical,
Cc1cc(C)c2c(-n3cccc3)c(C(=O)NNS(=O)(=O)c3ccc(Cl)cc3)sc2n1,CHEMBL1504465,1.0,CurationNote.canonical,
Cc1noc(C)c1C(=O)N1CCC[C@@]2(CCN(CC(C)C)C2)C1,CHEMBL1480008,0.0,CurationNote.canonical,
CC(=O)OC[C@@H]1O[C@@H](O/N=C2/C[C@@H](O)[C@@H](O)[C@@H]3[C@@H]4C(=O)N(C[C@@H]5CCCO5)C(=O)[C@H]4CC[C@@H]23)[C@H](OC(C)=O)[C@H](OC(C)=O)[C@@H]1OC(C)=O,CHEMBL1337278,1.0,CurationNote.canonical,
c1ccc2c(c1)ncn2Cc1nnc2sc(-c3ccc4c(c3)OCO4)nn12,CHEMBL1421334,0.0,CurationNote.canonical,
Nn1nnc2ccccc21,CHEMBL101168,0.0,CurationNote.canonical,
CN(C)CC[C@H](c1ccc(Cl)cc1)c1ccccn1,CHEMBL1554789,0.0,CurationNote.canonical,CurationIssue.duplicate
COCCN1CN=C(Nc2nc3ccccc3s2)NC1,CHEMBL1414954,0.0,CurationNote.canonical,
CCn1c(SCC(=O)N2CCOCC2)nc2oc3c(Cl)cc(Cl)cc3c(=O)c2c1=O,CHEMBL1588072,0.0,CurationNote.canonical,
CN1CC[C@]2(C)c3cc(O)ccc3N(C)[C@@H]12,CHEMBL1373567,0.0,CurationNote.canonical,CurationIssue.disagreeing_duplicate
CN(C)CCCn1c2c3ccccc3ccc2c2oc(=O)c3ccccc3c21.Cl,CHEMBL1488420,1.0,CurationNote.canonical,CurationIssue.mixture
COc1ccc2[nH]cc(CCNc3cc(-c4cccnc4)ncn3)c2c1,CHEMBL1456454,0.0,CurationNote.canonical,
CC(=O)Nc1ccc(N2CCCCC2)c(C(=O)Nc2cccc(C)c2)c1,CHEMBL1595551,0.0,CurationNote.canonical,
O=C(CSc1nnc(Cn2nnc3ccccc32)o1)Nc1cccc(Cl)c1,CHEMBL1346358,0.0,CurationNote.canonical,CurationIssue.inorganic
Cc1ccc(N(C(C)C(=O)Nc2cc(Cl)ccc2Oc2ccccc2)S(C)(=O)=O)cc1,CHEMBL1538975,0.0,CurationNote.canonical,
None,,nan,,CurationIssue.rdkit_failed
FC(F)(F)c1ccccc1-c1nc(NC2CC2)c2ccccc2n1,CHEMBL1324494,0.0,CurationNote.canonical,
None,SERINE,nan,,CurationIssue.rdkit_failed
None,,nan,,CurationIssue.rdkit_failed
None,,nan,,CurationIssue.rdkit_failed
None,,nan,,CurationIssue.rdkit_failed
None,,nan,,CurationIssue.rdkit_failed
None,,nan,,CurationIssue.rdkit_failed
None,(S)-PROXYPHYLLINE,nan,,CurationIssue.rdkit_failed
None,,nan,,CurationIssue.rdkit_failed
None,,nan,,CurationIssue.rdkit_failed
None,,nan,,CurationIssue.rdkit_failed
None,,nan,,CurationIssue.rdkit_failed
None,,nan,,CurationIssue.rdkit_failed
Clc1ccc(C(c2ccc(Cl)cc2)[n+]2ccn(C[C@@H](OCc3ccc(Cl)cc3Cl)c3ccc(Cl)cc3Cl)c2)cc1,CHEMBL1594216,1.0,CurationNote.canonical,
O=C(c1csnn1)N1CCC[C@@]2(CCN(c3ccccn3)C2)C1,CHEMBL1360401,0.0,CurationNote.canonical,
CN(C)Cc1ccccc1-c1cncnc1NCc1cccnc1,CHEMBL1512878,1.0,CurationNote.canonical,
None,,nan,,CurationIssue.rdkit_failed
N#Cc1cc(-c2ccccc2)cnc1Sc1ccc(Cl)cc1,CHEMBL1431724,1.0,CurationNote.canonical,CurationIssue.inorganic
FC(F)(F)c1ccccc1-c1cc(NCc2cccnc2)ncn1,CHEMBL1552540,0.0,CurationNote.canonical,
CCOc1ccc(NC(=O)N(C2CCCCC2)C(C)c2ccncc2)cc1,CHEMBL1412209,0.0,CurationNote.canonical,
O=C(c1ccncc1)N1CCC2(CC1)CN(c1ncccn1)C2,CHEMBL1607010,0.0,CurationNote.canonical,
COCCNc1nc(-c2ccc(N(C)C)cc2)nc2ccccc12,CHEMBL1613725,0.0,CurationNote.canonical,
None,,nan,,CurationIssue.rdkit_failed
None,,nan,,CurationIssue.rdkit_failed
None,,nan,,CurationIssue.rdkit_failed
None,,nan,,CurationIssue.rdkit_failed
None,,nan,,CurationIssue.rdkit_failed
CS(=O)(=O)N1CCC2(CCCN(C(c3ccccc3)c3ccccc3)C2)CC1,CHEMBL1515324,1.0,CurationNote.canonical,
Clc1cccc(N/N=C/c2ccc(N3CCOCC3)cc2)c1,CHEMBL3208086,1.0,CurationNote.canonical,
O=S(=O)(c1ccccc1)N1CCC2(CCN(c3ccncc3)CC2)CC1,CHEMBL1593589,0.0,CurationNote.canonical,
CC(C)c1nccn1Cc1ccc(Cl)cc1Cl.O=[N+]([O-])O,CHEMBL1331778,1.0,CurationNote.canonical,CurationIssue.mixture
C/C(CC(=O)NCCCN1CCOCC1)=N\NC(=O)COc1ccc(Cl)cc1,CHEMBL3194695,0.0,CurationNote.canonical,
None,,nan,,CurationIssue.rdkit_failed
None,,nan,,CurationIssue.rdkit_failed
None,,nan,,CurationIssue.rdkit_failed
None,,nan,,CurationIssue.rdkit_failed
None,,nan,,CurationIssue.rdkit_failed
None,,nan,,CurationIssue.rdkit_failed
O=C(c1ccccc1)[C@H](Nc1ccc2ccccc2c1)c1ccccc1,CHEMBL1403982,1.0,CurationNote.canonical,
None,,nan,,CurationIssue.rdkit_failed
None,,nan,,CurationIssue.rdkit_failed
None,,nan,,CurationIssue.rdkit_failed
None,,nan,,CurationIssue.rdkit_failed
None,,nan,,CurationIssue.rdkit_failed
None,,nan,,CurationIssue.rdkit_failed
None,,nan,,CurationIssue.rdkit_failed
None,,nan,,CurationIssue.rdkit_failed
None,,nan,,CurationIssue.rdkit_failed
None,,nan,,CurationIssue.rdkit_failed
None,,nan,,CurationIssue.rdkit_failed
CC(C)(C)NS(=O)(=O)c1ccc(NC(=O)c2cc(-c3ccccc3)nc3ccccc23)cc1,CHEMBL1502523,1.0,CurationNote.canonical,
CCOc1ccc(S(=O)(=O)NCc2ccc(F)cc2)c2cccnc12,CHEMBL1601970,0.0,CurationNote.canonical,
CN(CC[C@@H](Oc1ccc(-c2ccccc2)cc1)c1ccc(F)cc1)CC(=O)O,CHEMBL180966,0.0,CurationNote.canonical,
COC(=O)c1cc(Br)c(=O)n(CCN2CCCC2)c1,CHEMBL1548421,0.0,CurationNote.canonical,
COc1ccc2c3c([nH]c2c1)C(C)=NCC3.Cl.O.O,CHEMBL1494278,1.0,CurationNote.canonical,CurationIssue.mixture
COc1ccc(CNc2cc(-c3ccoc3)ncn2)c(OC)c1,CHEMBL1438164,0.0,CurationNote.canonical,
Br.CCCCn1c(=N)n(CC(=O)c2ccco2)c2ccccc21,CHEMBL1400995,1.0,CurationNote.canonical,CurationIssue.mixture
COC(=O)N1CCC2(CCN(Cc3ccccc3OC)CC2)CC1,CHEMBL1515117,1.0,CurationNote.canonical,
CN(C)c1ccc(-c2nc(Nc3ccncc3)c3ccccc3n2)cc1,CHEMBL1441415,0.0,CurationNote.canonical,
O=C(OCc1ccc(Cl)cc1Cl)c1cccnc1Cl,CHEMBL1326546,0.0,CurationNote.canonical,
CS(=O)(=O)N1CCC2(CCN(c3ccccn3)CC2)CC1,CHEMBL1316714,0.0,CurationNote.canonical,
CO[C@@H]1COC(=O)C/C=C\[C@H](C)[C@@H](OC)COC(=O)[C@@H](C)NC(=O)C/C=C\[C@H]1C,CHEMBL1485069,1.0,CurationNote.canonical,
Cc1cc(-c2sccc2C)nc(-n2cccc2)n1,CHEMBL1559333,0.0,CurationNote.canonical,
Cc1ccc(Nc2ncccc2C(=O)NCc2cccs2)c(C)c1,CHEMBL1369886,0.0,CurationNote.canonical,
COc1ccccc1NC(=O)CN1CCC(C(=O)c2ccc(F)cc2)CC1,CHEMBL1457554,0.0,CurationNote.canonical,
COc1ccc(C2C3=C(CC(C)(C)CC3=O)Oc3ncn(CC(C)C)c(=N)c32)cc1,CHEMBL1587603,1.0,CurationNote.canonical,
None,,nan,,CurationIssue.rdkit_failed
None,,nan,,CurationIssue.rdkit_failed
None,,nan,,CurationIssue.rdkit_failed
None,,nan,,CurationIssue.rdkit_failed
None,,nan,,CurationIssue.rdkit_failed
None,,nan,,CurationIssue.rdkit_failed
None,,nan,,CurationIssue.rdkit_failed
None,,nan,,CurationIssue.rdkit_failed
None,,nan,,CurationIssue.rdkit_failed
None,,nan,,CurationIssue.rdkit_failed
None,,nan,,CurationIssue.rdkit_failed
CN(C(=O)Cc1ccc(Cl)c(Cl)c1)[C@@H]1CCCC[C@H]1N1CCCC1,CHEMBL441765,1.0,CurationNote.canonical,CurationIssue.duplicate
None,,nan,,CurationIssue.rdkit_failed
None,,nan,,CurationIssue.rdkit_failed
None,,nan,,CurationIssue.rdkit_failed
None,,nan,,CurationIssue.rdkit_failed
None,,nan,,CurationIssue.rdkit_failed
None,,nan,,CurationIssue.rdkit_failed
None,,nan,,CurationIssue.rdkit_failed
None,TRANSTORINE,nan,,CurationIssue.rdkit_failed
None,METRONIDAZOLE,nan,,CurationIssue.rdkit_failed
None,,nan,,CurationIssue.rdkit_failed
None,,nan,,CurationIssue.rdkit_failed
None,,nan,,CurationIssue.rdkit_failed
None,,nan,,CurationIssue.rdkit_failed
None,,nan,,CurationIssue.rdkit_failed
None,,nan,,CurationIssue.rdkit_failed
None,,nan,,CurationIssue.rdkit_failed
None,,nan,,CurationIssue.rdkit_failed
None,,nan,,CurationIssue.rdkit_failed
None,,nan,,CurationIssue.rdkit_failed
None,,nan,,CurationIssue.rdkit_failed
CC1=C(Br)C(=O)C(C)=C(Br)C1=O.Cc1c(O)c(Br)c(C)c(O)c1Br,CHEMBL1566105,1.0,CurationNote.canonical,CurationIssue.mixture
C#CCN(C)[C@@H](C)Cc1ccccc1,CHEMBL16857,0.0,CurationNote.canonical,CurationIssue.disagreeing_duplicate
COC(=O)[C@@H]1C[C@H]1[C@@H](NC(=O)Oc1ccc(F)cc1)c1ccccc1,CHEMBL1398587,1.0,CurationNote.canonical,
CCOc1ccc(/C=N/NC(=O)COc2ccccc2-c2ccccc2)cc1,CHEMBL3193466,1.0,CurationNote.canonical,
None,,nan,,CurationIssue.rdkit_failed
None,,nan,,CurationIssue.rdkit_failed
None,,nan,,CurationIssue.rdkit_failed
None,,nan,,CurationIssue.rdkit_failed
None,,nan,,CurationIssue.rdkit_failed
None,,nan,,CurationIssue.rdkit_failed
None,,nan,,CurationIssue.rdkit_failed
N#Cc1ccc(CN2CCCC3(CCN(S(=O)(=O)c4ccccc4)CC3)C2)cc1,CHEMBL1361725,1.0,CurationNote.canonical,
None,,nan,,CurationIssue.rdkit_failed
None,,nan,,CurationIssue.rdkit_failed
None,,nan,,CurationIssue.rdkit_failed
None,,nan,,CurationIssue.rdkit_failed
None,,nan,,CurationIssue.rdkit_failed
None,,nan,,CurationIssue.rdkit_failed
None,,nan,,CurationIssue.rdkit_failed
None,,nan,,CurationIssue.rdkit_failed
None,,nan,,CurationIssue.rdkit_failed
None,,nan,,CurationIssue.rdkit_failed
None,,nan,,CurationIssue.rdkit_failed
None,TETRYDAMINE,nan,,CurationIssue.rdkit_failed
CC(=O)/C(C)=N\O,CHEMBL335741,1.0,CurationNote.canonical,
None,,nan,,CurationIssue.rdkit_failed
None,,nan,,CurationIssue.rdkit_failed
FC(F)(F)c1ccccc1-c1cncnc1NCCc1cnc[nH]1,CHEMBL1590156,0.0,CurationNote.canonical,
None,,nan,,CurationIssue.rdkit_failed
None,MITOXANTRONE,nan,,CurationIssue.rdkit_failed
None,,nan,,CurationIssue.rdkit_failed
None,,nan,,CurationIssue.rdkit_failed
None,,nan,,CurationIssue.rdkit_failed
CCN1C(=O)[C@H]2CC[C@H]3/C(=N\O[C@@H](C)CN4CCCCc5nc(C)c(C)cc54)C[C@@H](O)[C@@H](O)[C@@H]3[C@@H]2C1=O,CHEMBL1398586,1.0,CurationNote.canonical,
COc1cccc(-c2cc(C(=O)Nc3cccc(O)c3)no2)c1,CHEMBL1404788,0.0,CurationNote.canonical,
C=CCSc1nn2c(=O)c3ccccc3nc2s1,CHEMBL1587070,0.0,CurationNote.canonical,CurationIssue.inorganic
Br.CCCCCCN1Cc2ccccc2C1,CHEMBL1345777,1.0,CurationNote.canonical,CurationIssue.mixture
OCCN1CCN(CCCN2c3ccccc3Sc3ccc(Cl)cc32)CC1,CHEMBL567,1.0,CurationNote.canonical,CurationIssue.inorganic
None,,nan,,CurationIssue.rdkit_failed
None,(S)-AMPA,nan,,CurationIssue.rdkit_failed
None,,nan,,CurationIssue.rdkit_failed
None,,nan,,CurationIssue.rdkit_failed
None,,nan,,CurationIssue.rdkit_failed
None,,nan,,CurationIssue.rdkit_failed
None,,nan,,CurationIssue.rdkit_failed
None,,nan,,CurationIssue.rdkit_failed
None,,nan,,CurationIssue.rdkit_failed
None,TRIMETHOPRIM,nan,,CurationIssue.rdkit_failed
None,,nan,,CurationIssue.rdkit_failed
None,,nan,,CurationIssue.rdkit_failed
None,,nan,,CurationIssue.rdkit_failed
None,,nan,,CurationIssue.rdkit_failed
None,,nan,,CurationIssue.rdkit_failed
None,,nan,,CurationIssue.rdkit_failed
None,,nan,,CurationIssue.rdkit_failed
None,,nan,,CurationIssue.rdkit_failed
None,,nan,,CurationIssue.rdkit_failed
None,,nan,,CurationIssue.rdkit_failed
None,,nan,,CurationIssue.rdkit_failed
None,,nan,,CurationIssue.rdkit_failed
None,,nan,,CurationIssue.rdkit_failed
None,,nan,,CurationIssue.rdkit_failed
None,,nan,,CurationIssue.rdkit_failed
None,,nan,,CurationIssue.rdkit_failed
None,,nan,,CurationIssue.rdkit_failed
None,,nan,,CurationIssue.rdkit_failed
None,,nan,,CurationIssue.rdkit_failed
None,,nan,,CurationIssue.rdkit_failed
None,,nan,,CurationIssue.rdkit_failed
None,,nan,,CurationIssue.rdkit_failed
None,,nan,,CurationIssue.rdkit_failed
None,,nan,,CurationIssue.rdkit_failed
None,NBQX,nan,,CurationIssue.rdkit_failed
None,,nan,,CurationIssue.rdkit_failed
None,,nan,,CurationIssue.rdkit_failed
None,,nan,,CurationIssue.rdkit_failed
None,,nan,,CurationIssue.rdkit_failed
None,,nan,,CurationIssue.rdkit_failed
None,,nan,,CurationIssue.rdkit_failed
None,PRIMIDONE,nan,,CurationIssue.rdkit_failed
None,,nan,,CurationIssue.rdkit_failed
None,,nan,,CurationIssue.rdkit_failed
None,,nan,,CurationIssue.rdkit_failed
None,,nan,,CurationIssue.rdkit_failed
None,,nan,,CurationIssue.rdkit_failed
None,TETRAISOPROPYL PYROPHOSPHORAMIDE,nan,,CurationIssue.rdkit_failed
None,,nan,,CurationIssue.rdkit_failed
None,,nan,,CurationIssue.rdkit_failed
None,,nan,,CurationIssue.rdkit_failed
None,,nan,,CurationIssue.rdkit_failed
C=CCN1C[C@H](C)N([C@H](c2ccc(C(=O)N(CC)CC)cc2)c2cccc(OC)c2)C[C@H]1C,CHEMBL13470,1.0,CurationNote.canonical,
None,,nan,,CurationIssue.rdkit_failed
None,,nan,,CurationIssue.rdkit_failed
None,,nan,,CurationIssue.rdkit_failed
None,,nan,,CurationIssue.rdkit_failed
None,,nan,,CurationIssue.rdkit_failed
None,,nan,,CurationIssue.rdkit_failed
None,,nan,,CurationIssue.rdkit_failed
None,,nan,,CurationIssue.rdkit_failed
None,,nan,,CurationIssue.rdkit_failed
None,,nan,,CurationIssue.rdkit_failed
O=C(Cc1ccccc1)NC(NCCc1ccccc1)C(Cl)(Cl)Cl,CHEMBL1502413,0.0,CurationNote.canonical,
Ic1ccccc1CN[C@@H]1C2CCN(CC2)[C@H]1C(c1ccccc1)c1ccccc1,CHEMBL1513555,1.0,CurationNote.canonical,
CCOC(=O)NNc1nncc2ccccc12,CHEMBL1079787,0.0,CurationNote.canonical,
COc1ccc(CCNC(=O)c2cc(-c3cc(Cl)cc(Cl)c3)oc2C)cc1,CHEMBL1611388,1.0,CurationNote.canonical,
CCOc1ccc2nc(C)cc(Nc3ccc4c(c3)OCCO4)c2c1.Cl,CHEMBL591613,1.0,CurationNote.canonical,CurationIssue.mixture
Cn1nc(C(=O)NC2CCCCC2)c2ccccc2c1=O,CHEMBL1500523,1.0,CurationNote.canonical,
FC(F)(F)c1ccc(N2CCN(c3cc(-c4ccccc4)nc4ncnn34)CC2)nc1,CHEMBL1420531,0.0,CurationNote.canonical,
O=c1c(CCc2ccccc2)nc2cncnc2n1Cc1ccccc1,CHEMBL1446649,0.0,CurationNote.canonical,
O=[N+]([O-])c1ccc(C2=Nn3c(nnc3-c3ccc(Cl)cc3)SC2)o1,CHEMBL1335409,1.0,CurationNote.canonical,
COc1ccccc1-n1c(CNC(=O)c2ccco2)nnc1SCC(=O)Nc1ccc(F)cc1,CHEMBL1309064,0.0,CurationNote.canonical,
CCCNC(=O)N1N=C(c2ccc(N)cc2)c2cc3c(cc2[C@H]1C)OCO3,CHEMBL1399249,0.0,CurationNote.canonical,
COc1cccc(-c2cncnc2NCc2ccc(OC)cc2OC)c1,CHEMBL491555,1.0,CurationNote.canonical,
None,,nan,,CurationIssue.rdkit_failed
None,,nan,,CurationIssue.rdkit_failed
None,,nan,,CurationIssue.rdkit_failed
None,,nan,,CurationIssue.rdkit_failed
None,,nan,,CurationIssue.rdkit_failed
None,,nan,,CurationIssue.rdkit_failed
None,,nan,,CurationIssue.rdkit_failed
None,,nan,,CurationIssue.rdkit_failed
CCCCCCCCCCCC(=O)NC(C(=O)OCC)C(O)c1cccc([N+](=O)[O-])c1,CHEMBL1499919,0.0,CurationNote.canonical,
None,,nan,,CurationIssue.rdkit_failed
Cn1c(=O)c2c(-c3cccc(F)c3)c3c(nc2n(C)c1=O)-c1ccccc1C3O,CHEMBL1711322,0.0,CurationNote.canonical,
CCCN1C2=NCCCN2c2ccccc21.Cl,CHEMBL1724116,1.0,CurationNote.canonical,CurationIssue.mixture
COc1cccc(-c2ccc3ncnc(NCc4ccccc4OC)c3c2)c1,CHEMBL491940,1.0,CurationNote.canonical,
Cc1cnc(CNc2nc(-c3ccc4c(c3)OCO4)nc3ccccc23)cn1,CHEMBL1315504,0.0,CurationNote.canonical,
CCc1ccccc1N=C(S)NC1CC2CCC(C1)N2Cc1ccco1,CHEMBL1462833,0.0,CurationNote.canonical,
Cc1cnc(CNc2ncncc2-c2ccc(N(C)C)cc2)cn1,CHEMBL1592388,0.0,CurationNote.canonical,
Cc1ccc2nc(NC(=O)COC(=O)c3ccc(Br)o3)sc2c1,CHEMBL1329402,0.0,CurationNote.canonical,
CN1CCN(C2=Nc3ccccc3Oc3ccc(Cl)cc32)CC1.O=C(O)CCC(=O)O,CHEMBL1201155,0.0,CurationNote.canonical,CurationIssue.mixture
c1ccc2c(Nc3ccncc3)nc(-c3ccc4c(c3)OCO4)nc2c1,CHEMBL1513511,0.0,CurationNote.canonical,
Cc1cccc(CCN2CCC(C(=O)c3ccc(NS(C)(=O)=O)cc3)CC2)n1,CHEMBL327980,1.0,CurationNote.canonical,
c1cnc(N2CC[C@@]3(CCCNC3)C2)nc1,CHEMBL1492558,1.0,CurationNote.canonical,
c1ccc2c(c1)ncn2-c1ccc(-c2ccnc(-c3ccncc3)n2)cc1,CHEMBL1569277,1.0,CurationNote.canonical,
C#CCCCO/N=C1/C[C@@H](O)[C@@H](O)[C@@H]2[C@@H]3C(=O)N(c4cccc(Oc5ccccc5)c4)C(=O)[C@H]3CC[C@@H]12,CHEMBL1398226,1.0,CurationNote.canonical,
CCS(=O)(=O)N(C)[C@@H]1c2cc(C#N)ccc2OC(C)(C)[C@H]1O,CHEMBL44297,0.0,CurationNote.canonical,
O=C(CCc1ccc(O)cc1)c1c(O)cc(O)cc1O,CHEMBL45068,0.0,CurationNote.canonical,
None,,nan,,CurationIssue.rdkit_failed
None,,nan,,CurationIssue.rdkit_failed
None,,nan,,CurationIssue.rdkit_failed
None,,nan,,CurationIssue.rdkit_failed
None,,nan,,CurationIssue.rdkit_failed
COc1ccc(Oc2nccc(-c3ccc(F)cc3)c2C#N)cc1,CHEMBL1519391,1.0,CurationNote.canonical,
CCN(CC)CCOCCOC(=O)C1(c2ccccc2)CCCC1.O=C(O)CC(O)(CC(=O)O)C(=O)O,CHEMBL1256696,1.0,CurationNote.canonical,CurationIssue.mixture
CN(C)C(=O)c1ccc(-c2ccc3ncnc(NCc4ccccc4)c3c2)cc1,CHEMBL492122,0.0,CurationNote.canonical,
CCCCCCCCCCCCCCCC[N+](C)(C)CCN(Cc1ccc(OC)cc1)c1ncccn1,CHEMBL1201322,0.0,CurationNote.canonical,
CC(C)NC[C@@H](O)COc1cccc2ccccc12,CHEMBL275742,1.0,CurationNote.canonical,CurationIssue.duplicate
CCOC(=O)c1c(NC(=O)CSc2nnnn2C)sc(C)c1C,CHEMBL1413296,0.0,CurationNote.canonical,CurationIssue.inorganic
Cn1cc(C(=O)C(=O)N[C@H]2CN3CCC2CC3)c2ccccc21,CHEMBL294649,1.0,CurationNote.canonical,
COc1ccc(/C=C/C(=O)Nc2cc(C(F)(F)F)ccc2Cl)cc1,CHEMBL1349366,1.0,CurationNote.canonical,
COc1ccc2[nH]cc(CCNc3ncncc3-c3cccc(C#N)c3)c2c1,CHEMBL1438690,1.0,CurationNote.canonical,
CC1CC(C)CN(C/C=C/c2ccccc2[N+](=O)[O-])C1,CHEMBL1326406,1.0,CurationNote.canonical,
C=CCOc1ccc(CNC(C)(C)CO)cc1OC.Cl,CHEMBL1399141,1.0,CurationNote.canonical,CurationIssue.mixture
None,,nan,,CurationIssue.rdkit_failed
COc1ccc(NC(=O)CSc2nnc(Cc3cccn3C)n2CCc2ccccc2)c(OC)c1,CHEMBL1565215,1.0,CurationNote.canonical,CurationIssue.inorganic
CCCCn1c(SC(C)C(=O)c2ccc(OC)cc2)nc2cc(S(N)(=O)=O)ccc21,CHEMBL1312774,1.0,CurationNote.canonical,
O=C(CN1CCN(c2ccc(Cl)cc2)CC1)Nc1ccc(F)c(F)c1,CHEMBL1321719,1.0,CurationNote.canonical,
O=C1C(O)=C(C(C2=C(O)C(=O)c3ccccc3C2=O)c2ccc(Cl)cc2)C(=O)c2ccccc21,CHEMBL287689,1.0,CurationNote.canonical,
None,,nan,,CurationIssue.rdkit_failed
None,,nan,,CurationIssue.rdkit_failed
None,,nan,,CurationIssue.rdkit_failed
None,PIRENZEPINE,nan,,CurationIssue.rdkit_failed
None,,nan,,CurationIssue.rdkit_failed
None,,nan,,CurationIssue.rdkit_failed
None,,nan,,CurationIssue.rdkit_failed
None,,nan,,CurationIssue.rdkit_failed
None,ACEMETACIN,nan,,CurationIssue.rdkit_failed
None,,nan,,CurationIssue.rdkit_failed
None,,nan,,CurationIssue.rdkit_failed
None,,nan,,CurationIssue.rdkit_failed
None,ROXINDOLE,nan,,CurationIssue.rdkit_failed
Cc1ccc(CCNC(=O)C2CC(c3ccccc3[N+](=O)[O-])=NO2)cc1,CHEMBL1424808,1.0,CurationNote.canonical,
None,1,3-DIPROPYL-8-CYCLOPENTYLXANTHINE [DPCPX],nan,,CurationIssue.rdkit_failed
None,,nan,,CurationIssue.rdkit_failed
None,,nan,,CurationIssue.rdkit_failed
None,,nan,,CurationIssue.rdkit_failed
None,,nan,,CurationIssue.rdkit_failed
None,,nan,,CurationIssue.rdkit_failed
None,,nan,,CurationIssue.rdkit_failed
None,,nan,,CurationIssue.rdkit_failed
None,,nan,,CurationIssue.rdkit_failed
None,,nan,,CurationIssue.rdkit_failed
None,,nan,,CurationIssue.rdkit_failed
None,,nan,,CurationIssue.rdkit_failed
None,,nan,,CurationIssue.rdkit_failed
None,,nan,,CurationIssue.rdkit_failed
None,,nan,,CurationIssue.rdkit_failed
None,,nan,,CurationIssue.rdkit_failed
None,,nan,,CurationIssue.rdkit_failed
None,,nan,,CurationIssue.rdkit_failed
CC(C)[C@H](NC(=O)OC(C)(C)C)[C@@H](O)CC(=O)OC(C)(C)C,CHEMBL1604883,1.0,CurationNote.canonical,
COC(=O)[C@@]1(Cc2ccc(F)cc2)[C@H]2c3cc(C(=O)N(C)C)n(Cc4ccc(O)c(OC)c4)c3C[C@H]2CN1C(=O)c1ccccc1,CHEMBL1597410,0.0,CurationNote.canonical,
None,,nan,,CurationIssue.rdkit_failed
None,,nan,,CurationIssue.rdkit_failed
None,,nan,,CurationIssue.rdkit_failed
None,,nan,,CurationIssue.rdkit_failed
None,,nan,,CurationIssue.rdkit_failed
None,,nan,,CurationIssue.rdkit_failed
None,,nan,,CurationIssue.rdkit_failed
None,,nan,,CurationIssue.rdkit_failed
None,,nan,,CurationIssue.rdkit_failed
None,,nan,,CurationIssue.rdkit_failed
None,,nan,,CurationIssue.rdkit_failed
None,,nan,,CurationIssue.rdkit_failed
None,,nan,,CurationIssue.rdkit_failed
None,,nan,,CurationIssue.rdkit_failed
None,,nan,,CurationIssue.rdkit_failed
None,,nan,,CurationIssue.rdkit_failed
None,,nan,,CurationIssue.rdkit_failed
None,,nan,,CurationIssue.rdkit_failed
None,,nan,,CurationIssue.rdkit_failed
None,,nan,,CurationIssue.rdkit_failed
None,,nan,,CurationIssue.rdkit_failed
None,,nan,,CurationIssue.rdkit_failed
None,,nan,,CurationIssue.rdkit_failed
None,PROBUCOL,nan,,CurationIssue.rdkit_failed
None,,nan,,CurationIssue.rdkit_failed
None,,nan,,CurationIssue.rdkit_failed
None,PHENOLSULFONPHTHALEIN,nan,,CurationIssue.rdkit_failed
None,ETHIONAMIDE,nan,,CurationIssue.rdkit_failed
COc1ccc(C2c3c(ncn(CCN4CCOCC4)c3=N)Oc3ccc4ccccc4c32)cc1OC,CHEMBL1338432,0.0,CurationNote.canonical,
CC1CCCN(C(C(=O)Nc2ccc3c(c2)OCCO3)c2ccccc2)C1,CHEMBL1413443,1.0,CurationNote.canonical,
O=C(Nc1ccc(Cl)cc1)OCCn1nnnc1C(c1ccccc1Cl)N1CCOCC1,CHEMBL1384711,0.0,CurationNote.canonical,
CN1CCC(c2c[nH]c3ccc(O)cc23)CC1,CHEMBL1371156,0.0,CurationNote.canonical,
Cc1cc(C(C)(C)C)c(O)c(C)c1CC1=NCCN1,CHEMBL762,1.0,CurationNote.canonical,
O=C(CSc1nnc(-c2ccccc2)n1-c1ccccc1)c1cccs1,CHEMBL1596221,1.0,CurationNote.canonical,CurationIssue.inorganic
None,,nan,,CurationIssue.rdkit_failed
None,,nan,,CurationIssue.rdkit_failed
None,,nan,,CurationIssue.rdkit_failed
None,,nan,,CurationIssue.rdkit_failed
None,,nan,,CurationIssue.rdkit_failed
None,,nan,,CurationIssue.rdkit_failed
None,,nan,,CurationIssue.rdkit_failed
None,TETRACAINE,nan,,CurationIssue.rdkit_failed
None,,nan,,CurationIssue.rdkit_failed
None,,nan,,CurationIssue.rdkit_failed
None,,nan,,CurationIssue.rdkit_failed
None,,nan,,CurationIssue.rdkit_failed
None,,nan,,CurationIssue.rdkit_failed
None,,nan,,CurationIssue.rdkit_failed
None,,nan,,CurationIssue.rdkit_failed
None,,nan,,CurationIssue.rdkit_failed
None,SULFAPHENAZOLE,nan,,CurationIssue.rdkit_failed
None,,nan,,CurationIssue.rdkit_failed
None,,nan,,CurationIssue.rdkit_failed
None,,nan,,CurationIssue.rdkit_failed
None,,nan,,CurationIssue.rdkit_failed
None,,nan,,CurationIssue.rdkit_failed
Cc1cc(OCCn2cc(C(=N)NO)c3ccccc32)ccc1Cl,CHEMBL1343857,1.0,CurationNote.canonical,
CCOc1c2ccc(C(=O)NCc3ccc4c(c3)OCO4)cc2nn1CC,CHEMBL1579870,0.0,CurationNote.canonical,
CC(Sc1nnc(C(C)N(C)C)n1-c1ccc(Cl)cc1)C(=O)Nc1ccc2c(c1)OCO2,CHEMBL1540475,0.0,CurationNote.canonical,CurationIssue.inorganic
CC(=O)N1CCC[C@@]2(CCN(c3ncccn3)C2)C1,CHEMBL1394774,0.0,CurationNote.canonical,
COc1ccc(Nc2nc(N)nc(CSc3n[nH]c(-c4ccccc4)n3)n2)cc1,CHEMBL1602780,1.0,CurationNote.canonical,CurationIssue.inorganic
CN1CCN2c3ncccc3Cc3ccccc3C2C1,CHEMBL654,1.0,CurationNote.canonical,
CCc1c2c(nc3c(C(C)C)cccc13)-c1cccc(=O)n1C2,CHEMBL1484447,0.0,CurationNote.canonical,
CN1CCC(=C2c3ccccc3CCc3sccc32)CC1.O=C(O)C[C@@H](O)C(=O)O,CHEMBL1512796,1.0,CurationNote.canonical,CurationIssue.mixture
COc1cccc(-c2nccc(NCc3ccc(OC)cc3OC)n2)c1,CHEMBL1516028,0.0,CurationNote.canonical,
CCNc1ncc2nc(-c3ccccc3)c(=O)n(CCC#N)c2n1,CHEMBL1592966,1.0,CurationNote.canonical,
O=S(=O)(c1ccccc1)N1CCC2(CCCN(c3ncccn3)C2)CC1,CHEMBL1323563,0.0,CurationNote.canonical,
O=C(NCC12CC3CC(CC(C3)C1)C2)c1cc2n(n1)C(C(F)(F)F)CC(c1ccco1)N2,CHEMBL1559062,1.0,CurationNote.canonical,
O=C(CCN1C(=O)c2ccccc2C1=O)NC(=S)Nc1cccc(Cl)c1,CHEMBL1326093,1.0,CurationNote.canonical,
C=C[C@H]1CN2CC[C@@H]1C[C@H]2[C@@H](O)c1ccnc2ccc(OC)cc12.Cl.O,CHEMBL1365872,1.0,CurationNote.canonical,CurationIssue.mixture
None,,nan,,CurationIssue.rdkit_failed
None,,nan,,CurationIssue.rdkit_failed
None,,nan,,CurationIssue.rdkit_failed
None,,nan,,CurationIssue.rdkit_failed
None,,nan,,CurationIssue.rdkit_failed
None,,nan,,CurationIssue.rdkit_failed
None,,nan,,CurationIssue.rdkit_failed
None,,nan,,CurationIssue.rdkit_failed
None,,nan,,CurationIssue.rdkit_failed
None,,nan,,CurationIssue.rdkit_failed
None,,nan,,CurationIssue.rdkit_failed
None,,nan,,CurationIssue.rdkit_failed
None,,nan,,CurationIssue.rdkit_failed
None,,nan,,CurationIssue.rdkit_failed
None,,nan,,CurationIssue.rdkit_failed
None,,nan,,CurationIssue.rdkit_failed
None,,nan,,CurationIssue.rdkit_failed
None,,nan,,CurationIssue.rdkit_failed
None,,nan,,CurationIssue.rdkit_failed
None,,nan,,CurationIssue.rdkit_failed
None,,nan,,CurationIssue.rdkit_failed
None,,nan,,CurationIssue.rdkit_failed
None,,nan,,CurationIssue.rdkit_failed
None,,nan,,CurationIssue.rdkit_failed
None,,nan,,CurationIssue.rdkit_failed
None,,nan,,CurationIssue.rdkit_failed
None,,nan,,CurationIssue.rdkit_failed
None,,nan,,CurationIssue.rdkit_failed
None,ACONITIC ACID,nan,,CurationIssue.rdkit_failed
None,,nan,,CurationIssue.rdkit_failed
None,,nan,,CurationIssue.rdkit_failed
None,,nan,,CurationIssue.rdkit_failed
None,,nan,,CurationIssue.rdkit_failed
Cc1cccc(-c2nsc(SCC(=O)Nc3nccs3)n2)c1,CHEMBL1353190,1.0,CurationNote.canonical,
Cc1csc(NC(=O)Cc2c[nH]c3ccccc23)n1,CHEMBL1362464,0.0,CurationNote.canonical,
Cc1cc(O)c(/C=N/Nc2cccc(Cl)c2)c(=O)o1,CHEMBL3198587,1.0,CurationNote.canonical,
None,,nan,,CurationIssue.rdkit_failed
None,,nan,,CurationIssue.rdkit_failed
None,QUIPAZINE,nan,,CurationIssue.rdkit_failed
O=C(c1ccco1)N1CCC2(CCN(Cc3nccs3)CC2)CC1,CHEMBL1512391,1.0,CurationNote.canonical,
CCCCCNCc1ccc(Br)cc1.Cl,CHEMBL1518709,1.0,CurationNote.canonical,CurationIssue.mixture
O=C(c1ccncc1)N1CCC2(CC1)CCN(C(c1ccccc1)c1ccccc1)CC2,CHEMBL1318411,1.0,CurationNote.canonical,
Cc1ccc(NS(=O)(=O)c2cc(C(=O)NCc3ccccn3)ccc2Cl)cc1,CHEMBL1565139,0.0,CurationNote.canonical,
CN1[C@H]2CC[C@@H]1CC(O[C@@H](c1ccccc1)c1ccccc1N)C2,CHEMBL1213138,0.0,CurationNote.canonical,
c1ccc2sc(NC3=NCN(C4CCCCCC4)CN3)nc2c1,CHEMBL1417581,1.0,CurationNote.canonical,
C[C@@H](Cc1ccc(O)c(O)c1)[C@H](C)Cc1ccc(O)c(O)c1,CHEMBL313972,0.0,CurationNote.canonical,
Cc1nccn1CCCN1C(=O)/C(=C/c2ccc(C#N)cc2)NC1=S,CHEMBL1586390,0.0,CurationNote.canonical,
COc1ccc(C(=O)C(OC(=O)CNC(=O)c2ccco2)c2ccccc2)cc1,CHEMBL1410496,0.0,CurationNote.canonical,
FC(F)(F)c1ccccc1-c1cc(NCc2ccccc2)ncn1,CHEMBL1435823,0.0,CurationNote.canonical,
O=S(=O)(/N=C(\Sc1ccc(Cl)cc1)c1ccccc1)c1ccccc1,CHEMBL2000120,0.0,CurationNote.canonical,CurationIssue.inorganic
CCNC(=O)O/N=C(\C)c1sc(-c2ccccc2)nc1C,CHEMBL3197456,0.0,CurationNote.canonical,
COc1ccc(CNC(=O)C2CC(c3cccc([N+](=O)[O-])c3)=NO2)cc1,CHEMBL1540034,1.0,CurationNote.canonical,
COc1cccc(CNc2ccc3nc(-c4ccc(N)cc4)c(OC)n3n2)c1,CHEMBL1339029,1.0,CurationNote.canonical,
None,,nan,,CurationIssue.rdkit_failed
None,,nan,,CurationIssue.rdkit_failed
None,,nan,,CurationIssue.rdkit_failed
None,,nan,,CurationIssue.rdkit_failed
None,,nan,,CurationIssue.rdkit_failed
None,,nan,,CurationIssue.rdkit_failed
None,,nan,,CurationIssue.rdkit_failed
None,,nan,,CurationIssue.rdkit_failed
None,,nan,,CurationIssue.rdkit_failed
None,,nan,,CurationIssue.rdkit_failed
None,,nan,,CurationIssue.rdkit_failed
None,,nan,,CurationIssue.rdkit_failed
None,,nan,,CurationIssue.rdkit_failed
Cn1c(SCc2nnc(-c3ccc(F)cc3)o2)nnc1C1COc2ccccc2O1,CHEMBL1547186,1.0,CurationNote.canonical,
COC1(C[S+]([O-])c2ccccc2)CCN(CCc2c[nH]c3ccc(F)cc23)CC1,CHEMBL166161,0.0,CurationNote.canonical,
None,ISOGUVACINE,nan,,CurationIssue.rdkit_failed
None,,nan,,CurationIssue.rdkit_failed
CC1=NN(C(=O)c2ccncc2)C(=O)[C@@H]1/N=N\c1ccc2ccccc2c1,CHEMBL1476939,1.0,CurationNote.canonical,
CCCCOc1ccc(C(=O)CCN2CCCCC2)cc1,CHEMBL1201217,1.0,CurationNote.canonical,
c1cncc(-c2nc(NCCN3CCOCC3)c3ccccc3n2)c1,CHEMBL1409758,1.0,CurationNote.canonical,
CC(C)(C)NC[C@H](O)c1ccccc1Cl,CHEMBL1607062,0.0,CurationNote.canonical,
Cc1cccc(CNc2ncncc2-c2ccccc2Cl)c1,CHEMBL490749,1.0,CurationNote.canonical,
CC(NC(=O)CCSc1nc(-c2ccco2)cc(C(F)(F)F)n1)c1ccccc1,CHEMBL1578210,0.0,CurationNote.canonical,CurationIssue.inorganic
Cc1ccccc1-c1nc(C[S+]([O-])CC(=O)NCCCN(C)c2ccccc2)c(C)o1,CHEMBL1520177,0.0,CurationNote.canonical,
O=C(COc1ccc(Cl)cc1Cl)N/N=C/CCc1ccccc1,CHEMBL3194142,1.0,CurationNote.canonical,
CCCCCOc1ccc(C(=O)NCC2(c3ccccc3)CCOCC2)cc1,CHEMBL1571840,0.0,CurationNote.canonical,
None,,nan,,CurationIssue.rdkit_failed
None,,nan,,CurationIssue.rdkit_failed
None,,nan,,CurationIssue.rdkit_failed
None,,nan,,CurationIssue.rdkit_failed
None,,nan,,CurationIssue.rdkit_failed
Cc1ccc(Cc2c(C)nc3nc(SCC(=O)NCc4ccco4)nn3c2C)cc1,CHEMBL1370314,0.0,CurationNote.canonical,
None,,nan,,CurationIssue.rdkit_failed
CN(Cc1ccco1)c1ncncc1-c1ccccc1Cl,CHEMBL1319093,0.0,CurationNote.canonical,
N=c1c(C(=O)NC2CCCC2)cc2c(=O)n3ccccc3nc2n1C1CCCC1,CHEMBL1449870,1.0,CurationNote.canonical,
Cc1ccc(S(=O)(=O)O)cc1.O=C1C(c2ccccn2)=[N+]([O-])c2ccccc21,CHEMBL1364808,0.0,CurationNote.canonical,CurationIssue.mixture
COc1ccc(-c2cc(=O)oc3cc4occ(C)c4cc23)cc1,CHEMBL1453817,1.0,CurationNote.canonical,
N=C(N)NC(=O)Cc1c(Cl)cccc1Cl,CHEMBL862,1.0,CurationNote.canonical,
N[C@H](Cn1ccc(=O)[nH]c1=O)C(=O)O,CHEMBL1356611,1.0,CurationNote.canonical,
COc1ccc(C(=O)NC(N=C(S)Nc2ccc(S(N)(=O)=O)cc2)C(Cl)(Cl)Cl)cc1,CHEMBL1518559,1.0,CurationNote.canonical,
None,,nan,,CurationIssue.rdkit_failed
None,,nan,,CurationIssue.rdkit_failed
O=C(COc1ccc2ccccc2c1)Nc1ccc(Cc2ccncc2)cc1,CHEMBL1374796,1.0,CurationNote.canonical,
O=c1c(O)c(-c2ccc(O)cc2)oc2cc(O)cc(O)c12,CHEMBL150,1.0,CurationNote.canonical,
COc1ccccc1CN1CC[C@@]2(CCCN(C(=O)c3cnccn3)C2)C1,CHEMBL1314465,1.0,CurationNote.canonical,
O=c1c(CCc2ccccc2)nc2cnc(N3CCNCC3)nc2n1Cc1ccc(F)cc1,CHEMBL1557234,0.0,CurationNote.canonical,
None,1R,9S-HYDRASTINE,nan,,CurationIssue.rdkit_failed
None,,nan,,CurationIssue.rdkit_failed
None,,nan,,CurationIssue.rdkit_failed
None,,nan,,CurationIssue.rdkit_failed
None,,nan,,CurationIssue.rdkit_failed
None,,nan,,CurationIssue.rdkit_failed
None,,nan,,CurationIssue.rdkit_failed
None,,nan,,CurationIssue.rdkit_failed
COc1cccc(C(=O)N(C)c2nnc(-c3ccncc3)s2)c1,CHEMBL1586684,1.0,CurationNote.canonical,
COCCCNCC(=O)c1c(N)n(Cc2ccccc2)c(=O)n(C)c1=O.O=C(O)C(=O)O,CHEMBL1479074,0.0,CurationNote.canonical,CurationIssue.mixture
None,,nan,,CurationIssue.rdkit_failed
None,,nan,,CurationIssue.rdkit_failed
None,,nan,,CurationIssue.rdkit_failed
O=C(NCc1ccco1)Nc1cccs1,CHEMBL1506343,0.0,CurationNote.canonical,
None,,nan,,CurationIssue.rdkit_failed
None,,nan,,CurationIssue.rdkit_failed
None,,nan,,CurationIssue.rdkit_failed
None,,nan,,CurationIssue.rdkit_failed
None,,nan,,CurationIssue.rdkit_failed
None,,nan,,CurationIssue.rdkit_failed
None,,nan,,CurationIssue.rdkit_failed
None,,nan,,CurationIssue.rdkit_failed
None,,nan,,CurationIssue.rdkit_failed
None,,nan,,CurationIssue.rdkit_failed
None,,nan,,CurationIssue.rdkit_failed
None,,nan,,CurationIssue.rdkit_failed
None,,nan,,CurationIssue.rdkit_failed
None,ZAPRINAST,nan,,CurationIssue.rdkit_failed
None,,nan,,CurationIssue.rdkit_failed
None,,nan,,CurationIssue.rdkit_failed
None,,nan,,CurationIssue.rdkit_failed
None,,nan,,CurationIssue.rdkit_failed
None,,nan,,CurationIssue.rdkit_failed
None,,nan,,CurationIssue.rdkit_failed
None,,nan,,CurationIssue.rdkit_failed
None,,nan,,CurationIssue.rdkit_failed
None,,nan,,CurationIssue.rdkit_failed
None,,nan,,CurationIssue.rdkit_failed
None,,nan,,CurationIssue.rdkit_failed
None,,nan,,CurationIssue.rdkit_failed
None,ASPARTIC ACID,nan,,CurationIssue.rdkit_failed
None,,nan,,CurationIssue.rdkit_failed
CC[C@H](c1ccc(O)cc1)[C@@H](CC)c1ccc(O)cc1,CHEMBL9225,0.0,CurationNote.canonical,
None,,nan,,CurationIssue.rdkit_failed
CN(C)Cc1ccccc1-c1cncnc1NCc1ccccc1,CHEMBL490743,0.0,CurationNote.canonical,
None,,nan,,CurationIssue.rdkit_failed
CCCCNC(=O)[C@@H]1Cc2ccccc2N1C(=O)[C@H](N)CC,CHEMBL1396822,0.0,CurationNote.canonical,
None,,nan,,CurationIssue.rdkit_failed
,CHEMBL1396517,1.0,CurationNote.canonical,
CCOc1ccc2c(ccc(/C=C/c3cc(C)c4cccnc4c3O)[n+]2C)c1,CHEMBL1372951,1.0,CurationNote.canonical,
COc1ccccc1OC[C@H](O)CN1CCN(CC(=O)Nc2c(C)cccc2C)CC1,CHEMBL1357016,0.0,CurationNote.canonical,
Cc1cccc(CNc2ccnc(-c3ccccc3Cl)n2)c1,CHEMBL1357231,0.0,CurationNote.canonical,
S=C(Nc1ccccc1)Nc1nccs1,CHEMBL1256364,0.0,CurationNote.canonical,
Cc1nn(S(=O)(=O)c2cccs2)c(C)c1Sc1ccc([N+](=O)[O-])cc1,CHEMBL1589282,1.0,CurationNote.canonical,CurationIssue.inorganic
O=C(CSCc1ccccc1)Nc1ccc(S(=O)(=O)N2CCOCC2)cc1,CHEMBL1575560,1.0,CurationNote.canonical,
None,,nan,,CurationIssue.rdkit_failed
CC(C)(CC(=O)N1CCN(c2ccc(Cl)cc2)CC1)CC1=NS(=O)(=O)c2ccccc2N1,CHEMBL1448655,1.0,CurationNote.canonical,
COc1cc2c(cc1OC)-c1cc3ccc(OC)c(OC)c3c[n+]1CC2,CHEMBL206106,0.0,CurationNote.canonical,
c1cn(-c2ccnc(-c3ccc4c(c3)OCO4)n2)cn1,CHEMBL1355408,1.0,CurationNote.canonical,
N[C@H]1C[C@H]1c1ccccc1,CHEMBL1476329,0.0,CurationNote.canonical,
CSc1nsc(SC)c1NC(=O)OCc1ccccc1,CHEMBL1483214,1.0,CurationNote.canonical,CurationIssue.inorganic
CCC/C=C(\CCC)C(NS(=O)(=O)c1cccs1)c1ccc(C(=O)OC)cc1,CHEMBL1333156,1.0,CurationNote.canonical,
,CHEMBL1413091,1.0,CurationNote.canonical,CurationIssue.duplicate
CCOC(=O)c1c(C)n(C)c2ccc(OC)c(NC(=O)CN3CCCCC3)c12,CHEMBL1725130,0.0,CurationNote.canonical,
Cc1ccc(-[n+]2c(-c3ccc(Br)cc3)cn3c2CCc2ccc4cccnc4c2-3)cc1.[Br-],CHEMBL1546374,1.0,CurationNote.canonical,CurationIssue.mixture
Oc1c(Br)cc(Br)cc1CN(Cc1cc(Br)cc(Br)c1O)C1CCCCC1,CHEMBL1437783,1.0,CurationNote.canonical,
Cc1cccc(NC(S)=NNC(=O)c2csc3c2CCCC3)c1,CHEMBL1427943,0.0,CurationNote.canonical,
Cc1cnc(CNc2nc(-c3ccccc3C)nc3ccccc23)cn1,CHEMBL1394765,0.0,CurationNote.canonical,
None,,nan,,CurationIssue.rdkit_failed
None,,nan,,CurationIssue.rdkit_failed
None,,nan,,CurationIssue.rdkit_failed
None,,nan,,CurationIssue.rdkit_failed
None,,nan,,CurationIssue.rdkit_failed
None,,nan,,CurationIssue.rdkit_failed
None,,nan,,CurationIssue.rdkit_failed
None,,nan,,CurationIssue.rdkit_failed
None,,nan,,CurationIssue.rdkit_failed
None,,nan,,CurationIssue.rdkit_failed
None,,nan,,CurationIssue.rdkit_failed
None,,nan,,CurationIssue.rdkit_failed
None,,nan,,CurationIssue.rdkit_failed
None,,nan,,CurationIssue.rdkit_failed
None,,nan,,CurationIssue.rdkit_failed
None,,nan,,CurationIssue.rdkit_failed
None,,nan,,CurationIssue.rdkit_failed
None,,nan,,CurationIssue.rdkit_failed
None,,nan,,CurationIssue.rdkit_failed
None,,nan,,CurationIssue.rdkit_failed
None,,nan,,CurationIssue.rdkit_failed
None,,nan,,CurationIssue.rdkit_failed
None,,nan,,CurationIssue.rdkit_failed
None,,nan,,CurationIssue.rdkit_failed
None,,nan,,CurationIssue.rdkit_failed
None,,nan,,CurationIssue.rdkit_failed
None,,nan,,CurationIssue.rdkit_failed
None,,nan,,CurationIssue.rdkit_failed
None,,nan,,CurationIssue.rdkit_failed
None,,nan,,CurationIssue.rdkit_failed
None,,nan,,CurationIssue.rdkit_failed
None,,nan,,CurationIssue.rdkit_failed
None,,nan,,CurationIssue.rdkit_failed
None,,nan,,CurationIssue.rdkit_failed
None,,nan,,CurationIssue.rdkit_failed
None,,nan,,CurationIssue.rdkit_failed
None,SULFAQUINOXALINE SODIUM,nan,,CurationIssue.rdkit_failed
NC(=O)OCC(COC(N)=O)c1ccccc1,CHEMBL1094,1.0,CurationNote.canonical,
None,,nan,,CurationIssue.rdkit_failed
None,,nan,,CurationIssue.rdkit_failed
None,,nan,,CurationIssue.rdkit_failed
None,,nan,,CurationIssue.rdkit_failed
None,,nan,,CurationIssue.rdkit_failed
None,TRIOXSALEN,nan,,CurationIssue.rdkit_failed
None,,nan,,CurationIssue.rdkit_failed
None,,nan,,CurationIssue.rdkit_failed
None,,nan,,CurationIssue.rdkit_failed
None,,nan,,CurationIssue.rdkit_failed
None,,nan,,CurationIssue.rdkit_failed
None,,nan,,CurationIssue.rdkit_failed
None,,nan,,CurationIssue.rdkit_failed
None,,nan,,CurationIssue.rdkit_failed
None,,nan,,CurationIssue.rdkit_failed
None,,nan,,CurationIssue.rdkit_failed
None,,nan,,CurationIssue.rdkit_failed
None,,nan,,CurationIssue.rdkit_failed
COc1ccccc1-c1cncnc1NCc1cccnc1,CHEMBL1530645,0.0,CurationNote.canonical,
CC1=C(C(=O)OCc2ccccc2)C(c2ccccc2)NC(=O)N1CCCCCC(=O)O,CHEMBL411502,0.0,CurationNote.canonical,
CCN(Cc1cc(Cl)cc(C)c1O)Cc1c(O)ccc2ccccc12,CHEMBL1478504,1.0,CurationNote.canonical,
CN1CCN2c3ccccc3Cc3ccccc3[C@@H]2C1,CHEMBL1329927,1.0,CurationNote.canonical,CurationIssue.duplicate
None,,nan,,CurationIssue.rdkit_failed
None,SYNTHALIN,nan,,CurationIssue.rdkit_failed
None,,nan,,CurationIssue.rdkit_failed
None,,nan,,CurationIssue.rdkit_failed
None,,nan,,CurationIssue.rdkit_failed
None,,nan,,CurationIssue.rdkit_failed
None,,nan,,CurationIssue.rdkit_failed
None,,nan,,CurationIssue.rdkit_failed
None,,nan,,CurationIssue.rdkit_failed
CC(C)CC(=O)NC(Sc1ccc(Cl)cc1)C(Cl)(Cl)Cl,CHEMBL1706994,0.0,CurationNote.canonical,CurationIssue.inorganic
c1ccc(N2CCC3(CCNCC3)CC2)cc1,CHEMBL1603322,0.0,CurationNote.canonical,
c1cnc(N2CCC3(CCNCC3)CC2)nc1,CHEMBL1609440,1.0,CurationNote.canonical,
CCCN(CCC)[C@@H]1CCc2ccc(O)cc2C1,CHEMBL301559,1.0,CurationNote.canonical,CurationIssue.duplicate
COc1cc(NCC[C@@H]2CCCCN2)c2ncccc2c1,CHEMBL1436324,1.0,CurationNote.canonical,
COc1ccc2[nH]c3c(c2c1)CCNC3,CHEMBL266084,0.0,CurationNote.canonical,
Cc1cc(C(F)(F)F)nn1CC(=O)Nc1cccnc1,CHEMBL1741947,0.0,CurationNote.canonical,
O=C(c1cc(C(F)(F)F)cc(C(F)(F)F)c1)N1CCC[C@@]2(CCN(Cc3ccncc3)C2)C1,CHEMBL1356842,1.0,CurationNote.canonical,
None,,nan,,CurationIssue.rdkit_failed
O=C(NCC1CCCO1)C(c1cccnc1)N(C(=O)Cc1cccs1)c1ccccc1,CHEMBL1485152,0.0,CurationNote.canonical,
COc1ccc(NC(=O)CSc2nc3ccccc3cc2Cc2ccccc2)cc1,CHEMBL1306717,1.0,CurationNote.canonical,CurationIssue.inorganic
CNCCCC12CCC(c3ccccc31)c1ccccc12,CHEMBL21731,1.0,CurationNote.canonical,CurationIssue.duplicate
Oc1ccc2c3c1O[C@H]1c4oc5ccccc5c4C[C@]4(O)[C@H](C2)N(CC2CC2)CC[C@@]314,CHEMBL1553819,0.0,CurationNote.canonical,
None,,nan,,CurationIssue.rdkit_failed
None,DITOLYLGUANIDINE,nan,,CurationIssue.rdkit_failed
None,,nan,,CurationIssue.rdkit_failed
None,,nan,,CurationIssue.rdkit_failed
None,,nan,,CurationIssue.rdkit_failed
None,,nan,,CurationIssue.rdkit_failed
None,,nan,,CurationIssue.rdkit_failed
None,,nan,,CurationIssue.rdkit_failed
CCCN(CCC)[C@H]1CCc2c(F)ccc(O)c2C1,CHEMBL22778,1.0,CurationNote.canonical,
COc1cccc([C@H]2Oc3ccc(OC)cc3/C(=N\O[C@@H](C)c3cn([C@H](CO)Cc4ccccc4)nn3)[C@@H]2O)c1,CHEMBL1447538,1.0,CurationNote.canonical,
COc1ccc(-n2c(=O)c(-c3cn(C)c4ccccc34)nc3cnc(N4CCNCC4)nc32)cc1,CHEMBL1355010,0.0,CurationNote.canonical,
None,SULFAMERAZINE,nan,,CurationIssue.rdkit_failed
CCOc1c2ccc(C(=O)NCc3ccc(OC(F)(F)F)cc3)cc2nn1CC,CHEMBL1447410,0.0,CurationNote.canonical,
None,,nan,,CurationIssue.rdkit_failed
None,,nan,,CurationIssue.rdkit_failed
None,,nan,,CurationIssue.rdkit_failed
None,,nan,,CurationIssue.rdkit_failed
None,,nan,,CurationIssue.rdkit_failed
None,,nan,,CurationIssue.rdkit_failed
None,,nan,,CurationIssue.rdkit_failed
None,,nan,,CurationIssue.rdkit_failed
None,,nan,,CurationIssue.rdkit_failed
None,,nan,,CurationIssue.rdkit_failed
COc1ccc(CN2CC(C(=O)NCCC3=CCCCC3)CC2=O)cc1,CHEMBL1428554,0.0,CurationNote.canonical,
O=c1cnc2cnc(Oc3ccccc3)nc2n1Cc1cccs1,CHEMBL1553941,0.0,CurationNote.canonical,
None,,nan,,CurationIssue.rdkit_failed
None,,nan,,CurationIssue.rdkit_failed
None,,nan,,CurationIssue.rdkit_failed
None,,nan,,CurationIssue.rdkit_failed
None,,nan,,CurationIssue.rdkit_failed
CCCc1cc(=O)oc2c(CN3CCOCC3)c(O)ccc12,CHEMBL1587369,1.0,CurationNote.canonical,
CC(=O)O.O=C(N/N=C/c1cc([N+](=O)[O-])ccc1N1CCNCC1)c1ccc([N+](=O)[O-])cc1,CHEMBL3198933,0.0,CurationNote.canonical,CurationIssue.mixture
CN(C)C(=O)c1ccc(-c2cc(NCc3ccccc3)ncn2)cc1,CHEMBL1362079,0.0,CurationNote.canonical,
COc1ccc(-n2c(=O)cnc3cnc(Oc4cccc(Cl)c4)nc32)cc1,CHEMBL1395054,0.0,CurationNote.canonical,
COc1ccc(N(CC(=O)Nc2cccc(C)c2)S(=O)(=O)c2c(C)n[nH]c2C)cc1,CHEMBL1364135,0.0,CurationNote.canonical,
NCCCCCCNS(=O)(=O)c1ccc2c(Cl)cccc2c1,CHEMBL1591209,1.0,CurationNote.canonical,
COc1ccc(C(=O)NC(=S)NCc2ccccc2)cc1,CHEMBL1520792,0.0,CurationNote.canonical,
CCOC(=O)c1c(-c2ccccc2)csc1NC(=O)c1cccc(N2C(=O)CCC2=O)c1,CHEMBL1371959,1.0,CurationNote.canonical,
CN1CCN(CCCN2c3ccccc3Sc3ccc(C(F)(F)F)cc32)CC1,CHEMBL422,1.0,CurationNote.canonical,CurationIssue.inorganic
O=C(Nc1cc(Sc2ccccn2)cc([N+](=O)[O-])c1)c1ccc(Cl)cc1,CHEMBL1588349,1.0,CurationNote.canonical,CurationIssue.inorganic
COn1c(SCc2ccc(Cl)cc2)nc2ccccc2c1=O,CHEMBL1399898,1.0,CurationNote.canonical,
c1ccc(Nc2nc(-c3ccc4c(c3)OCO4)nc3ccccc23)cc1,CHEMBL1396384,0.0,CurationNote.canonical,
None,,nan,,CurationIssue.rdkit_failed
COc1ccc(S(=O)(=O)NCCC(=O)NC(C)c2ccccc2)cc1,CHEMBL1573306,0.0,CurationNote.canonical,
None,,nan,,CurationIssue.rdkit_failed
Oc1ccc2ccccc2c1/C=N\Cc1c(O)ccc2ccccc12,CHEMBL1574693,1.0,CurationNote.canonical,
CN1CCN(c2ncc3nc(-c4ccc(Cl)cc4)c(=O)n(Cc4ccc(F)cc4)c3n2)CC1,CHEMBL1397877,0.0,CurationNote.canonical,
O=C1C(Cl)=C(Nc2ccc(S(=O)(=O)Nc3ccccn3)cc2)C(=O)c2ccccc21,CHEMBL1214274,1.0,CurationNote.canonical,
None,TETRYLAMMONIUM,nan,,CurationIssue.rdkit_failed
None,,nan,,CurationIssue.rdkit_failed
None,,nan,,CurationIssue.rdkit_failed
None,,nan,,CurationIssue.rdkit_failed
None,,nan,,CurationIssue.rdkit_failed
None,,nan,,CurationIssue.rdkit_failed
None,,nan,,CurationIssue.rdkit_failed
None,,nan,,CurationIssue.rdkit_failed
None,,nan,,CurationIssue.rdkit_failed
COc1ccc(-n2nnnc2SCC(=O)Nc2ccccc2)cc1,CHEMBL1501882,1.0,CurationNote.canonical,
,CHEMBL1560012,1.0,CurationNote.canonical,CurationIssue.duplicate
None,,nan,,CurationIssue.rdkit_failed
None,,nan,,CurationIssue.rdkit_failed
None,,nan,,CurationIssue.rdkit_failed
None,,nan,,CurationIssue.rdkit_failed
None,,nan,,CurationIssue.rdkit_failed
None,,nan,,CurationIssue.rdkit_failed
None,,nan,,CurationIssue.rdkit_failed
None,,nan,,CurationIssue.rdkit_failed
OCCN1CCN(CC/C=C2/c3ccccc3Sc3ccc(Cl)cc32)CC1,CHEMBL53904,1.0,CurationNote.canonical,CurationIssue.inorganic
None,CI-218872,nan,,CurationIssue.rdkit_failed
FC(F)(F)c1ccccc1-c1cncnc1NCc1ccccc1,CHEMBL491742,0.0,CurationNote.canonical,
None,,nan,,CurationIssue.rdkit_failed
None,,nan,,CurationIssue.rdkit_failed
None,,nan,,CurationIssue.rdkit_failed
None,,nan,,CurationIssue.rdkit_failed
None,SPERMINE,nan,,CurationIssue.rdkit_failed
CCOc1c2ccc(C(=O)NCc3ccc4c(c3)OCO4)cc2nn1CCOC,CHEMBL1459103,0.0,CurationNote.canonical,
COc1ccc(NC(=O)CSc2nc(C)c3c(c2C#N)CCCC3)cc1,CHEMBL1337408,1.0,CurationNote.canonical,CurationIssue.inorganic
c1ccc(CC2=NCCN2)cc1,CHEMBL770,0.0,CurationNote.canonical,
CCOc1nnc(C)c2c(C)n(-c3ccc(Cl)cc3)nc12,CHEMBL1599861,0.0,CurationNote.canonical,
CCOCCN1CCC(OC(C)=O)C(C)C1.Cl,CHEMBL1741364,0.0,CurationNote.canonical,CurationIssue.mixture
CN(C)C(=O)c1ccc(-c2nc(N(C)Cc3ccco3)c3ccccc3n2)cc1,CHEMBL1590197,0.0,CurationNote.canonical,
CCCn1nc2cc(C(=O)NCCc3ccc(C)cc3)ccc2c1OCC,CHEMBL1448803,1.0,CurationNote.canonical,
CC(=O)OC[C@H]1O[C@@H](ON=C(C)C)[C@H](OC(C)=O)[C@@H](OC(C)=O)[C@H]1OC(C)=O,CHEMBL1317928,1.0,CurationNote.canonical,
None,,nan,,CurationIssue.rdkit_failed
CCN(CC)c1nc2ccccc2[nH]1.Cl,CHEMBL1579956,0.0,CurationNote.canonical,CurationIssue.mixture
COc1ccc2[nH]cc(CCNc3cc(-c4ccccc4OC)ncn3)c2c1,CHEMBL1356439,0.0,CurationNote.canonical,
N#Cc1cccc(NC(=O)N2CC3(CCN(C(=O)c4cc(C(F)(F)F)cc(C(F)(F)F)c4)CC3)C2)c1,CHEMBL1481741,0.0,CurationNote.canonical,
COc1ccc(CNc2ncnc3ccc(-c4ccoc4)cc23)c(OC)c1,CHEMBL1526697,1.0,CurationNote.canonical,
CCCCCC1=C2CNC(C)(C(=O)OC)C=C2C(C)C1=O,CHEMBL1324697,0.0,CurationNote.canonical,
COC(=O)[C@@H]1CC[C@H](C)[C@@H](c2ccc(C)cc2)N1C(=O)c1ccc(/C=N\O[C@@H](C)CN2CCCc3nc(C)c(C)cc32)cc1,CHEMBL1394855,1.0,CurationNote.canonical,
COCC(=O)N1CCC2(CCN(Cc3ccccc3)CC2)CC1,CHEMBL1556283,0.0,CurationNote.canonical,
Cn1cccc1C(=O)N1CCC[C@@]2(CCN(Cc3cc(C(F)(F)F)cc(C(F)(F)F)c3)C2)C1,CHEMBL1321338,1.0,CurationNote.canonical,
CCC/C=C(\CCC)C(NS(=O)(=O)c1ccc(-c2ccccc2)cc1)c1ccc(C(=O)OC)cc1,CHEMBL1371572,0.0,CurationNote.canonical,
Cc1cccc(C)c1-n1c(SCC(=O)NCc2ccco2)nc2ccccc2c1=O,CHEMBL1489981,0.0,CurationNote.canonical,
c1cc(NC2CC2)nc(-c2ccoc2)n1,CHEMBL1553740,0.0,CurationNote.canonical,
COc1cc(OC)c(OC)cc1/C=N\CC1(c2ccccc2)CCCC1.Cl,CHEMBL3208639,0.0,CurationNote.canonical,CurationIssue.mixture
O=C(NCc1ccccc1)c1onc(CSc2ccc(F)cc2)c1C(=O)NCCCN1CCOCC1,CHEMBL1471091,1.0,CurationNote.canonical,CurationIssue.inorganic
CCCN1CCc2cc(O)cc3c2[C@H]1Cc1ccc(O)c(O)c1-3,CHEMBL288096,0.0,CurationNote.canonical,
CC(C)(C)n1ncc2c(=O)n(Cc3ccc(Cl)cc3Cl)cnc21,CHEMBL1544250,0.0,CurationNote.canonical,
Clc1ccccc1C(c1ccccc1)(c1ccccc1)n1ccnc1,CHEMBL104,1.0,CurationNote.canonical,CurationIssue.duplicate
Cl.N#Cc1ccc(C(c2nnnn2Cc2ccccc2)N2CCCC2)cc1,CHEMBL1404940,1.0,CurationNote.canonical,CurationIssue.mixture
COc1ccc(C(=O)N2CCC3(CCCN(Cc4ccccc4)C3)CC2)cc1,CHEMBL1482880,1.0,CurationNote.canonical,
Cc1cccc(C)c1NC(=O)CSc1nnc(-c2ccccc2)n1Cc1ccc2c(c1)OCO2,CHEMBL1562730,1.0,CurationNote.canonical,CurationIssue.inorganic
COc1ccccc1CN1CC2(CCN(C(=O)c3ccncc3)CC2)C1,CHEMBL1512722,1.0,CurationNote.canonical,
COc1ccc(NC(=O)N2CCCC3(CCN(C(=O)c4c(C)noc4C)CC3)C2)cc1,CHEMBL1316210,1.0,CurationNote.canonical,
None,,nan,,CurationIssue.rdkit_failed
CCN(CC)CCOc1ccc(/C(=C(\Cl)c2ccccc2)c2ccccc2)cc1.O=C(O)CC(O)(CC(=O)O)C(=O)O,CHEMBL1213137,1.0,CurationNote.canonical,CurationIssue.mixture
CCCn1nc2cc(C(=O)NCCCCc3ccccc3)ccc2c1OCC,CHEMBL1490544,1.0,CurationNote.canonical,
CCNc1ncc2nc(-c3ccccc3)c(=O)n(CCOC)c2n1,CHEMBL1395974,1.0,CurationNote.canonical,
CN1CCC(=C2c3ccccc3Sc3ccccc32)CC1,CHEMBL152408,1.0,CurationNote.canonical,CurationIssue.inorganic
OCC/N=C1\CCCc2c1[nH]c1ccc(Br)cc21,CHEMBL3191765,1.0,CurationNote.canonical,
None,,nan,,CurationIssue.rdkit_failed
None,,nan,,CurationIssue.rdkit_failed
COc1ccc(Nc2ncc(C(=O)N3CCN(c4ccc(F)cc4)CC3)c3ccccc23)cc1,CHEMBL1517195,0.0,CurationNote.canonical,
None,,nan,,CurationIssue.rdkit_failed
None,,nan,,CurationIssue.rdkit_failed
None,,nan,,CurationIssue.rdkit_failed
CN1CCc2cc(Cl)c(O)cc2[C@@H](c2ccccc2)C1,CHEMBL62,0.0,CurationNote.canonical,
None,,nan,,CurationIssue.rdkit_failed
None,URAPIDIL,nan,,CurationIssue.rdkit_failed
None,,nan,,CurationIssue.rdkit_failed
None,DILAZEP,nan,,CurationIssue.rdkit_failed
c1ccc(CCCCN2CCC(c3ccccc3)CC2)cc1,CHEMBL325238,1.0,CurationNote.canonical,
Fc1ccc(C(OCCCc2c[nH]cn2)c2ccc(F)cc2)cc1,CHEMBL1179104,1.0,CurationNote.canonical,
CCCC(=O)NC(Nc1cccc(C(F)(F)F)c1)C(Cl)(Cl)Cl,CHEMBL1366260,1.0,CurationNote.canonical,
COc1ccc(C2=NN(C)/C(=N\Cc3ccccc3)SC2)cc1,CHEMBL1992166,1.0,CurationNote.canonical,
O=C(Nc1ccc(Cl)cc1)OCc1cn(-c2ccc(Cl)cc2)nn1,CHEMBL1301716,1.0,CurationNote.canonical,
None,,nan,,CurationIssue.rdkit_failed
COc1cc(/C=N/O)cc(Br)c1OCc1ccc(Cl)cc1,CHEMBL3199540,0.0,CurationNote.canonical,
O=C(CCN1CCN(CC(=O)Nc2ccccc2Cl)CC1)Nc1ccccc1F,CHEMBL1456464,1.0,CurationNote.canonical,
None,,nan,,CurationIssue.rdkit_failed
None,ZARDAVERINE,nan,,CurationIssue.rdkit_failed
None,,nan,,CurationIssue.rdkit_failed
None,,nan,,CurationIssue.rdkit_failed
O=C(N/C(=C/c1cccs1)c1nc2ccccc2[nH]1)c1ccccc1,CHEMBL1699751,0.0,CurationNote.canonical,
C/C(CCN1CCCc2nc(C)c(C)cc21)=N\OC[C@@H](O)COCc1ccco1,CHEMBL1529384,1.0,CurationNote.canonical,
None,,nan,,CurationIssue.rdkit_failed
None,,nan,,CurationIssue.rdkit_failed
None,,nan,,CurationIssue.rdkit_failed
None,,nan,,CurationIssue.rdkit_failed
None,,nan,,CurationIssue.rdkit_failed
None,,nan,,CurationIssue.rdkit_failed
None,,nan,,CurationIssue.rdkit_failed
None,,nan,,CurationIssue.rdkit_failed
None,,nan,,CurationIssue.rdkit_failed
None,,nan,,CurationIssue.rdkit_failed
None,,nan,,CurationIssue.rdkit_failed
O=C(CN1CCN(S(=O)(=O)c2ccc(Cl)cc2)CC1)Nc1ccc2c(c1)OCO2,CHEMBL1430379,1.0,CurationNote.canonical,
C/N=c1\nc(-c2ccccc2)n(-c2ccccc2)s1,CHEMBL161867,0.0,CurationNote.canonical,
None,,nan,,CurationIssue.rdkit_failed
None,,nan,,CurationIssue.rdkit_failed
None,,nan,,CurationIssue.rdkit_failed
O=C(c1csnn1)N1CCC2(CC1)CN(Cc1cc(C(F)(F)F)cc(C(F)(F)F)c1)C2,CHEMBL1354403,0.0,CurationNote.canonical,
O=P(c1ccccc1)(c1ccccc1)N1CC2(CC2)CC(O)(c2ccccc2)C1,CHEMBL1602476,0.0,CurationNote.canonical,
None,,nan,,CurationIssue.rdkit_failed
None,,nan,,CurationIssue.rdkit_failed
None,,nan,,CurationIssue.rdkit_failed
None,,nan,,CurationIssue.rdkit_failed
None,,nan,,CurationIssue.rdkit_failed
None,PROCAINAMIDE,nan,,CurationIssue.rdkit_failed
None,,nan,,CurationIssue.rdkit_failed
None,,nan,,CurationIssue.rdkit_failed
None,,nan,,CurationIssue.rdkit_failed
None,,nan,,CurationIssue.rdkit_failed
None,,nan,,CurationIssue.rdkit_failed
None,,nan,,CurationIssue.rdkit_failed
None,,nan,,CurationIssue.rdkit_failed
None,,nan,,CurationIssue.rdkit_failed
None,,nan,,CurationIssue.rdkit_failed
C/C=C(\C)C(=O)O[C@@H]1C(C)=C2[C@@H]3OC(=O)[C@](C)(O)[C@@]3(O)[C@H](OC(=O)CCC)C[C@](C)(OC(C)=O)[C@H]2[C@@H]1OC(=O)CCCCCCC,CHEMBL1355952,0.0,CurationNote.canonical,
COC(=O)[C@H]1C[C@@H]1[C@H](NC(=O)c1cc(C)nn1C)c1ccccc1,CHEMBL1568744,0.0,CurationNote.canonical,
O=S(=O)(c1ccc(Cl)s1)N1CCc2ccccc2C1,CHEMBL1389687,0.0,CurationNote.canonical,
c1ccc2c(CC3=NCCN3)cccc2c1,CHEMBL761,1.0,CurationNote.canonical,
CN1CCN(C(=O)O[C@@H]2c3nccnc3C(=O)N2c2ccc(Cl)cn2)CC1,CHEMBL250053,0.0,CurationNote.canonical,
Cc1ccccc1CS(=O)(=O)CCC(=O)NCCCN1CCN(c2ccccc2F)CC1,CHEMBL1528351,1.0,CurationNote.canonical,
O=C(CSCc1cccc(Br)c1)N/N=C/c1ccc2c(c1)OCO2,CHEMBL3199708,1.0,CurationNote.canonical,
COc1ccc([N+](=O)[O-])cc1NC(=O)CC(C)c1ccccc1,CHEMBL1406644,0.0,CurationNote.canonical,
NCCN1C(=O)c2ccccc2[C@@]1(O)c1ccc(Cl)cc1,CHEMBL1570480,1.0,CurationNote.canonical,
Clc1ccccc1-c1nc(-c2ccncc2)no1,CHEMBL1402420,1.0,CurationNote.canonical,
Cc1ccc2occ(/C=C/C(=O)O)c(=O)c2c1,CHEMBL1544357,0.0,CurationNote.canonical,
CCCC[C@@H]1C[C@H]1C(NC(=O)c1cccnc1)c1ccc(Cl)cc1,CHEMBL1557564,0.0,CurationNote.canonical,
O=C(Nc1cccc(F)c1)N1CC2(CCN(S(=O)(=O)c3ccccc3)CC2)C1,CHEMBL1514045,0.0,CurationNote.canonical,
None,,nan,,CurationIssue.rdkit_failed
None,,nan,,CurationIssue.rdkit_failed
None,,nan,,CurationIssue.rdkit_failed
None,GOSSYPOL,nan,,CurationIssue.rdkit_failed
Cc1cc(NC(=O)COc2ccc(Cl)cc2Cl)n(-c2ccccc2)n1,CHEMBL1608397,1.0,CurationNote.canonical,
CC(C)N(CCCNC(=O)C1CCN(S(=O)(=O)N2CCOCC2)CC1)Cc1ccccc1,CHEMBL1741855,0.0,CurationNote.canonical,
Cc1cc(C(C)(C)C)cc(C)c1CC1=NCCN1,CHEMBL312448,0.0,CurationNote.canonical,
O=C(Nc1cccc(-c2nc3ccccc3s2)c1)c1ccc2c(c1)OCO2,CHEMBL1558939,1.0,CurationNote.canonical,
COc1ccc(Oc2ncc3nc(C)c(=O)n(Cc4ccc(F)cc4)c3n2)cc1,CHEMBL1529330,1.0,CurationNote.canonical,
Cn1cccc1C(=O)N1CCC2(CC1)CCN(c1ccncc1)CC2,CHEMBL1361468,0.0,CurationNote.canonical,
CC(=O)[O-].CCN(CC)CC[n+]1ccc2c(C)c3[nH]c4ccc(O)cc4c3c(C)c2c1,CHEMBL1790009,1.0,CurationNote.canonical,CurationIssue.mixture
O=C(c1cnc(N2CCN(c3ncccn3)CC2)c2ccccc12)N1CCN(c2ccccn2)CC1,CHEMBL1341400,0.0,CurationNote.canonical,
CN(C)Cc1ccccc1-c1ccc2ncnc(NC3CCNCC3)c2c1,CHEMBL1562663,1.0,CurationNote.canonical,
O=C(NCCNC(=O)c1cc(OCC(F)(F)F)ccc1OCC(F)(F)F)Nc1ccc(OC(F)(F)F)cc1,CHEMBL1311978,0.0,CurationNote.canonical,
Cc1nc(-c2ccc(-c3ccc(C(=O)N4CCc5cc6c(cc54)C4(CCN(C)CC4)CO6)cc3)c(C)c2)no1,CHEMBL281350,0.0,CurationNote.canonical,CurationIssue.disagreeing_duplicate
COc1cc2ncnc(Nc3cccc(Br)c3)c2cc1OC,CHEMBL29197,1.0,CurationNote.canonical,
O=C(Nc1ccccc1)c1cc([N+](=O)[O-])ccc1Cl,CHEMBL375270,1.0,CurationNote.canonical,
O=C(Nc1ccc(S(=O)(=O)N2CCCC2)cc1)c1ccc(CN2CCOCC2)cc1,CHEMBL1607407,1.0,CurationNote.canonical,
Cn1cccc1C(=O)N1CCC2(CCCN(Cc3ccncc3)C2)CC1,CHEMBL1554465,1.0,CurationNote.canonical,
CCOc1ccc(/C=C/C2=Cc3c(sc(NC(=O)CSc4n[nH]c(N)n4)c3C#N)C(C)(C)C2)cc1,CHEMBL1300494,1.0,CurationNote.canonical,CurationIssue.inorganic
COc1ccccc1CNc1nc(-c2cccc(NS(C)(=O)=O)c2)nc2ccccc12,CHEMBL1596756,1.0,CurationNote.canonical,
CCOc1ccc2nc(N3CCCCCC3)sc2c1,CHEMBL1496611,1.0,CurationNote.canonical,
COc1ccc2[nH]cc(CCNc3cc(-c4ccccc4C(F)(F)F)ncn3)c2c1,CHEMBL1562791,0.0,CurationNote.canonical,
Cn1cccc1C(=O)N1CCC[C@@]2(CCN(Cc3nccs3)C2)C1,CHEMBL1603595,0.0,CurationNote.canonical,
CC(C)=NO[C@@H](C)CN1CCCc2nc(C)c(C)cc21,CHEMBL1514604,1.0,CurationNote.canonical,
None,,nan,,CurationIssue.rdkit_failed
None,1R,9S-HYDRASTINE,nan,,CurationIssue.rdkit_failed
None,,nan,,CurationIssue.rdkit_failed
None,,nan,,CurationIssue.rdkit_failed
None,,nan,,CurationIssue.rdkit_failed
None,,nan,,CurationIssue.rdkit_failed
None,,nan,,CurationIssue.rdkit_failed
None,,nan,,CurationIssue.rdkit_failed
None,,nan,,CurationIssue.rdkit_failed
None,,nan,,CurationIssue.rdkit_failed
None,,nan,,CurationIssue.rdkit_failed
None,,nan,,CurationIssue.rdkit_failed
None,,nan,,CurationIssue.rdkit_failed
None,,nan,,CurationIssue.rdkit_failed
None,,nan,,CurationIssue.rdkit_failed
None,,nan,,CurationIssue.rdkit_failed
None,,nan,,CurationIssue.rdkit_failed
None,,nan,,CurationIssue.rdkit_failed
None,,nan,,CurationIssue.rdkit_failed
None,,nan,,CurationIssue.rdkit_failed
None,,nan,,CurationIssue.rdkit_failed
None,,nan,,CurationIssue.rdkit_failed
None,,nan,,CurationIssue.rdkit_failed
None,,nan,,CurationIssue.rdkit_failed
None,,nan,,CurationIssue.rdkit_failed
None,,nan,,CurationIssue.rdkit_failed
None,,nan,,CurationIssue.rdkit_failed
None,,nan,,CurationIssue.rdkit_failed
None,,nan,,CurationIssue.rdkit_failed
None,,nan,,CurationIssue.rdkit_failed
None,,nan,,CurationIssue.rdkit_failed
None,,nan,,CurationIssue.rdkit_failed
None,,nan,,CurationIssue.rdkit_failed
None,,nan,,CurationIssue.rdkit_failed
None,,nan,,CurationIssue.rdkit_failed
None,,nan,,CurationIssue.rdkit_failed
None,,nan,,CurationIssue.rdkit_failed
None,,nan,,CurationIssue.rdkit_failed
None,,nan,,CurationIssue.rdkit_failed
None,CARMUSTINE,nan,,CurationIssue.rdkit_failed
None,,nan,,CurationIssue.rdkit_failed
None,1-Aminocyclopropane carboxylic acid,nan,,CurationIssue.rdkit_failed
None,,nan,,CurationIssue.rdkit_failed
None,,nan,,CurationIssue.rdkit_failed
None,,nan,,CurationIssue.rdkit_failed
None,,nan,,CurationIssue.rdkit_failed
None,,nan,,CurationIssue.rdkit_failed
None,,nan,,CurationIssue.rdkit_failed
None,,nan,,CurationIssue.rdkit_failed
None,,nan,,CurationIssue.rdkit_failed
None,,nan,,CurationIssue.rdkit_failed
None,,nan,,CurationIssue.rdkit_failed
None,DILTIAZEM,nan,,CurationIssue.rdkit_failed
None,,nan,,CurationIssue.rdkit_failed
None,ZOLANTIDINE,nan,,CurationIssue.rdkit_failed
None,,nan,,CurationIssue.rdkit_failed
None,,nan,,CurationIssue.rdkit_failed
None,MONO-N-ACETYL DAPSONE,nan,,CurationIssue.rdkit_failed
None,,nan,,CurationIssue.rdkit_failed
None,,nan,,CurationIssue.rdkit_failed
None,,nan,,CurationIssue.rdkit_failed
None,,nan,,CurationIssue.rdkit_failed
CC(C)(C)n1ncc2c(=O)n(CC(=O)NCc3ccccc3Cl)cnc21,CHEMBL1350339,0.0,CurationNote.canonical,
COc1ccc(Cc2c(N)nc(N)nc2N)cc1,CHEMBL1457603,0.0,CurationNote.canonical,
OC(CCCN1CCCCC1)(c1ccccc1)c1ccccc1,CHEMBL936,1.0,CurationNote.canonical,
CC(=O)N1CCC2(CC1)CN(c1cccc(-c3ccccc3)c1)C2,CHEMBL1317504,0.0,CurationNote.canonical,
CCOC(=O)C(/C=N/CC(=O)O)=C(\O)OCC,CHEMBL3214196,0.0,CurationNote.canonical,
Cc1ccc(/C(=C/CN2CCCC2)c2ccccn2)cc1,CHEMBL252745,1.0,CurationNote.canonical,CurationIssue.duplicate
CN(C)Cc1ccccc1-c1cc(NCc2cccs2)ncn1,CHEMBL1320190,1.0,CurationNote.canonical,
CO/N=C(/CNC(=O)c1cccc(Cl)c1)c1ccc(Cl)cc1,CHEMBL3214277,0.0,CurationNote.canonical,
CC1(C)SC(=S)N(NC(=O)Nc2ccccc2)C1N(O)C(=O)Nc1ccccc1,CHEMBL1384157,0.0,CurationNote.canonical,
CC(C)N(CCNC(=O)C1CCC(=O)N1Cc1ccc(F)cc1)Cc1ccccc1,CHEMBL1564361,1.0,CurationNote.canonical,
COc1ccc(C(=O)OC2C[C@@H]3CC[C@H](C2)N3C)cc1OC,CHEMBL1514821,1.0,CurationNote.canonical,
O=C1c2ccccc2C(=O)N1Cc1cc(-c2ccccc2Cl)no1,CHEMBL1544332,1.0,CurationNote.canonical,
COc1ccc2cc3cc(C(=O)NCc4ccc5c(c4)OCO5)oc3nc2c1,CHEMBL1372404,1.0,CurationNote.canonical,
CC(CC(=O)Nc1ccc(Cl)c([N+](=O)[O-])c1)c1ccccc1,CHEMBL1498258,1.0,CurationNote.canonical,
c1ccc(CN2CCC3(CCc4ccccc43)CC2)cc1,CHEMBL292477,1.0,CurationNote.canonical,
C=CCN1CCc2c(cc(O)c(O)c2Br)[C@H](c2ccccc2)C1,CHEMBL286424,0.0,CurationNote.canonical,
CCN(CC)CCN1c2ccccc2Sc2ccc3ccccc3c21,CHEMBL1485000,1.0,CurationNote.canonical,CurationIssue.inorganic
CCCC[C@@H]1C[C@H]1C(NC(=O)c1ccco1)c1ccc(Cl)cc1,CHEMBL1524944,0.0,CurationNote.canonical,
O=C(c1ccncc1)N1CCC2(CCN(Cc3ccccc3)CC2)CC1,CHEMBL1479470,0.0,CurationNote.canonical,
CCOC(=O)C1=C(c2ccccc2)N=c2s/c(=C\c3ccco3)c(=O)n2C1c1cccs1,CHEMBL3196704,0.0,CurationNote.canonical,
CC(C)c1ccc2c(c1)CC[C@H]1[C@@](C)(CN)CCC[C@@]21C.O=C(O)c1ccccc1,CHEMBL1377795,1.0,CurationNote.canonical,CurationIssue.mixture
CCCCNc1c(C(=O)OCC)c(C)nc2c1cnn2CC,CHEMBL84567,1.0,CurationNote.canonical,
COc1ccc(CNc2ncnc3ccc(-c4ccc5c(c4)OCO5)cc23)c(OC)c1,CHEMBL1592803,1.0,CurationNote.canonical,
C[C@@H]1CC[C@H]2C(=O)N3[C@H](CC[C@@H](C)[C@@H]3c3ccc(-c4ccco4)cc3)C(=O)N2[C@H]1c1ccc(-c2ccco2)cc1,CHEMBL1357609,1.0,CurationNote.canonical,
C[N+]1(C)CCc2cc3c(cc2[C@@H]1[C@@H]1OC(=O)c2c1ccc1c2OCO1)OCO3,CHEMBL1358836,0.0,CurationNote.canonical,
CS(=O)(=O)Nc1cccc(-c2cc(Nc3ccccc3)ncn2)c1,CHEMBL1323759,0.0,CurationNote.canonical,
CCCCN(CCCC)CCCOC(=O)c1ccc(N)cc1,CHEMBL129529,1.0,CurationNote.canonical,
CN(C(=O)c1ccc(Cl)c(Cl)c1)[C@H]1CCCC[C@@H]1N1CCCC1,CHEMBL1551981,1.0,CurationNote.canonical,
None,,nan,,CurationIssue.rdkit_failed
None,,nan,,CurationIssue.rdkit_failed
None,,nan,,CurationIssue.rdkit_failed
None,,nan,,CurationIssue.rdkit_failed
None,,nan,,CurationIssue.rdkit_failed
None,,nan,,CurationIssue.rdkit_failed
None,,nan,,CurationIssue.rdkit_failed
None,,nan,,CurationIssue.rdkit_failed
None,,nan,,CurationIssue.rdkit_failed
None,,nan,,CurationIssue.rdkit_failed
C/C(CCc1ccc2c(c1)OCO2)=N\NC1=NC(=O)CC(C(=O)Nc2ccccc2)S1,CHEMBL3197465,1.0,CurationNote.canonical,
None,,nan,,CurationIssue.rdkit_failed
None,,nan,,CurationIssue.rdkit_failed
None,,nan,,CurationIssue.rdkit_failed
None,,nan,,CurationIssue.rdkit_failed
None,,nan,,CurationIssue.rdkit_failed
None,,nan,,CurationIssue.rdkit_failed
None,,nan,,CurationIssue.rdkit_failed
Clc1ccccc1-c1n[nH]c(-c2ccccc2)n1,CHEMBL1546037,0.0,CurationNote.canonical,
COc1ccccc1OCC(=O)N/N=C1/SCC(=O)N1Cc1ccccc1,CHEMBL3212319,0.0,CurationNote.canonical,
COc1ccc(CCCOc2cc(CCn3ccnc3)ccc2OC)cc1,CHEMBL1332270,1.0,CurationNote.canonical,
None,,nan,,CurationIssue.rdkit_failed
O=c1c2cc(Br)ccc2nc(-c2cccc(C(F)(F)F)c2)n1O,CHEMBL1308052,1.0,CurationNote.canonical,
C[C@@H](Cc1cccc(C(F)(F)F)c1)NCCCc1ccccc1,CHEMBL1611225,1.0,CurationNote.canonical,
COC(=O)c1sccc1NC(=O)CSc1ccc(Cl)cc1,CHEMBL1303042,0.0,CurationNote.canonical,CurationIssue.inorganic
Sc1nnc(C2CCCCC2)n1/N=C/c1cccs1,CHEMBL3194935,1.0,CurationNote.canonical,CurationIssue.inorganic
CS(=O)(=O)O.OC(CCN1CCCCC1)(c1ccccc1)c1ccccc1,CHEMBL1528011,1.0,CurationNote.canonical,CurationIssue.mixture
CCOc1ccc(Cc2nc3cc(N=C=S)ccc3n2CCN(CC)CC)cc1,CHEMBL38832,1.0,CurationNote.canonical,
None,,nan,,CurationIssue.rdkit_failed
None,,nan,,CurationIssue.rdkit_failed
COc1ccc2nc(C)cc(SCC(=O)NNC(=O)COc3ccc(C)cc3)c2c1,CHEMBL1367845,1.0,CurationNote.canonical,
None,,nan,,CurationIssue.rdkit_failed
None,,nan,,CurationIssue.rdkit_failed
None,,nan,,CurationIssue.rdkit_failed
O=[N+]([O-])c1cccc(/C=N\Nc2ccc3ccccc3n2)c1O,CHEMBL1356395,1.0,CurationNote.canonical,
CCOC(=O)c1ccccc1Oc1c(F)c(F)nc(NCCO)c1F,CHEMBL1504481,0.0,CurationNote.canonical,
None,,nan,,CurationIssue.rdkit_failed
COCCNc1ccnc(-c2ccccc2CN(C)C)n1,CHEMBL1330404,0.0,CurationNote.canonical,
CCNc1ncc2nc(CCc3ccccc3)c(=O)n(C)c2n1,CHEMBL1370480,1.0,CurationNote.canonical,
COc1cc(N)c(Cl)cc1C(=O)NC1CCN(Cc2ccccc2)CC1,CHEMBL325109,1.0,CurationNote.canonical,
Cc1cc(-c2ccccc2)nnc1NCCN1CCOCC1,CHEMBL278819,1.0,CurationNote.canonical,
Cn1ncc(C#N)c1NC(=O)C1CC(c2ccc(Cl)cc2)=NO1,CHEMBL1725270,1.0,CurationNote.canonical,
COc1ccc(O[C@H]2C=C[C@@H](c3ccccc3)O[C@H]2COC(=O)N2CCCCC2)cc1,CHEMBL1554936,1.0,CurationNote.canonical,
Cc1ccccc1-c1nc(NCc2cccs2)c2ccccc2n1,CHEMBL1394113,0.0,CurationNote.canonical,
CN1CCN(CCc2ccc(Cl)c(Cl)c2)CC1,CHEMBL73824,0.0,CurationNote.canonical,
S=C(S)N1CCCC1,CHEMBL399491,1.0,CurationNote.canonical,
C=CCOC(=O)/C(=C\c1cccc2ccccc12)NC(=O)c1ccccc1,CHEMBL1584188,0.0,CurationNote.canonical,
None,,nan,,CurationIssue.rdkit_failed
None,,nan,,CurationIssue.rdkit_failed
None,,nan,,CurationIssue.rdkit_failed
None,,nan,,CurationIssue.rdkit_failed
None,,nan,,CurationIssue.rdkit_failed
None,,nan,,CurationIssue.rdkit_failed
None,,nan,,CurationIssue.rdkit_failed
None,,nan,,CurationIssue.rdkit_failed
None,,nan,,CurationIssue.rdkit_failed
None,,nan,,CurationIssue.rdkit_failed
None,,nan,,CurationIssue.rdkit_failed
None,,nan,,CurationIssue.rdkit_failed
None,,nan,,CurationIssue.rdkit_failed
None,,nan,,CurationIssue.rdkit_failed
None,METYRAPONE,nan,,CurationIssue.rdkit_failed
None,,nan,,CurationIssue.rdkit_failed
None,,nan,,CurationIssue.rdkit_failed
None,,nan,,CurationIssue.rdkit_failed
None,OXAPROZIN,nan,,CurationIssue.rdkit_failed
None,,nan,,CurationIssue.rdkit_failed
None,,nan,,CurationIssue.rdkit_failed
None,,nan,,CurationIssue.rdkit_failed
None,,nan,,CurationIssue.rdkit_failed
None,MAFENIDE,nan,,CurationIssue.rdkit_failed
None,,nan,,CurationIssue.rdkit_failed
None,,nan,,CurationIssue.rdkit_failed
None,,nan,,CurationIssue.rdkit_failed
None,,nan,,CurationIssue.rdkit_failed
None,,nan,,CurationIssue.rdkit_failed
None,,nan,,CurationIssue.rdkit_failed
None,,nan,,CurationIssue.rdkit_failed
None,,nan,,CurationIssue.rdkit_failed
None,,nan,,CurationIssue.rdkit_failed
None,,nan,,CurationIssue.rdkit_failed
None,,nan,,CurationIssue.rdkit_failed
None,,nan,,CurationIssue.rdkit_failed
None,,nan,,CurationIssue.rdkit_failed
None,,nan,,CurationIssue.rdkit_failed
None,,nan,,CurationIssue.rdkit_failed
None,,nan,,CurationIssue.rdkit_failed
None,,nan,,CurationIssue.rdkit_failed
None,,nan,,CurationIssue.rdkit_failed
None,,nan,,CurationIssue.rdkit_failed
None,,nan,,CurationIssue.rdkit_failed
None,,nan,,CurationIssue.rdkit_failed
COc1ccc2[nH]c3c(c2c1)CCN=C3C,CHEMBL338115,1.0,CurationNote.canonical,
COCCc1ccc(OC[C@H](O)CNC(C)C)cc1.COCCc1ccc(OC[C@H](O)CNC(C)C)cc1.O=C(O)C(O)C(O)C(=O)O,CHEMBL2062339,0.0,CurationNote.canonical,CurationIssue.mixture
CCN(c1ccccc1)c1cc(NC)[n+](C)c(C)n1,CHEMBL1314022,1.0,CurationNote.canonical,
None,,nan,,CurationIssue.rdkit_failed
None,,nan,,CurationIssue.rdkit_failed
None,,nan,,CurationIssue.rdkit_failed
None,,nan,,CurationIssue.rdkit_failed
None,,nan,,CurationIssue.rdkit_failed
None,,nan,,CurationIssue.rdkit_failed
None,,nan,,CurationIssue.rdkit_failed
None,,nan,,CurationIssue.rdkit_failed
None,,nan,,CurationIssue.rdkit_failed
None,,nan,,CurationIssue.rdkit_failed
None,TILARGININE,nan,,CurationIssue.rdkit_failed
None,,nan,,CurationIssue.rdkit_failed
None,,nan,,CurationIssue.rdkit_failed
C=CCNS(=O)(=O)c1cccc2cc(C(=O)O)c(O)cc12,CHEMBL1574567,0.0,CurationNote.canonical,
O=C(CN1CCN(Cc2ccccc2)CC1)N1CCCc2c1c(=O)oc1ccc(O)cc21,CHEMBL1440032,0.0,CurationNote.canonical,
CCN(CC)CCNC(=O)COc1ccc(OC)cc1,CHEMBL1368380,0.0,CurationNote.canonical,
None,,nan,,CurationIssue.rdkit_failed
None,APIGENIN,nan,,CurationIssue.rdkit_failed
None,,nan,,CurationIssue.rdkit_failed
None,,nan,,CurationIssue.rdkit_failed
None,,nan,,CurationIssue.rdkit_failed
None,,nan,,CurationIssue.rdkit_failed
None,,nan,,CurationIssue.rdkit_failed
None,,nan,,CurationIssue.rdkit_failed
None,,nan,,CurationIssue.rdkit_failed
None,,nan,,CurationIssue.rdkit_failed
None,,nan,,CurationIssue.rdkit_failed
None,,nan,,CurationIssue.rdkit_failed
None,,nan,,CurationIssue.rdkit_failed
None,,nan,,CurationIssue.rdkit_failed
None,,nan,,CurationIssue.rdkit_failed
Cc1ccc(C(=O)C2CCNCC2)cc1.Cl,CHEMBL1321935,1.0,CurationNote.canonical,CurationIssue.mixture
CCNc1ncc2nc(CCc3ccccc3)c(=O)n(CCOC)c2n1,CHEMBL1594020,1.0,CurationNote.canonical,
Cl.NCCCCCc1nnc(SCc2ccc(Cl)c(Cl)c2)o1,CHEMBL1524904,1.0,CurationNote.canonical,CurationIssue.mixture
CCNc1ncc2nc(-c3cn(C)c4ccccc34)c(=O)n(C)c2n1,CHEMBL1336793,0.0,CurationNote.canonical,
O=C(NC1CCCC1)C(c1ccsc1)N(Cc1ccccc1)C(=O)Cc1cccs1,CHEMBL1403307,0.0,CurationNote.canonical,
CCNc1ncc2nc(-c3cc(F)cc(F)c3)c(=O)n(C[C@H]3CCCO3)c2n1,CHEMBL1517999,1.0,CurationNote.canonical,
COc1ccc(-c2noc(CCCC(=O)NCCc3ccccc3)n2)cc1OC,CHEMBL1488264,0.0,CurationNote.canonical,
COc1ccccc1C1(CC(=O)Nc2nccs2)CCOC(C(C)C)C1,CHEMBL1546319,0.0,CurationNote.canonical,
OC(COCc1ccccc1)Cn1cnc2ccccc21,CHEMBL1705167,0.0,CurationNote.canonical,
CCOc1ccccc1NC(=O)CSc1nnc(-c2cnccn2)n1C,CHEMBL1721191,0.0,CurationNote.canonical,CurationIssue.inorganic
CC(C)(C)NC(=O)C(Cc1ccccc1)NS(=O)(=O)c1ccc2c(c1)CCC(=O)N2,CHEMBL1340386,0.0,CurationNote.canonical,
Cc1ccccc1-c1nc(NC2CC2)c2ccccc2n1,CHEMBL1551913,0.0,CurationNote.canonical,
CN1CCN(c2ncnc3ccc(-c4cccnc4)cc23)CC1,CHEMBL1596499,0.0,CurationNote.canonical,
CC(C)(C)c1cc2cccnc2n1Cc1cccc(F)c1,CHEMBL1576417,1.0,CurationNote.canonical,
Cc1ccccc1C(=O)c1c[nH]c(C(=O)NCc2cccs2)c1,CHEMBL1393064,0.0,CurationNote.canonical,
O=C(N/N=C/c1ccc(F)cc1)c1ccc(Br)cc1,CHEMBL3191343,1.0,CurationNote.canonical,
COc1nc(Oc2ccc(/C=N/O)cc2)nc(N(C)C)n1,CHEMBL3196744,0.0,CurationNote.canonical,
c1ccc2c3c([nH]c2c1)[C@@H]1[C@H]2CC[C@H]([C@H]4CCCN[C@@H]24)N1CC3,CHEMBL1558916,1.0,CurationNote.canonical,
COc1ccc(CN2CCN(C(=O)c3cccs3)CC2)cc1Br,CHEMBL1441290,1.0,CurationNote.canonical,
O=C(c1ccc(C(F)(F)F)cc1)c1c[nH]c(C(=O)NCCCn2ccnc2)c1,CHEMBL1735134,1.0,CurationNote.canonical,
Cc1ccc(N2C(=O)/C(=C/N3CCN(C(=O)c4ccco4)CC3)C(=O)NC2=S)cc1C,CHEMBL1351579,1.0,CurationNote.canonical,
Cc1noc(C)c1-c1nccc(NCc2cccnc2)n1,CHEMBL1364182,0.0,CurationNote.canonical,
CCOC(=O)N1CCN(C(=O)c2ccc3nc(N4CCC(C)CC4)sc3c2)CC1,CHEMBL1304405,0.0,CurationNote.canonical,
COc1ccc(C(=O)c2ccccc2)cc1Br,CHEMBL1331674,0.0,CurationNote.canonical,
CO/N=C(/CNC(=O)c1ccc(Cl)cc1Cl)c1ccc(Cl)cc1,CHEMBL3210367,1.0,CurationNote.canonical,
O=C1CCC(c2ccccc2)=NN1c1nc2ccccc2s1,CHEMBL1600292,1.0,CurationNote.canonical,
S=C(Nc1ccccc1)Nc1ccccc1C#Cc1ccccc1,CHEMBL1434149,0.0,CurationNote.canonical,
CN(C)c1ncc2nc(-c3ccc(Cl)cc3)c(=O)n(C[C@H]3CCCO3)c2n1,CHEMBL1440302,1.0,CurationNote.canonical,
Cc1ccnc(NC(=O)c2cccc(NC(=O)COc3ccccc3)c2)c1,CHEMBL1582198,0.0,CurationNote.canonical,
COc1cc(N)c(Cl)cc1C(=O)OCCCN1CCCCC1,CHEMBL83954,1.0,CurationNote.canonical,
CC#CCOC(=O)c1c(C)nc2sc3c(c2c1N)CC[C@@H](O)C3,CHEMBL1318470,0.0,CurationNote.canonical,
COc1ccc(CNc2ncncc2-c2ccccc2Cl)c(OC)c1,CHEMBL491578,1.0,CurationNote.canonical,
None,,nan,,CurationIssue.rdkit_failed
None,,nan,,CurationIssue.rdkit_failed
None,,nan,,CurationIssue.rdkit_failed
None,,nan,,CurationIssue.rdkit_failed
None,ENOXACIN,nan,,CurationIssue.rdkit_failed
None,,nan,,CurationIssue.rdkit_failed
None,,nan,,CurationIssue.rdkit_failed
None,,nan,,CurationIssue.rdkit_failed
None,,nan,,CurationIssue.rdkit_failed
None,,nan,,CurationIssue.rdkit_failed
None,,nan,,CurationIssue.rdkit_failed
None,,nan,,CurationIssue.rdkit_failed
None,POMIFERIN,nan,,CurationIssue.rdkit_failed
None,,nan,,CurationIssue.rdkit_failed
None,,nan,,CurationIssue.rdkit_failed
None,,nan,,CurationIssue.rdkit_failed
None,,nan,,CurationIssue.rdkit_failed
None,,nan,,CurationIssue.rdkit_failed
None,,nan,,CurationIssue.rdkit_failed
None,,nan,,CurationIssue.rdkit_failed
None,,nan,,CurationIssue.rdkit_failed
None,,nan,,CurationIssue.rdkit_failed
None,,nan,,CurationIssue.rdkit_failed
None,,nan,,CurationIssue.rdkit_failed
None,SULFISOXAZOLE,nan,,CurationIssue.rdkit_failed
None,,nan,,CurationIssue.rdkit_failed
None,,nan,,CurationIssue.rdkit_failed
None,,nan,,CurationIssue.rdkit_failed
None,TESTOSTERONE PROPIONATE,nan,,CurationIssue.rdkit_failed
None,,nan,,CurationIssue.rdkit_failed
None,,nan,,CurationIssue.rdkit_failed
None,,nan,,CurationIssue.rdkit_failed
None,BENZAMIDINE,nan,,CurationIssue.rdkit_failed
None,,nan,,CurationIssue.rdkit_failed
None,,nan,,CurationIssue.rdkit_failed
Cc1c(N2CCCC2)cc2c(c1NC(=O)c1ccccc1Cl)C(C)(C)CC2(C)C,CHEMBL1336796,1.0,CurationNote.canonical,
None,,nan,,CurationIssue.rdkit_failed
None,,nan,,CurationIssue.rdkit_failed
CN1CCN(NC(=O)c2cccc(F)c2)CC1,CHEMBL1699997,0.0,CurationNote.canonical,
None,,nan,,CurationIssue.rdkit_failed
None,,nan,,CurationIssue.rdkit_failed
None,,nan,,CurationIssue.rdkit_failed
None,,nan,,CurationIssue.rdkit_failed
None,LY-294002,nan,,CurationIssue.rdkit_failed
None,,nan,,CurationIssue.rdkit_failed
None,,nan,,CurationIssue.rdkit_failed
None,,nan,,CurationIssue.rdkit_failed
None,,nan,,CurationIssue.rdkit_failed
None,,nan,,CurationIssue.rdkit_failed
None,,nan,,CurationIssue.rdkit_failed
None,,nan,,CurationIssue.rdkit_failed
None,,nan,,CurationIssue.rdkit_failed
None,,nan,,CurationIssue.rdkit_failed
None,,nan,,CurationIssue.rdkit_failed
None,,nan,,CurationIssue.rdkit_failed
None,,nan,,CurationIssue.rdkit_failed
None,,nan,,CurationIssue.rdkit_failed
None,,nan,,CurationIssue.rdkit_failed
None,,nan,,CurationIssue.rdkit_failed
None,BRIMONIDINE,nan,,CurationIssue.rdkit_failed
None,,nan,,CurationIssue.rdkit_failed
None,,nan,,CurationIssue.rdkit_failed
None,,nan,,CurationIssue.rdkit_failed
None,,nan,,CurationIssue.rdkit_failed
None,,nan,,CurationIssue.rdkit_failed
None,,nan,,CurationIssue.rdkit_failed
None,,nan,,CurationIssue.rdkit_failed
None,,nan,,CurationIssue.rdkit_failed
None,,nan,,CurationIssue.rdkit_failed
None,,nan,,CurationIssue.rdkit_failed
None,,nan,,CurationIssue.rdkit_failed
None,,nan,,CurationIssue.rdkit_failed
None,,nan,,CurationIssue.rdkit_failed
None,,nan,,CurationIssue.rdkit_failed
None,,nan,,CurationIssue.rdkit_failed
None,SULFADIAZINE,nan,,CurationIssue.rdkit_failed
None,,nan,,CurationIssue.rdkit_failed
None,,nan,,CurationIssue.rdkit_failed
None,RANITIDINE,nan,,CurationIssue.rdkit_failed
None,,nan,,CurationIssue.rdkit_failed
None,,nan,,CurationIssue.rdkit_failed
None,,nan,,CurationIssue.rdkit_failed
None,,nan,,CurationIssue.rdkit_failed
None,,nan,,CurationIssue.rdkit_failed
None,,nan,,CurationIssue.rdkit_failed
None,,nan,,CurationIssue.rdkit_failed
None,ANABASINE,nan,,CurationIssue.rdkit_failed
None,,nan,,CurationIssue.rdkit_failed
None,,nan,,CurationIssue.rdkit_failed
None,,nan,,CurationIssue.rdkit_failed
None,,nan,,CurationIssue.rdkit_failed
None,,nan,,CurationIssue.rdkit_failed
None,,nan,,CurationIssue.rdkit_failed
None,TILARGININE,nan,,CurationIssue.rdkit_failed
CN1CCN(c2ncncc2-c2ccoc2)CC1,CHEMBL1594704,0.0,CurationNote.canonical,
None,,nan,,CurationIssue.rdkit_failed
None,,nan,,CurationIssue.rdkit_failed
None,,nan,,CurationIssue.rdkit_failed
None,,nan,,CurationIssue.rdkit_failed
None,,nan,,CurationIssue.rdkit_failed
CCNc1ncc2nc(-c3ccc(F)cc3)c(=O)n(-c3ccc(OC)cc3)c2n1,CHEMBL1590321,1.0,CurationNote.canonical,
COc1ccc(CCC(C)Nc2cccc(F)c2)cc1,CHEMBL1313459,1.0,CurationNote.canonical,
COC(=O)/C=C/CSC1=N/C(=C/c2ccc(-n3cncn3)cc2)C(=O)N1,CHEMBL1536844,0.0,CurationNote.canonical,
COc1ccc(S(=O)(=O)/N=C2/C=CC(=O)C(C)=C2C)cc1,CHEMBL3194463,0.0,CurationNote.canonical,
Cc1cccc(CNc2cc(-c3ccccc3Cl)ncn2)c1,CHEMBL1601662,0.0,CurationNote.canonical,
O=C1C=C(Nc2ccc(Cl)cc2)CC(c2ccc(Cl)cc2)C1,CHEMBL1599388,1.0,CurationNote.canonical,
Cc1cccc(CNc2cc(-c3cccnc3)ncn2)c1,CHEMBL1552707,1.0,CurationNote.canonical,
C=CCn1c(SCc2nc3ccccc3[nH]2)nnc1-c1cccc(OC)c1,CHEMBL1323183,1.0,CurationNote.canonical,
CCCC(=O)Nc1ccc2nc(SCC(=O)Nc3ccc(N4CCOCC4)c(Cl)c3)sc2c1,CHEMBL1361455,1.0,CurationNote.canonical,
None,TPCK,nan,,CurationIssue.rdkit_failed
None,,nan,,CurationIssue.rdkit_failed
None,,nan,,CurationIssue.rdkit_failed
COc1ccccc1-c1ccc2ncnc(N(C)Cc3ccco3)c2c1,CHEMBL1589925,0.0,CurationNote.canonical,
CC(C)NC(=O)N1CCCC2(CCN(C(=O)c3csnn3)CC2)C1,CHEMBL1472899,0.0,CurationNote.canonical,
Cc1cccc(NC(S)=Nc2ccc(Br)cc2)c1,CHEMBL1491271,1.0,CurationNote.canonical,
C[C@@H](CN(C)C)CN1c2ccccc2CCc2ccccc21,CHEMBL1435477,1.0,CurationNote.canonical,
O=C(CCN1C[C@H]2CC[C@H](CC2)C1)c1cccs1,CHEMBL1412225,1.0,CurationNote.canonical,
O=S(=O)(c1ccccc1)N1CCC2(CCCN(c3ccncc3)C2)CC1,CHEMBL1473753,1.0,CurationNote.canonical,
Nc1ncnc2c1c(-c1ccc(Oc3ccccc3)cc1)cn2C1CCCC1,CHEMBL47940,0.0,CurationNote.canonical,
None,,nan,,CurationIssue.rdkit_failed
None,,nan,,CurationIssue.rdkit_failed
O=C(c1ccccc1)c1c[nH]c(C(=O)NCCCn2ccnc2)c1,CHEMBL1741463,1.0,CurationNote.canonical,
None,,nan,,CurationIssue.rdkit_failed
None,,nan,,CurationIssue.rdkit_failed
None,,nan,,CurationIssue.rdkit_failed
None,,nan,,CurationIssue.rdkit_failed
None,,nan,,CurationIssue.rdkit_failed
None,,nan,,CurationIssue.rdkit_failed
None,,nan,,CurationIssue.rdkit_failed
None,,nan,,CurationIssue.rdkit_failed
None,,nan,,CurationIssue.rdkit_failed
None,,nan,,CurationIssue.rdkit_failed
None,,nan,,CurationIssue.rdkit_failed
None,CARBOXYMETHOXYLAMINE,nan,,CurationIssue.rdkit_failed
None,,nan,,CurationIssue.rdkit_failed
None,,nan,,CurationIssue.rdkit_failed
None,ANPIRTOLINE,nan,,CurationIssue.rdkit_failed
None,,nan,,CurationIssue.rdkit_failed
None,,nan,,CurationIssue.rdkit_failed
None,,nan,,CurationIssue.rdkit_failed
None,,nan,,CurationIssue.rdkit_failed
None,,nan,,CurationIssue.rdkit_failed
None,,nan,,CurationIssue.rdkit_failed
None,,nan,,CurationIssue.rdkit_failed
None,,nan,,CurationIssue.rdkit_failed
None,,nan,,CurationIssue.rdkit_failed
None,,nan,,CurationIssue.rdkit_failed
None,,nan,,CurationIssue.rdkit_failed
None,,nan,,CurationIssue.rdkit_failed
None,,nan,,CurationIssue.rdkit_failed
None,,nan,,CurationIssue.rdkit_failed
None,,nan,,CurationIssue.rdkit_failed
None,,nan,,CurationIssue.rdkit_failed
None,,nan,,CurationIssue.rdkit_failed
None,,nan,,CurationIssue.rdkit_failed
None,,nan,,CurationIssue.rdkit_failed
None,MECLOFENAMATE SODIUM,nan,,CurationIssue.rdkit_failed
None,,nan,,CurationIssue.rdkit_failed
None,DECAMETHONIUM,nan,,CurationIssue.rdkit_failed
None,,nan,,CurationIssue.rdkit_failed
None,,nan,,CurationIssue.rdkit_failed
None,,nan,,CurationIssue.rdkit_failed
None,,nan,,CurationIssue.rdkit_failed
None,,nan,,CurationIssue.rdkit_failed
None,,nan,,CurationIssue.rdkit_failed
O=C(CSc1nnc2c3ccccc3c3ccccc3c2n1)Nc1ccccc1,CHEMBL1471920,1.0,CurationNote.canonical,CurationIssue.inorganic
None,,nan,,CurationIssue.rdkit_failed
None,,nan,,CurationIssue.rdkit_failed
None,,nan,,CurationIssue.rdkit_failed
None,,nan,,CurationIssue.rdkit_failed
None,,nan,,CurationIssue.rdkit_failed
None,,nan,,CurationIssue.rdkit_failed
None,,nan,,CurationIssue.rdkit_failed
None,,nan,,CurationIssue.rdkit_failed
None,,nan,,CurationIssue.rdkit_failed
None,,nan,,CurationIssue.rdkit_failed
None,,nan,,CurationIssue.rdkit_failed
None,,nan,,CurationIssue.rdkit_failed
None,,nan,,CurationIssue.rdkit_failed
,CHEMBL1327263,1.0,CurationNote.canonical,CurationIssue.duplicate
None,,nan,,CurationIssue.rdkit_failed
None,,nan,,CurationIssue.rdkit_failed
C=CC1CN2CCC1CC2[C@@H](O)c1ccnc2ccc(OC)cc12,CHEMBL97,1.0,CurationNote.canonical,CurationIssue.duplicate
CC(/C=N/n1c(S)nnc1-c1cccnc1)=C\c1ccccc1,CHEMBL3199536,1.0,CurationNote.canonical,
Cc1cccc(OCCn2c(-c3ccco3)nc3ccccc32)c1,CHEMBL1321535,1.0,CurationNote.canonical,
COc1ccc(S(=O)(=O)N2CCCN(CC(=O)C(C)(C)C)CC2)cc1,CHEMBL1510194,0.0,CurationNote.canonical,
None,,nan,,CurationIssue.rdkit_failed
None,,nan,,CurationIssue.rdkit_failed
None,,nan,,CurationIssue.rdkit_failed
None,,nan,,CurationIssue.rdkit_failed
None,,nan,,CurationIssue.rdkit_failed
None,,nan,,CurationIssue.rdkit_failed
None,,nan,,CurationIssue.rdkit_failed
None,,nan,,CurationIssue.rdkit_failed
None,,nan,,CurationIssue.rdkit_failed
None,,nan,,CurationIssue.rdkit_failed
None,,nan,,CurationIssue.rdkit_failed
None,,nan,,CurationIssue.rdkit_failed
None,,nan,,CurationIssue.rdkit_failed
None,MYCOPHENOLIC ACID,nan,,CurationIssue.rdkit_failed
None,,nan,,CurationIssue.rdkit_failed
None,,nan,,CurationIssue.rdkit_failed
None,,nan,,CurationIssue.rdkit_failed
None,,nan,,CurationIssue.rdkit_failed
None,,nan,,CurationIssue.rdkit_failed
None,,nan,,CurationIssue.rdkit_failed
None,,nan,,CurationIssue.rdkit_failed
COc1ccc(C(=O)N2CCC[C@@]3(CCN(Cc4ccccc4)C3)C2)cc1,CHEMBL1316897,1.0,CurationNote.canonical,
C[C@@H]1CC[C@H]2C(=O)NC[C@@H](O)CN2[C@@H]1c1ccc(Br)cc1,CHEMBL1603100,1.0,CurationNote.canonical,
O=C(Nc1ccccc1)OCc1cc(-c2ccc(Cl)cc2)on1,CHEMBL1581055,1.0,CurationNote.canonical,
None,,nan,,CurationIssue.rdkit_failed
None,,nan,,CurationIssue.rdkit_failed
None,,nan,,CurationIssue.rdkit_failed
None,,nan,,CurationIssue.rdkit_failed
None,,nan,,CurationIssue.rdkit_failed
None,TOLAZAMIDE,nan,,CurationIssue.rdkit_failed
C=CC[C@@H]1C=C[C@H](O/N=C2\c3cc(OC)ccc3O[C@H](c3cccc(OC)c3)[C@H]2O)[C@H](CO)O1,CHEMBL1395992,1.0,CurationNote.canonical,
CC(=O)N1CCC2(CC1)CCN(c1cccc(-c3ccccc3)c1)CC2,CHEMBL1452065,0.0,CurationNote.canonical,
O=C(C[n+]1ccc2ccccc2c1)c1ccc2ccc3ccccc3c2c1,CHEMBL1328480,1.0,CurationNote.canonical,
O=C(Nc1ccc(S(=O)(=O)N2CCCCC2)cc1)c1ccc(CN2CCc3ccccc3C2)cc1,CHEMBL1607187,1.0,CurationNote.canonical,
None,,nan,,CurationIssue.rdkit_failed
None,,nan,,CurationIssue.rdkit_failed
None,,nan,,CurationIssue.rdkit_failed
None,,nan,,CurationIssue.rdkit_failed
None,,nan,,CurationIssue.rdkit_failed
None,,nan,,CurationIssue.rdkit_failed
None,,nan,,CurationIssue.rdkit_failed
None,,nan,,CurationIssue.rdkit_failed
Cc1ccc(OCCCn2c(=O)sc3ccccc32)cc1,CHEMBL1339404,0.0,CurationNote.canonical,
None,,nan,,CurationIssue.rdkit_failed
None,,nan,,CurationIssue.rdkit_failed
None,,nan,,CurationIssue.rdkit_failed
None,,nan,,CurationIssue.rdkit_failed
None,,nan,,CurationIssue.rdkit_failed
None,,nan,,CurationIssue.rdkit_failed
None,,nan,,CurationIssue.rdkit_failed
None,,nan,,CurationIssue.rdkit_failed
None,,nan,,CurationIssue.rdkit_failed
None,,nan,,CurationIssue.rdkit_failed
None,,nan,,CurationIssue.rdkit_failed
None,,nan,,CurationIssue.rdkit_failed
None,,nan,,CurationIssue.rdkit_failed
None,,nan,,CurationIssue.rdkit_failed
None,,nan,,CurationIssue.rdkit_failed
None,,nan,,CurationIssue.rdkit_failed
None,,nan,,CurationIssue.rdkit_failed
None,,nan,,CurationIssue.rdkit_failed
None,,nan,,CurationIssue.rdkit_failed
None,,nan,,CurationIssue.rdkit_failed
None,,nan,,CurationIssue.rdkit_failed
None,,nan,,CurationIssue.rdkit_failed
CCC1CCc2c(c3ccccc3[nH]c2=O)O1,CHEMBL1472214,0.0,CurationNote.canonical,
Clc1ccccc1-c1cncnc1NCCN1CCOCC1,CHEMBL1315716,1.0,CurationNote.canonical,
None,,nan,,CurationIssue.rdkit_failed
CC(=O)NCCNc1ncncc1-c1ccccc1CN(C)C,CHEMBL1513247,0.0,CurationNote.canonical,
None,,nan,,CurationIssue.rdkit_failed
Clc1ccc(Cl)c(SCCCN2CCNCC2)c1,CHEMBL189724,1.0,CurationNote.canonical,
COc1cc2nc3c(c([Si](C)(C)C(C)(C)C)c2cc1OC)Cn1c-3cccc1=O,CHEMBL1565125,0.0,CurationNote.canonical,CurationIssue.inorganic
CCOc1cc(/C=C2\C(=O)N(Cc3ccc(C)cc3)C(C)=C2C(=O)OC)ccc1O,CHEMBL1543793,1.0,CurationNote.canonical,
Clc1ccc2c(N3CCC(CCC4CCN(c5ncnc6cc(Cl)ccc56)CC4)CC3)ncnc2c1,CHEMBL1329326,1.0,CurationNote.canonical,
CC(C)Cn1cnc2c(SCc3ccc(Cl)cc3Cl)nc(N)nc21,CHEMBL1608337,1.0,CurationNote.canonical,
COc1ccc(CCN2C(=O)C(Oc3ccccc3C)C2c2ccc3c(c2)OCO3)cc1OC,CHEMBL1479218,0.0,CurationNote.canonical,
None,,nan,,CurationIssue.rdkit_failed
None,,nan,,CurationIssue.rdkit_failed
None,,nan,,CurationIssue.rdkit_failed
None,,nan,,CurationIssue.rdkit_failed
None,,nan,,CurationIssue.rdkit_failed
None,,nan,,CurationIssue.rdkit_failed
None,,nan,,CurationIssue.rdkit_failed
None,,nan,,CurationIssue.rdkit_failed
None,,nan,,CurationIssue.rdkit_failed
None,,nan,,CurationIssue.rdkit_failed
None,,nan,,CurationIssue.rdkit_failed
None,,nan,,CurationIssue.rdkit_failed
None,,nan,,CurationIssue.rdkit_failed
None,,nan,,CurationIssue.rdkit_failed
None,,nan,,CurationIssue.rdkit_failed
None,,nan,,CurationIssue.rdkit_failed
None,,nan,,CurationIssue.rdkit_failed
None,,nan,,CurationIssue.rdkit_failed
O=C1c2ccccc2NC(c2ccc(F)cc2)N1Cc1ccco1,CHEMBL1530805,1.0,CurationNote.canonical,
Cc1cc(N)c2ccccc2[n+]1CCCCCCCCCCCCCC[n+]1c(C)cc(N)c2ccccc21,CHEMBL1257056,1.0,CurationNote.canonical,
O=S(=O)(NCc1cc(-c2ccccc2Cl)no1)c1ccccc1,CHEMBL1732035,0.0,CurationNote.canonical,
CN(C(=O)Cc1ccccc1)[C@H](CN1CCCC1)c1ccccc1,CHEMBL94734,1.0,CurationNote.canonical,
Cc1noc(C)c1C(=O)N1CCC2(CCCN(CC(C)C)C2)CC1,CHEMBL1476711,0.0,CurationNote.canonical,
COc1ccc(CCN(C(=O)C(F)(F)F)C(C(=O)NC2CCCC2)c2cccs2)cc1,CHEMBL1568370,0.0,CurationNote.canonical,
None,,nan,,CurationIssue.rdkit_failed
None,,nan,,CurationIssue.rdkit_failed
None,,nan,,CurationIssue.rdkit_failed
None,,nan,,CurationIssue.rdkit_failed
None,,nan,,CurationIssue.rdkit_failed
None,,nan,,CurationIssue.rdkit_failed
None,,nan,,CurationIssue.rdkit_failed
None,,nan,,CurationIssue.rdkit_failed
None,,nan,,CurationIssue.rdkit_failed
None,,nan,,CurationIssue.rdkit_failed
None,,nan,,CurationIssue.rdkit_failed
None,,nan,,CurationIssue.rdkit_failed
None,,nan,,CurationIssue.rdkit_failed
None,,nan,,CurationIssue.rdkit_failed
None,,nan,,CurationIssue.rdkit_failed
None,,nan,,CurationIssue.rdkit_failed
None,,nan,,CurationIssue.rdkit_failed
None,,nan,,CurationIssue.rdkit_failed
None,,nan,,CurationIssue.rdkit_failed
None,,nan,,CurationIssue.rdkit_failed
None,,nan,,CurationIssue.rdkit_failed
Brc1ccc(/N=C/C=C/C=C/Nc2ccc(Br)cc2)cc1.Cl,CHEMBL3211462,0.0,CurationNote.canonical,CurationIssue.mixture
O=C(CNC(=O)c1cccs1)NCC(=O)OCc1ccc(Cl)cc1Cl,CHEMBL1488997,1.0,CurationNote.canonical,
None,,nan,,CurationIssue.rdkit_failed
None,,nan,,CurationIssue.rdkit_failed
None,,nan,,CurationIssue.rdkit_failed
None,,nan,,CurationIssue.rdkit_failed
None,,nan,,CurationIssue.rdkit_failed
None,,nan,,CurationIssue.rdkit_failed
None,,nan,,CurationIssue.rdkit_failed
None,,nan,,CurationIssue.rdkit_failed
None,,nan,,CurationIssue.rdkit_failed
None,,nan,,CurationIssue.rdkit_failed
None,,nan,,CurationIssue.rdkit_failed
None,,nan,,CurationIssue.rdkit_failed
None,,nan,,CurationIssue.rdkit_failed
None,,nan,,CurationIssue.rdkit_failed
None,MEFENAMIC ACID,nan,,CurationIssue.rdkit_failed
None,,nan,,CurationIssue.rdkit_failed
None,,nan,,CurationIssue.rdkit_failed
None,MOXONIDINE,nan,,CurationIssue.rdkit_failed
None,,nan,,CurationIssue.rdkit_failed
C=CCOc1ccc(CNC(C)(C)CO)cc1OCC.Cl,CHEMBL1418135,1.0,CurationNote.canonical,CurationIssue.mixture
c1cc(N2CCCC3(CCNCC3)C2)ccn1,CHEMBL1437088,1.0,CurationNote.canonical,
O=C(OCCCN1CCCCC1)c1ccc(O)cc1,CHEMBL1741618,1.0,CurationNote.canonical,
None,HYDROXYAMINE,nan,,CurationIssue.rdkit_failed
CC(C)OC(=O)C1=C2SCC(=O)N2C(N)=C(C#N)C1,CHEMBL1602549,0.0,CurationNote.canonical,
None,,nan,,CurationIssue.rdkit_failed
None,,nan,,CurationIssue.rdkit_failed
None,PIRIBEDIL,nan,,CurationIssue.rdkit_failed
None,,nan,,CurationIssue.rdkit_failed
COc1ccc2[nH]cc(CCNc3ccnc(-c4ccc(N(C)C)cc4)n3)c2c1,CHEMBL1611496,1.0,CurationNote.canonical,
O=C(CCn1nc(-c2ccc(Cl)cc2)c2ccccc2c1=O)NCCN1CCOCC1,CHEMBL1742381,0.0,CurationNote.canonical,
None,,nan,,CurationIssue.rdkit_failed
None,,nan,,CurationIssue.rdkit_failed
None,,nan,,CurationIssue.rdkit_failed
None,ESTRONE,nan,,CurationIssue.rdkit_failed
None,MUSCIMOL,nan,,CurationIssue.rdkit_failed
None,,nan,,CurationIssue.rdkit_failed
None,,nan,,CurationIssue.rdkit_failed
None,,nan,,CurationIssue.rdkit_failed
None,,nan,,CurationIssue.rdkit_failed
None,,nan,,CurationIssue.rdkit_failed
None,,nan,,CurationIssue.rdkit_failed
None,,nan,,CurationIssue.rdkit_failed
None,,nan,,CurationIssue.rdkit_failed
None,,nan,,CurationIssue.rdkit_failed
None,,nan,,CurationIssue.rdkit_failed
None,(S)-NIMODIPINE,nan,,CurationIssue.rdkit_failed
COc1ccc(O[C@H]2C=C[C@@H](c3ccccc3)O[C@H]2COC(=O)CC/C(C)=N/O[C@@H]2O[C@H](COC(C)=O)[C@H](OC(C)=O)[C@H](OC(C)=O)[C@H]2OC(C)=O)cc1,CHEMBL1328943,1.0,CurationNote.canonical,
O=C(c1csnn1)N1CCC2(CC1)CN(c1ccccn1)C2,CHEMBL1322818,0.0,CurationNote.canonical,
None,,nan,,CurationIssue.rdkit_failed
None,FUSARIC ACID,nan,,CurationIssue.rdkit_failed
None,,nan,,CurationIssue.rdkit_failed
CCCOc1ccc(Cn2c(C)nc([N+](=O)[O-])c2SCC(O)COC)cc1[N+](=O)[O-],CHEMBL1600871,0.0,CurationNote.canonical,
Cc1ccc(CS(=O)(=O)CCC(=O)NCc2cccs2)cc1,CHEMBL1596762,0.0,CurationNote.canonical,
None,,nan,,CurationIssue.rdkit_failed
None,,nan,,CurationIssue.rdkit_failed
None,,nan,,CurationIssue.rdkit_failed
None,SULFAMETER,nan,,CurationIssue.rdkit_failed
None,,nan,,CurationIssue.rdkit_failed
None,,nan,,CurationIssue.rdkit_failed
None,,nan,,CurationIssue.rdkit_failed
None,,nan,,CurationIssue.rdkit_failed
None,,nan,,CurationIssue.rdkit_failed
None,,nan,,CurationIssue.rdkit_failed
None,SALICYLURIC ACID,nan,,CurationIssue.rdkit_failed
None,,nan,,CurationIssue.rdkit_failed
None,CHOLINE,nan,,CurationIssue.rdkit_failed
None,,nan,,CurationIssue.rdkit_failed
None,TOPOTECAN HYDROCHLORIDE,nan,,CurationIssue.rdkit_failed
None,,nan,,CurationIssue.rdkit_failed
None,,nan,,CurationIssue.rdkit_failed
None,,nan,,CurationIssue.rdkit_failed
None,,nan,,CurationIssue.rdkit_failed
None,,nan,,CurationIssue.rdkit_failed
None,,nan,,CurationIssue.rdkit_failed
None,,nan,,CurationIssue.rdkit_failed
None,,nan,,CurationIssue.rdkit_failed
None,,nan,,CurationIssue.rdkit_failed
CC(C)(O)C#Cc1ccc(C(=O)NCc2cccs2)s1,CHEMBL1583320,0.0,CurationNote.canonical,
O=C(c1ccc2c(c1)OCCO2)C1CCN(S(=O)(=O)c2ccccc2F)CC1,CHEMBL1441572,1.0,CurationNote.canonical,
CSc1cccc(NC(=O)c2ccc(Cl)nc2)c1,CHEMBL1403034,0.0,CurationNote.canonical,CurationIssue.inorganic
CCC(C)NC(=O)Cn1cnc2sc(C)cc2c1=O,CHEMBL1558609,0.0,CurationNote.canonical,
None,,nan,,CurationIssue.rdkit_failed
CCCC[C@H]1C[C@@H]1[C@@H]1N(P(=O)(c2ccccc2)c2ccccc2)[C@](CO)(c2ccccc2)CC12CC2,CHEMBL1486638,1.0,CurationNote.canonical,
COc1ccc([N+](=O)[O-])cc1N(CC(O)CN(CC(C)C)CC(C)C)S(=O)(=O)c1ccccc1,CHEMBL1419672,1.0,CurationNote.canonical,
None,NIZATIDINE,nan,,CurationIssue.rdkit_failed
None,,nan,,CurationIssue.rdkit_failed
None,,nan,,CurationIssue.rdkit_failed
None,,nan,,CurationIssue.rdkit_failed
None,,nan,,CurationIssue.rdkit_failed
None,,nan,,CurationIssue.rdkit_failed
CS(=O)(=O)N1CCC2(CCCN(Cc3ccccc3)C2)CC1,CHEMBL1524577,1.0,CurationNote.canonical,
None,,nan,,CurationIssue.rdkit_failed
None,,nan,,CurationIssue.rdkit_failed
None,CRESOL,nan,,CurationIssue.rdkit_failed
None,,nan,,CurationIssue.rdkit_failed
None,,nan,,CurationIssue.rdkit_failed
None,,nan,,CurationIssue.rdkit_failed
None,,nan,,CurationIssue.rdkit_failed
Cc1cc2ccccc2n1CCNC(=O)C1CCCC1,CHEMBL1572599,0.0,CurationNote.canonical,
Cc1ccccc1-n1cnc2cc(NCc3cccs3)ccc21,CHEMBL1418178,1.0,CurationNote.canonical,
CN(C)Cc1ccccc1-c1nc(N2CCOCC2)c2ccccc2n1,CHEMBL1612893,1.0,CurationNote.canonical,
,CHEMBL1569823,1.0,CurationNote.canonical,CurationIssue.duplicate
O=C(CN(c1ccccc1)S(=O)(=O)c1ccccc1)NCCSCc1ccco1,CHEMBL1353420,0.0,CurationNote.canonical,
COc1cc(OC)c(C(=O)CCCN2CCCC2)c(OC)c1,CHEMBL188921,1.0,CurationNote.canonical,
Cc1cccc(NC(=O)CSc2nc(COc3ccccc3)nc3ccccc23)c1C,CHEMBL1301326,0.0,CurationNote.canonical,CurationIssue.inorganic
CC(C)Oc1cccnc1N(C)C1CCN(Cc2ccccc2)CC1,CHEMBL1179189,1.0,CurationNote.canonical,
None,,nan,,CurationIssue.rdkit_failed
None,,nan,,CurationIssue.rdkit_failed
None,,nan,,CurationIssue.rdkit_failed
None,,nan,,CurationIssue.rdkit_failed
None,,nan,,CurationIssue.rdkit_failed
None,(-)-EPICATECHIN,nan,,CurationIssue.rdkit_failed
None,,nan,,CurationIssue.rdkit_failed
None,,nan,,CurationIssue.rdkit_failed
None,,nan,,CurationIssue.rdkit_failed
None,,nan,,CurationIssue.rdkit_failed
None,,nan,,CurationIssue.rdkit_failed
None,,nan,,CurationIssue.rdkit_failed
None,,nan,,CurationIssue.rdkit_failed
None,,nan,,CurationIssue.rdkit_failed
None,,nan,,CurationIssue.rdkit_failed
None,,nan,,CurationIssue.rdkit_failed
None,,nan,,CurationIssue.rdkit_failed
None,,nan,,CurationIssue.rdkit_failed
None,,nan,,CurationIssue.rdkit_failed
None,,nan,,CurationIssue.rdkit_failed
None,,nan,,CurationIssue.rdkit_failed
None,,nan,,CurationIssue.rdkit_failed
None,,nan,,CurationIssue.rdkit_failed
None,,nan,,CurationIssue.rdkit_failed
None,,nan,,CurationIssue.rdkit_failed
None,,nan,,CurationIssue.rdkit_failed
None,BETONICINE,nan,,CurationIssue.rdkit_failed
None,,nan,,CurationIssue.rdkit_failed
None,,nan,,CurationIssue.rdkit_failed
None,,nan,,CurationIssue.rdkit_failed
None,,nan,,CurationIssue.rdkit_failed
None,,nan,,CurationIssue.rdkit_failed
None,,nan,,CurationIssue.rdkit_failed
None,,nan,,CurationIssue.rdkit_failed
None,,nan,,CurationIssue.rdkit_failed
None,,nan,,CurationIssue.rdkit_failed
None,,nan,,CurationIssue.rdkit_failed
None,,nan,,CurationIssue.rdkit_failed
None,,nan,,CurationIssue.rdkit_failed
None,,nan,,CurationIssue.rdkit_failed
None,,nan,,CurationIssue.rdkit_failed
None,,nan,,CurationIssue.rdkit_failed
None,,nan,,CurationIssue.rdkit_failed
CC1CN(C2CCN(C(=O)c3cccc(Cl)c3)CC2)CC(C)O1,CHEMBL1719583,1.0,CurationNote.canonical,
CSc1ccc2c(c1)N(CC[C@H]1CCCCN1C)c1ccccc1S2,CHEMBL1357558,1.0,CurationNote.canonical,CurationIssue.inorganic
None,,nan,,CurationIssue.rdkit_failed
None,,nan,,CurationIssue.rdkit_failed
None,,nan,,CurationIssue.rdkit_failed
None,,nan,,CurationIssue.rdkit_failed
None,,nan,,CurationIssue.rdkit_failed
None,ETAZOLATE,nan,,CurationIssue.rdkit_failed
None,,nan,,CurationIssue.rdkit_failed
Cl.O=C1CN=C(Nc2ccc(Cl)cc2)N1c1ccccc1,CHEMBL1419308,0.0,CurationNote.canonical,CurationIssue.mixture
COc1ccc(-c2nc(CS(=O)(=O)CC(=O)NCCc3cc(OC)ccc3OC)c(C)o2)cc1,CHEMBL1335760,1.0,CurationNote.canonical,
C/C(=N\NC(=O)c1cccc(Cl)c1)c1cccc(NC(=O)C(C)C)c1,CHEMBL3193159,0.0,CurationNote.canonical,
CS(=O)(=O)N(CC(=O)Nc1c(F)cccc1F)c1ccc(C23CC4CC(CC(C4)C2)C3)cc1,CHEMBL1426147,1.0,CurationNote.canonical,
None,,nan,,CurationIssue.rdkit_failed
None,,nan,,CurationIssue.rdkit_failed
None,,nan,,CurationIssue.rdkit_failed
None,,nan,,CurationIssue.rdkit_failed
None,,nan,,CurationIssue.rdkit_failed
COc1ccc2[nH]cc(CCNc3ncnc4ccc(-c5cccc(C#N)c5)cc34)c2c1,CHEMBL1606727,1.0,CurationNote.canonical,
COc1ccc(C(=O)N2CCC[C@@]3(CCN(c4ncccn4)C3)C2)cc1,CHEMBL1601305,0.0,CurationNote.canonical,
COc1ncc2nc(C)c(=O)n(Cc3cccs3)c2n1,CHEMBL1552864,0.0,CurationNote.canonical,
COc1ccc2[nH]cc(CCNc3ncnc4ccc(-c5ccc6c(c5)OCO6)cc34)c2c1,CHEMBL1592982,1.0,CurationNote.canonical,
CC1(C)CC(=O)C(CCC(=O)c2ccccc2)C(C)(C)N1,CHEMBL1405101,1.0,CurationNote.canonical,
COc1ccccc1CN1CC[C@@]2(CCCN(C(=O)c3ccco3)C2)C1,CHEMBL1317620,1.0,CurationNote.canonical,
Clc1ccccc1CNCC1CCC(CNCc2ccccc2Cl)CC1,CHEMBL1513392,0.0,CurationNote.canonical,
O=S(=O)(c1ccccc1)N1CCC[C@@]2(CCN(C(c3ccccc3)c3ccccc3)C2)C1,CHEMBL1397752,1.0,CurationNote.canonical,
N#Cc1ccc(CN2CC[C@@]3(CCCN(C(=O)c4cccc(F)c4)C3)C2)cc1,CHEMBL1552747,1.0,CurationNote.canonical,
COCCNc1ncnc2ccc(-c3ccccc3CN(C)C)cc12,CHEMBL1366699,0.0,CurationNote.canonical,
Cc1cc(O)c(/C=N/Nc2ccc(Cl)cc2)c(=O)o1,CHEMBL3192681,1.0,CurationNote.canonical,
CC(C)CN1CC2(CCN(S(=O)(=O)c3ccccc3)CC2)C1,CHEMBL1318638,1.0,CurationNote.canonical,
Cc1ccc(-n2c(SCC(=O)NCc3ccco3)nc3sc4c(c3c2=O)CC(C)(C)SC4)cc1,CHEMBL1523038,1.0,CurationNote.canonical,
N#C/C(=C\c1ccc(O)c(O)c1)C(=O)NCCCCc1ccccc1,CHEMBL440298,0.0,CurationNote.canonical,
O=C(CCCN1CCC2(CC1)C(=O)NCN2c1ccccc1)c1ccc(F)cc1,CHEMBL267930,1.0,CurationNote.canonical,CurationIssue.duplicate
None,,nan,,CurationIssue.rdkit_failed
None,,nan,,CurationIssue.rdkit_failed
COc1ccc(CCN(C)CCc2ccc(OC)c(OC)c2)cc1OC,CHEMBL1329438,0.0,CurationNote.canonical,CurationIssue.disagreeing_duplicate
O=C1CSC(c2ccccc2F)N1c1cc(Cl)ccc1O,CHEMBL1499721,0.0,CurationNote.canonical,
Cc1n[nH]c(-c2ccc(OCc3cnn(-c4ccccc4)c3)cc2O)c1Oc1ccccc1F,CHEMBL1576355,0.0,CurationNote.canonical,
CC(=O)Nc1nonc1NC(=O)c1ccc(C(C)(C)C)cc1,CHEMBL1425720,1.0,CurationNote.canonical,
CCOc1cc(CNCCO)cc(Br)c1OCc1ccccc1Cl.Cl,CHEMBL1313121,1.0,CurationNote.canonical,CurationIssue.mixture
None,,nan,,CurationIssue.rdkit_failed
CN1[C@H](CC(=O)c2ccccc2)CCC[C@H]1C[C@H](O)c1ccccc1,CHEMBL1321415,0.0,CurationNote.canonical,
COCC(=O)N1CCC2(CCN(Cc3ccccc3OC)CC2)CC1,CHEMBL1552764,0.0,CurationNote.canonical,
CN(C)c1ncnc2ccc(-c3ccc4c(c3)OCO4)cc12,CHEMBL1446523,1.0,CurationNote.canonical,
None,,nan,,CurationIssue.rdkit_failed
None,,nan,,CurationIssue.rdkit_failed
None,,nan,,CurationIssue.rdkit_failed
None,,nan,,CurationIssue.rdkit_failed
None,,nan,,CurationIssue.rdkit_failed
CC(C)Oc1ccc(CNC(=O)CC(c2ccccc2)c2cc(Cl)ccc2O)cc1,CHEMBL1479340,0.0,CurationNote.canonical,
O[C@H]1CCCC[C@H]1N1CCC(c2ccccc2)CC1,CHEMBL1481258,1.0,CurationNote.canonical,
None,,nan,,CurationIssue.rdkit_failed
None,,nan,,CurationIssue.rdkit_failed
None,,nan,,CurationIssue.rdkit_failed
None,,nan,,CurationIssue.rdkit_failed
O=C(c1cc(C(F)(F)F)cc(C(F)(F)F)c1)N1CCC[C@@]2(CCN(c3ccccn3)C2)C1,CHEMBL1356166,0.0,CurationNote.canonical,
O=c1c(-c2nnc(SCc3ccc(Cl)cc3Cl)o2)cccn1Cc1ccccc1,CHEMBL1544132,0.0,CurationNote.canonical,
c1ccc(-c2cccc(N3CC[C@@]4(CCCNC4)C3)c2)cc1,CHEMBL1435698,1.0,CurationNote.canonical,
CC(C)CN1CC[C@@]2(CCCN(C(=O)c3cccc(F)c3)C2)C1,CHEMBL1596235,1.0,CurationNote.canonical,
N#Cc1cccc(-c2nccc(-n3ccnc3)n2)c1,CHEMBL1559654,0.0,CurationNote.canonical,
C/C(=C\[C@@H](N)C(=O)O)CP(=O)(O)O,CHEMBL189477,1.0,CurationNote.canonical,
COC(=O)[C@@]1(Cc2ccccc2)[C@H]2c3cc(C(=O)N4CCCC4)n(Cc4nc5ccccc5[nH]4)c3C[C@H]2CN1C(=O)c1ccccc1,CHEMBL1373723,1.0,CurationNote.canonical,
CCOC(=O)c1cccc(NC(=O)COc2ccc([N+](=O)[O-])cc2)c1,CHEMBL1450617,1.0,CurationNote.canonical,
O=C(N[C@@H](Cc1ccccc1)C(=O)CCl)OCc1ccccc1,CHEMBL303579,0.0,CurationNote.canonical,
O=C(Cc1ncc(C(F)(F)F)cc1Cl)Nc1cccc(Br)c1,CHEMBL1597203,1.0,CurationNote.canonical,
Cn1c(-c2ccc(F)cc2)cnc1NCc1cccc(F)c1,CHEMBL1524183,1.0,CurationNote.canonical,
COc1ccc(C2NCc3ccc4c(c3-n3cccc32)OCO4)cc1OC.Cl,CHEMBL1457808,1.0,CurationNote.canonical,CurationIssue.mixture
c1ccc(CN(CC2=NCCN2)c2ccccc2)cc1,CHEMBL1305,0.0,CurationNote.canonical,
CCC(C)NC(=O)CCS(=O)(=O)c1ccc(Br)s1,CHEMBL1410725,0.0,CurationNote.canonical,
Cc1ccccc1-c1cc(Nc2ccc(F)cc2)ncn1,CHEMBL1518718,0.0,CurationNote.canonical,
CCCC1CCC2(C)C3=C(CCC3)CC[N+]2(C)C1.[I-],CHEMBL1308155,1.0,CurationNote.canonical,CurationIssue.mixture
CC(C)N[C@@H](C)Cc1ccc(I)cc1,CHEMBL1602185,1.0,CurationNote.canonical,
N#Cc1cccc(-c2cncnc2NCCc2cnc[nH]2)c1,CHEMBL1354154,0.0,CurationNote.canonical,
CN1C(=O)C(CC(=O)Nc2ccc(F)cc2)N(CCCc2ccccc2)C1=S,CHEMBL1577515,1.0,CurationNote.canonical,
O=C(NCCN1CCOCC1)c1nn2c(c1Cl)NC(c1ccccc1)CC2C(F)(F)F,CHEMBL1597865,0.0,CurationNote.canonical,
CN(C)C(=O)C(CCN1CCC(O)(c2ccc(Cl)cc2)CC1)(c1ccccc1)c1ccccc1,CHEMBL841,1.0,CurationNote.canonical,CurationIssue.duplicate
Cc1[nH]c2ccccc2c1/C=C(\C#N)C(=O)NC(C)c1ccccc1,CHEMBL1523040,1.0,CurationNote.canonical,
Cc1oc2ccc(NS(=O)(=O)c3ccc(C(C)(C)C)cc3)cc2c1C(=O)Nc1ccccc1,CHEMBL1550048,1.0,CurationNote.canonical,
NCCn1c(=O)c(CCc2ccccc2)nc2cncnc21,CHEMBL1364168,0.0,CurationNote.canonical,
Cc1cc2c(nc1C)CCCN2C[C@H](C)O/N=C\[C@@H](C)[C@H](OCc1ccccc1)C(C)C,CHEMBL1571410,1.0,CurationNote.canonical,
Cc1ccc2c(c1)N(CCC(=O)NCc1ccc3c(c1)OCO3)C(=O)CO2,CHEMBL1331572,0.0,CurationNote.canonical,
CCOc1ccc(NC(=S)N(Cc2ccc(Cl)cc2)Cc2ccco2)cc1,CHEMBL1452398,1.0,CurationNote.canonical,
COc1ccc2[nH]cc(CCNc3nc(-c4ccc(C(=O)N(C)C)cc4)nc4ccccc34)c2c1,CHEMBL1519261,0.0,CurationNote.canonical,
C[C@](O)(C(=O)Nc1ccc(S(=O)(=O)c2ccccc2)cc1)C(F)(F)F,CHEMBL171064,0.0,CurationNote.canonical,
COc1ccc(Cl)cc1C(=O)NCCc1ccc(S(=O)(=O)NC(=O)NC2CCCCC2)cc1,CHEMBL472,1.0,CurationNote.canonical,
CC(C)(C)c1ccc(O)c(CN(Cc2c(O)ccc3ccccc23)C2CCCCC2)c1,CHEMBL1413132,1.0,CurationNote.canonical,
CN(C)c1ccc(-c2cncnc2NCc2cccnc2)cc1,CHEMBL1565525,0.0,CurationNote.canonical,
COCCNc1ncnc2ccc(-c3ccc(N(C)C)cc3)cc12,CHEMBL1316893,0.0,CurationNote.canonical,
Cc1sc2ccccc2c1CC1=NCCN1,CHEMBL1370446,0.0,CurationNote.canonical,
CC(C)Oc1ccc(CSC(=N)N)cc1.Cl,CHEMBL1348845,0.0,CurationNote.canonical,CurationIssue.mixture
c1ccc(C2CC2)c(OCC2=NCCN2)c1,CHEMBL13852,0.0,CurationNote.canonical,CurationIssue.duplicate
Clc1ccc(-c2nc3ncccn3c2Nc2ccc3c(c2)OCCO3)cc1,CHEMBL1361505,0.0,CurationNote.canonical,
CCOc1ccc(N2C(=O)CS/C2=N/NC(=O)COc2ccc3ccccc3c2)cc1,CHEMBL3193687,0.0,CurationNote.canonical,
O=C(O)COc1cccc(-c2ocnc2-c2nc(-c3ccccc3)c(-c3ccccc3)o2)c1,CHEMBL125569,1.0,CurationNote.canonical,
Cc1cnc(CNc2ncnc3ccc(-c4ccccc4CN(C)C)cc23)cn1,CHEMBL1475311,1.0,CurationNote.canonical,
N=C(N)SCc1ccc(Cl)cc1Cl.O=[N+]([O-])c1c(O)c(Cl)cc(Cl)c1Cl,CHEMBL1416389,1.0,CurationNote.canonical,CurationIssue.mixture
CCCCC1(CCCC)C(=O)N=C(Nc2cccc(C)c2)NC1=O,CHEMBL1544694,0.0,CurationNote.canonical,
CO[C@]1(C2=NCCN2)COc2ccccc2O1,CHEMBL1448979,1.0,CurationNote.canonical,
CC(C(=O)NC1CCCC1)N(C(=O)c1snc(C(N)=O)c1N)c1ccc2c(c1)OCCO2,CHEMBL1525558,0.0,CurationNote.canonical,
CCC(C)c1ccc(Nc2ncccc2C#N)cc1,CHEMBL1530352,0.0,CurationNote.canonical,
CC(CN1C(=O)/C(=C/c2ccc(C#N)cc2)NC1=S)Cn1ccnc1,CHEMBL1596831,1.0,CurationNote.canonical,
C[N+](C)(C)CCN(Cc1cccs1)c1ccccn1,CHEMBL1477169,1.0,CurationNote.canonical,
Cc1cnc(CNc2ncnc3ccc(-c4ccccc4Cl)cc23)cn1,CHEMBL1527332,0.0,CurationNote.canonical,
COCC(=O)N1CCC2(CCCN(c3ncccn3)C2)CC1,CHEMBL1593353,0.0,CurationNote.canonical,
C(=C/c1nnc(-c2cccs2)o1)\c1ccccc1,CHEMBL1523565,0.0,CurationNote.canonical,
CCOc1cc(CNCc2cccs2)cc(Br)c1OC.Cl,CHEMBL1540708,1.0,CurationNote.canonical,CurationIssue.mixture
COc1ccccc1NC(=O)c1ccc(-n2cccn2)nc1,CHEMBL1404737,1.0,CurationNote.canonical,
COc1cccc(Cn2c(=O)c(C)nc3cnc(OCc4ccccc4)nc32)c1,CHEMBL1605255,0.0,CurationNote.canonical,
Cc1cc(C)c(S(=O)(=O)NCC2CCC(C(=O)NCc3ccc4c(c3)OCO4)CC2)c(C)c1,CHEMBL1322311,0.0,CurationNote.canonical,
CC(C)(C)c1ccc(C(=O)NCCC(=O)NCc2ccco2)cc1,CHEMBL1567229,0.0,CurationNote.canonical,
C[N+]1(C)[C@H]2CC[C@@H]1CC(OC(=O)c1c[nH]c3ccccc13)C2,CHEMBL1433396,0.0,CurationNote.canonical,
COc1ccc(S(=O)(=O)N2CCCN(CCC(=O)Nc3cccc(C(F)(F)F)c3)CC2)cc1,CHEMBL1465487,1.0,CurationNote.canonical,
COc1ccc2c3c1O[C@H]1C[C@H](O)C=C[C@@]31CCN(C)C2,CHEMBL1565544,1.0,CurationNote.canonical,
Cc1ccc(/C=C/C(=O)N2CC(C)CC(C)C2)o1,CHEMBL1522198,1.0,CurationNote.canonical,
O=C1N(c2ccccc2)c2ccccc2C1(Cc1ccncc1)Cc1ccncc1,CHEMBL319111,1.0,CurationNote.canonical,
O=c1c2ccccc2nc2n1C(CSCc1cccc(C(F)(F)F)c1)CS2,CHEMBL1467940,1.0,CurationNote.canonical,
COc1ccc(C(=O)Nc2ccc(Cl)cc2C(=O)NCCN2CCOCC2)cc1,CHEMBL1517335,1.0,CurationNote.canonical,
N=C(C[C@@H](O)COc1ccccc1-c1ccccc1)N1CCCCC1,CHEMBL1356346,0.0,CurationNote.canonical,
CCC(=O)O[C@@]1(C(=O)CCl)[C@@H](C)C[C@@H]2[C@H]3CCC4=CC(=O)C=C[C@@]4(C)[C@]3(F)[C@@H](O)C[C@@]21C,CHEMBL1493945,1.0,CurationNote.canonical,
C/C(=N/OC(=O)c1cccc(Cl)c1)c1nccs1,CHEMBL3208809,0.0,CurationNote.canonical,
CCOC(=O)CCCc1c[nH]c2ccccc12,CHEMBL1447745,0.0,CurationNote.canonical,
Cc1cc(C)c2c(-n3cccc3)nn(CC#N)c2n1,CHEMBL1724554,1.0,CurationNote.canonical,
C[C@]12N[C@@H](Cc3ccccc31)c1ccccc12,CHEMBL467706,1.0,CurationNote.canonical,
Cc1[nH]c2ccc(O)cc2c1CCN,CHEMBL266591,0.0,CurationNote.canonical,CurationIssue.disagreeing_duplicate
CCCNc1c(F)c(F)c2c(C)c3ccccc3nc2c1F,CHEMBL1566684,0.0,CurationNote.canonical,
CCSC1=C(C#N)C2(CCCCC2)C(C#N)=C(N)N1,CHEMBL1381498,0.0,CurationNote.canonical,
CN(C)CC(C)(C)CN1c2ccccc2Sc2ccccc21,CHEMBL1370526,1.0,CurationNote.canonical,CurationIssue.inorganic
O=C(Cn1nc(C(F)F)cc1C(F)F)N/N=C/c1ccc2c(c1)OCO2,CHEMBL3195730,1.0,CurationNote.canonical,
Cc1ccc(/C=N\Nc2nc3cc(Cl)ccc3[nH]2)o1,CHEMBL3195732,1.0,CurationNote.canonical,
O=C1NCN(c2ccccc2)C12CCN(C[C@H]1COc3ccccc3O1)CC2,CHEMBL1358012,1.0,CurationNote.canonical,
Cc1c(OCC(F)(F)F)ccnc1CSc1nc2ccccc2[nH]1,CHEMBL899,1.0,CurationNote.canonical,CurationIssue.inorganic
O=C(CN(Cc1ccccc1)S(=O)(=O)c1ccc2c(c1)OCCO2)N/N=C/c1ccc(F)cc1,CHEMBL3190451,0.0,CurationNote.canonical,
COc1cccc2[nH]c3c(N4CC(C)CC(C)C4)ncnc3c12,CHEMBL1491888,1.0,CurationNote.canonical,
CCn1cnc2c(Nc3cccc(Cl)c3)nc(N[C@@H]3CCCC[C@H]3N)nc21,CHEMBL1532768,0.0,CurationNote.canonical,
CC(C)n1nnnc1SCC(=O)c1ccc2c(c1)OCCO2,CHEMBL1543489,0.0,CurationNote.canonical,
COCC(=O)N1CCC2(CC1)CN(c1ccncc1)C2,CHEMBL1613513,0.0,CurationNote.canonical,
COc1ccccc1CNc1ncnc2ccc(-c3ccoc3)cc12,CHEMBL1565927,1.0,CurationNote.canonical,
CS(=O)(=O)Nc1cccc(-c2nccc(NCc3ccccc3)n2)c1,CHEMBL1612582,0.0,CurationNote.canonical,
Cc1oc(-c2ccccc2F)nc1CSCC(=O)NCc1ccc2c(c1)OCO2,CHEMBL1409258,1.0,CurationNote.canonical,
Cc1ccc(NCC(=O)N/N=C\c2ccc([N+](=O)[O-])o2)cc1,CHEMBL3190602,0.0,CurationNote.canonical,
COC(=O)c1ccc(NC(S)=NC2CCCCC2)cc1,CHEMBL1310444,0.0,CurationNote.canonical,
CN(C)C(=O)c1ccc(-c2cncnc2-n2ccnc2)cc1,CHEMBL1475541,0.0,CurationNote.canonical,
COC(=O)C(NC(=O)c1ccc(F)cc1)(Nc1ncc(S(=O)(=O)c2ccc([N+](=O)[O-])cc2)s1)C(F)(F)F,CHEMBL1465250,0.0,CurationNote.canonical,
CC(C)(C)n1nnnc1C(c1cccnc1)N(Cc1ccccc1)Cc1ccco1,CHEMBL1556436,0.0,CurationNote.canonical,
CCc1ccc(C(=O)CN(C#N)c2nc(C)cc(C)n2)cc1,CHEMBL1530189,1.0,CurationNote.canonical,
O=C(CN(Cc1ccco1)C(=O)c1ccccc1)Nc1ccc(Cl)c(Cl)c1,CHEMBL1505565,0.0,CurationNote.canonical,
COc1ccc(-n2c(=O)c(C)nc3cnc(Oc4cccc(Cl)c4)nc32)cc1,CHEMBL1354864,0.0,CurationNote.canonical,
CCOC(=O)c1nnn(-c2nc(OC)nc(N3CCCCC3)n2)c1-c1ccccc1,CHEMBL1503191,0.0,CurationNote.canonical,
,CHEMBL1437010,1.0,CurationNote.canonical,CurationIssue.duplicate
COC(=O)C1CCN(CC(=O)Nc2sc3c(c2C#N)CCC3)CC1,CHEMBL1520405,1.0,CurationNote.canonical,
CS(=O)(=O)Nc1cccc(-c2cncnc2NCc2cccs2)c1,CHEMBL1456872,0.0,CurationNote.canonical,
None,,nan,,CurationIssue.rdkit_failed
None,,nan,,CurationIssue.rdkit_failed
None,,nan,,CurationIssue.rdkit_failed
None,,nan,,CurationIssue.rdkit_failed
None,,nan,,CurationIssue.rdkit_failed
None,,nan,,CurationIssue.rdkit_failed
None,,nan,,CurationIssue.rdkit_failed
None,,nan,,CurationIssue.rdkit_failed
None,,nan,,CurationIssue.rdkit_failed
None,,nan,,CurationIssue.rdkit_failed
None,,nan,,CurationIssue.rdkit_failed
None,,nan,,CurationIssue.rdkit_failed
None,,nan,,CurationIssue.rdkit_failed
None,,nan,,CurationIssue.rdkit_failed
None,,nan,,CurationIssue.rdkit_failed
None,,nan,,CurationIssue.rdkit_failed
None,,nan,,CurationIssue.rdkit_failed
None,,nan,,CurationIssue.rdkit_failed
None,,nan,,CurationIssue.rdkit_failed
None,,nan,,CurationIssue.rdkit_failed
None,,nan,,CurationIssue.rdkit_failed
None,,nan,,CurationIssue.rdkit_failed
None,,nan,,CurationIssue.rdkit_failed
None,,nan,,CurationIssue.rdkit_failed
None,,nan,,CurationIssue.rdkit_failed
None,,nan,,CurationIssue.rdkit_failed
None,,nan,,CurationIssue.rdkit_failed
None,,nan,,CurationIssue.rdkit_failed
None,,nan,,CurationIssue.rdkit_failed
None,,nan,,CurationIssue.rdkit_failed
None,,nan,,CurationIssue.rdkit_failed
None,,nan,,CurationIssue.rdkit_failed
None,,nan,,CurationIssue.rdkit_failed
None,,nan,,CurationIssue.rdkit_failed
None,,nan,,CurationIssue.rdkit_failed
None,,nan,,CurationIssue.rdkit_failed
None,,nan,,CurationIssue.rdkit_failed
None,,nan,,CurationIssue.rdkit_failed
None,,nan,,CurationIssue.rdkit_failed
None,,nan,,CurationIssue.rdkit_failed
None,,nan,,CurationIssue.rdkit_failed
None,,nan,,CurationIssue.rdkit_failed
None,,nan,,CurationIssue.rdkit_failed
None,,nan,,CurationIssue.rdkit_failed
None,,nan,,CurationIssue.rdkit_failed
None,,nan,,CurationIssue.rdkit_failed
None,,nan,,CurationIssue.rdkit_failed
None,IOXAGLIC ACID,nan,,CurationIssue.rdkit_failed
None,,nan,,CurationIssue.rdkit_failed
None,,nan,,CurationIssue.rdkit_failed
None,,nan,,CurationIssue.rdkit_failed
None,,nan,,CurationIssue.rdkit_failed
None,,nan,,CurationIssue.rdkit_failed
None,,nan,,CurationIssue.rdkit_failed
None,,nan,,CurationIssue.rdkit_failed
None,,nan,,CurationIssue.rdkit_failed
None,,nan,,CurationIssue.rdkit_failed
None,,nan,,CurationIssue.rdkit_failed
None,,nan,,CurationIssue.rdkit_failed
None,,nan,,CurationIssue.rdkit_failed
None,,nan,,CurationIssue.rdkit_failed
None,,nan,,CurationIssue.rdkit_failed
None,,nan,,CurationIssue.rdkit_failed
None,,nan,,CurationIssue.rdkit_failed
None,PEMPIDINE TARTRATE,nan,,CurationIssue.rdkit_failed
None,,nan,,CurationIssue.rdkit_failed
None,,nan,,CurationIssue.rdkit_failed
None,,nan,,CurationIssue.rdkit_failed
None,,nan,,CurationIssue.rdkit_failed
None,,nan,,CurationIssue.rdkit_failed
None,,nan,,CurationIssue.rdkit_failed
None,,nan,,CurationIssue.rdkit_failed
None,,nan,,CurationIssue.rdkit_failed
None,,nan,,CurationIssue.rdkit_failed
None,,nan,,CurationIssue.rdkit_failed
None,,nan,,CurationIssue.rdkit_failed
None,,nan,,CurationIssue.rdkit_failed
None,,nan,,CurationIssue.rdkit_failed
None,,nan,,CurationIssue.rdkit_failed
None,,nan,,CurationIssue.rdkit_failed
None,,nan,,CurationIssue.rdkit_failed
None,RILUZOLE,nan,,CurationIssue.rdkit_failed
None,(S)-VERAPAMIL,nan,,CurationIssue.rdkit_failed
None,,nan,,CurationIssue.rdkit_failed
None,,nan,,CurationIssue.rdkit_failed
None,,nan,,CurationIssue.rdkit_failed
None,,nan,,CurationIssue.rdkit_failed
None,,nan,,CurationIssue.rdkit_failed
None,,nan,,CurationIssue.rdkit_failed
None,,nan,,CurationIssue.rdkit_failed
None,,nan,,CurationIssue.rdkit_failed
CCN(CC)CC#CCC(C)(c1ccccc1)c1ccccc1.Cl,CHEMBL1432676,1.0,CurationNote.canonical,CurationIssue.mixture
None,,nan,,CurationIssue.rdkit_failed
None,,nan,,CurationIssue.rdkit_failed
Cn1c(=O)c2c(ncn2CC(COCc2ccccc2Cl)OCc2ccccc2Cl)n(C)c1=O,CHEMBL1522815,0.0,CurationNote.canonical,
Cc1c(C=O)c2ccccn2c1C(=O)c1ccncc1,CHEMBL1572371,0.0,CurationNote.canonical,
O=C(c1cccc(F)c1)N1CCC2(CC1)CCN(c1ccncc1)CC2,CHEMBL1397406,0.0,CurationNote.canonical,
COc1ccccc1-c1nc(NCCN2CCOCC2)c2ccccc2n1,CHEMBL1442538,0.0,CurationNote.canonical,
C[C@H](N)C1CCC(C(=O)Nc2ccncc2)CC1,CHEMBL1190095,0.0,CurationNote.canonical,
O=C(c1ccncc1)N1CCC2(CCCN(Cc3nccs3)C2)CC1,CHEMBL1591908,1.0,CurationNote.canonical,
COc1cccc(-c2nc(NCc3cnc(C)cn3)c3ccccc3n2)c1,CHEMBL1400491,0.0,CurationNote.canonical,
COc1ccc(CNC(=O)c2csc(Cc3ccc(Cl)cc3)n2)cc1,CHEMBL1299692,0.0,CurationNote.canonical,
CNCC[C@H](Oc1ccc(C(F)(F)F)cc1)c1ccccc1,CHEMBL1169388,1.0,CurationNote.canonical,CurationIssue.duplicate
CCCCCCCCCCCCCC(=O)O[C@H](CC(=O)[O-])C[N+](C)(C)C,CHEMBL3392072,0.0,CurationNote.canonical,
Cc1cc(C=O)c(C)n1-c1ccc(NC2CCCC2)c([N+](=O)[O-])c1,CHEMBL1606547,1.0,CurationNote.canonical,
COc1ccc(/C=C(/C#N)C(=O)Nc2cc(C)ccc2C)cc1C(=O)O,CHEMBL1453410,0.0,CurationNote.canonical,
COc1ccc(CN(C(=O)c2cccs2)C(C(=O)NC2CCCCC2)c2ccc3ncccc3c2)cc1,CHEMBL1495397,1.0,CurationNote.canonical,
Cc1ccc2nc(-c3cccnc3)oc2c1,CHEMBL1529777,1.0,CurationNote.canonical,
O=C(NCCCn1ccnc1)c1ccc(Br)c(S(=O)(=O)N2CCOCC2)c1,CHEMBL1414493,1.0,CurationNote.canonical,
CN(C)C(=O)c1ccc(-c2nc(NCc3cccnc3)c3ccccc3n2)cc1,CHEMBL1598394,0.0,CurationNote.canonical,
COc1ccc(C(=O)Nc2n[nH]c(-c3ccncc3)n2)cc1,CHEMBL1733088,1.0,CurationNote.canonical,
CC(=O)Nc1c(S(=O)(=O)c2ccccc2)c2nc3ccccc3nc2n1Cc1ccccc1,CHEMBL1575193,0.0,CurationNote.canonical,
None,,nan,,CurationIssue.rdkit_failed
None,,nan,,CurationIssue.rdkit_failed
None,,nan,,CurationIssue.rdkit_failed
O=C(c1cnccn1)N1CCC2(CCN(Cc3ccccc3)CC2)CC1,CHEMBL1593162,1.0,CurationNote.canonical,
None,,nan,,CurationIssue.rdkit_failed
COc1ccc(/C=N/NC(=O)CCCOc2ccc(Cl)cc2Cl)cc1[N+](=O)[O-],CHEMBL3214169,1.0,CurationNote.canonical,
None,,nan,,CurationIssue.rdkit_failed
None,,nan,,CurationIssue.rdkit_failed
None,,nan,,CurationIssue.rdkit_failed
None,,nan,,CurationIssue.rdkit_failed
None,,nan,,CurationIssue.rdkit_failed
None,,nan,,CurationIssue.rdkit_failed
None,,nan,,CurationIssue.rdkit_failed
None,,nan,,CurationIssue.rdkit_failed
None,,nan,,CurationIssue.rdkit_failed
None,,nan,,CurationIssue.rdkit_failed
COCC(=O)N1CCC[C@@]2(CCN(Cc3ccccc3)C2)C1,CHEMBL1480687,1.0,CurationNote.canonical,
N#CSc1ccc2oc(C3=NCCN3)cc2c1,CHEMBL157351,0.0,CurationNote.canonical,CurationIssue.inorganic
CCOC(=O)O[C@]1(C(=O)COC(=O)CC)CC[C@@H]2[C@@H]3CCC4=CC(=O)C=C[C@@]4(C)[C@H]3[C@H](O)C[C@]21C,CHEMBL1397466,0.0,CurationNote.canonical,
CNCCCC1c2ccccc2C=Cc2ccccc21,CHEMBL668,0.0,CurationNote.canonical,
Ic1ccc(N2CCN(Cc3c[nH]c4ncccc34)CC2)cc1,CHEMBL60518,0.0,CurationNote.canonical,
COc1ncc2nc(-c3cc(F)cc(F)c3)c(=O)n(Cc3cccs3)c2n1,CHEMBL1415406,0.0,CurationNote.canonical,
FC(F)(F)c1ccccc1-c1ccc2ncnc(NCCN3CCOCC3)c2c1,CHEMBL1591677,1.0,CurationNote.canonical,
Cc1cc(NC(=O)c2c(F)cccc2F)n(-c2nc3ccccc3[nH]2)n1,CHEMBL1490656,0.0,CurationNote.canonical,
None,,nan,,CurationIssue.rdkit_failed
None,,nan,,CurationIssue.rdkit_failed
None,,nan,,CurationIssue.rdkit_failed
None,,nan,,CurationIssue.rdkit_failed
None,,nan,,CurationIssue.rdkit_failed
None,,nan,,CurationIssue.rdkit_failed
None,,nan,,CurationIssue.rdkit_failed
None,,nan,,CurationIssue.rdkit_failed
None,,nan,,CurationIssue.rdkit_failed
None,,nan,,CurationIssue.rdkit_failed
None,PIMAGEDINE,nan,,CurationIssue.rdkit_failed
None,,nan,,CurationIssue.rdkit_failed
None,,nan,,CurationIssue.rdkit_failed
None,,nan,,CurationIssue.rdkit_failed
None,,nan,,CurationIssue.rdkit_failed
None,,nan,,CurationIssue.rdkit_failed
None,,nan,,CurationIssue.rdkit_failed
None,,nan,,CurationIssue.rdkit_failed
None,,nan,,CurationIssue.rdkit_failed
None,,nan,,CurationIssue.rdkit_failed
None,,nan,,CurationIssue.rdkit_failed
None,,nan,,CurationIssue.rdkit_failed
None,,nan,,CurationIssue.rdkit_failed
None,,nan,,CurationIssue.rdkit_failed
None,,nan,,CurationIssue.rdkit_failed
None,,nan,,CurationIssue.rdkit_failed
None,,nan,,CurationIssue.rdkit_failed
None,,nan,,CurationIssue.rdkit_failed
None,,nan,,CurationIssue.rdkit_failed
None,,nan,,CurationIssue.rdkit_failed
None,,nan,,CurationIssue.rdkit_failed
None,,nan,,CurationIssue.rdkit_failed
None,,nan,,CurationIssue.rdkit_failed
None,,nan,,CurationIssue.rdkit_failed
COc1cccc(Cn2c(=O)c(-c3ccc(F)cc3)nc3cnc(N4CCNCC4)nc32)c1,CHEMBL1395219,0.0,CurationNote.canonical,
c1ccc(N2CCC3(CCNCC3)CC2)nc1,CHEMBL1370553,1.0,CurationNote.canonical,
None,,nan,,CurationIssue.rdkit_failed
None,,nan,,CurationIssue.rdkit_failed
None,,nan,,CurationIssue.rdkit_failed
None,,nan,,CurationIssue.rdkit_failed
None,,nan,,CurationIssue.rdkit_failed
None,BMS-182874,nan,,CurationIssue.rdkit_failed
None,,nan,,CurationIssue.rdkit_failed
None,,nan,,CurationIssue.rdkit_failed
None,,nan,,CurationIssue.rdkit_failed
None,,nan,,CurationIssue.rdkit_failed
None,,nan,,CurationIssue.rdkit_failed
None,,nan,,CurationIssue.rdkit_failed
None,,nan,,CurationIssue.rdkit_failed
None,,nan,,CurationIssue.rdkit_failed
None,,nan,,CurationIssue.rdkit_failed
None,,nan,,CurationIssue.rdkit_failed
None,,nan,,CurationIssue.rdkit_failed
None,,nan,,CurationIssue.rdkit_failed
None,,nan,,CurationIssue.rdkit_failed
None,,nan,,CurationIssue.rdkit_failed
None,,nan,,CurationIssue.rdkit_failed
None,BENZOQUINONIUM,nan,,CurationIssue.rdkit_failed
None,,nan,,CurationIssue.rdkit_failed
None,,nan,,CurationIssue.rdkit_failed
None,,nan,,CurationIssue.rdkit_failed
None,,nan,,CurationIssue.rdkit_failed
None,,nan,,CurationIssue.rdkit_failed
None,,nan,,CurationIssue.rdkit_failed
None,,nan,,CurationIssue.rdkit_failed
None,,nan,,CurationIssue.rdkit_failed
None,,nan,,CurationIssue.rdkit_failed
None,,nan,,CurationIssue.rdkit_failed
None,,nan,,CurationIssue.rdkit_failed
None,,nan,,CurationIssue.rdkit_failed
None,,nan,,CurationIssue.rdkit_failed
None,,nan,,CurationIssue.rdkit_failed
None,,nan,,CurationIssue.rdkit_failed
N#Cc1ccc(CN2CC[C@@]3(CCCN(C(=O)c4ccco4)C3)C2)cc1,CHEMBL1356998,0.0,CurationNote.canonical,
CCOc1ccccc1CNCCN1CCOCC1.Cl,CHEMBL1404422,0.0,CurationNote.canonical,CurationIssue.mixture
COc1ccc(NC(=O)c2ccc(-c3ccc(-c4noc(C)n4)cc3C)cc2)cc1OCCN(C)C,CHEMBL20963,0.0,CurationNote.canonical,
None,,nan,,CurationIssue.rdkit_failed
None,,nan,,CurationIssue.rdkit_failed
None,,nan,,CurationIssue.rdkit_failed
None,,nan,,CurationIssue.rdkit_failed
None,,nan,,CurationIssue.rdkit_failed
None,,nan,,CurationIssue.rdkit_failed
None,,nan,,CurationIssue.rdkit_failed
CCCCCC1CCC(C(=O)NN=C(S)NCC)CC1,CHEMBL1385992,0.0,CurationNote.canonical,
O=c1c(-c2ccc(F)cc2)nc2cnc(N3CCNCC3)nc2n1Cc1cccs1,CHEMBL1591380,0.0,CurationNote.canonical,
CN(C)Cc1ccccc1-c1ccc2ncnc(NC3CC3)c2c1,CHEMBL1573964,1.0,CurationNote.canonical,
Cl.Fc1ccc(COc2ccc(Br)cc2CNCc2ccncc2)cc1,CHEMBL1540313,1.0,CurationNote.canonical,CurationIssue.mixture
None,,nan,,CurationIssue.rdkit_failed
None,,nan,,CurationIssue.rdkit_failed
None,,nan,,CurationIssue.rdkit_failed
None,,nan,,CurationIssue.rdkit_failed
None,,nan,,CurationIssue.rdkit_failed
None,,nan,,CurationIssue.rdkit_failed
None,,nan,,CurationIssue.rdkit_failed
None,,nan,,CurationIssue.rdkit_failed
None,GENISTEIN,nan,,CurationIssue.rdkit_failed
None,,nan,,CurationIssue.rdkit_failed
None,,nan,,CurationIssue.rdkit_failed
None,CHLOROTRIANISENE,nan,,CurationIssue.rdkit_failed
None,,nan,,CurationIssue.rdkit_failed
None,,nan,,CurationIssue.rdkit_failed
None,,nan,,CurationIssue.rdkit_failed
None,,nan,,CurationIssue.rdkit_failed
None,,nan,,CurationIssue.rdkit_failed
C=CCn1c(NCc2ccccc2)nc2ccccc21,CHEMBL1447313,1.0,CurationNote.canonical,
CCCCN1CCC(COC(=O)c2cc(Cl)c(N)c3c2OCCO3)CC1,CHEMBL68131,1.0,CurationNote.canonical,
None,,nan,,CurationIssue.rdkit_failed
None,,nan,,CurationIssue.rdkit_failed
None,,nan,,CurationIssue.rdkit_failed
None,,nan,,CurationIssue.rdkit_failed
None,,nan,,CurationIssue.rdkit_failed
None,,nan,,CurationIssue.rdkit_failed
None,,nan,,CurationIssue.rdkit_failed
None,,nan,,CurationIssue.rdkit_failed
None,,nan,,CurationIssue.rdkit_failed
None,,nan,,CurationIssue.rdkit_failed
None,,nan,,CurationIssue.rdkit_failed
None,,nan,,CurationIssue.rdkit_failed
None,,nan,,CurationIssue.rdkit_failed
None,,nan,,CurationIssue.rdkit_failed
None,,nan,,CurationIssue.rdkit_failed
None,,nan,,CurationIssue.rdkit_failed
None,L-690330,nan,,CurationIssue.rdkit_failed
None,,nan,,CurationIssue.rdkit_failed
None,,nan,,CurationIssue.rdkit_failed
None,,nan,,CurationIssue.rdkit_failed
None,,nan,,CurationIssue.rdkit_failed
None,,nan,,CurationIssue.rdkit_failed
None,,nan,,CurationIssue.rdkit_failed
Nc1nc(SCc2ccccc2[N+](=O)[O-])c2[nH]cnc2n1,CHEMBL64569,1.0,CurationNote.canonical,
None,,nan,,CurationIssue.rdkit_failed
None,,nan,,CurationIssue.rdkit_failed
None,,nan,,CurationIssue.rdkit_failed
None,,nan,,CurationIssue.rdkit_failed
None,LEVONORDEFRIN,nan,,CurationIssue.rdkit_failed
None,,nan,,CurationIssue.rdkit_failed
None,,nan,,CurationIssue.rdkit_failed
None,,nan,,CurationIssue.rdkit_failed
None,,nan,,CurationIssue.rdkit_failed
None,,nan,,CurationIssue.rdkit_failed
None,,nan,,CurationIssue.rdkit_failed
None,,nan,,CurationIssue.rdkit_failed
None,,nan,,CurationIssue.rdkit_failed
None,NOCODAZOLE,nan,,CurationIssue.rdkit_failed
None,GALLAMINE,nan,,CurationIssue.rdkit_failed
None,,nan,,CurationIssue.rdkit_failed
None,,nan,,CurationIssue.rdkit_failed
None,,nan,,CurationIssue.rdkit_failed
O=C(c1ccco1)N1CCC2(CC1)CN(Cc1cc(C(F)(F)F)cc(C(F)(F)F)c1)C2,CHEMBL1397558,1.0,CurationNote.canonical,
COC(=O)c1ccc(C23CC2(C(NP(=O)(c2ccccc2)c2ccccc2)c2ccccc2)C3)cc1,CHEMBL1481781,0.0,CurationNote.canonical,
Cn1cccc1C(=O)N1CCC[C@@]2(CCN(Cc3ccc(C#N)cc3)C2)C1,CHEMBL1433883,0.0,CurationNote.canonical,
None,,nan,,CurationIssue.rdkit_failed
None,,nan,,CurationIssue.rdkit_failed
None,,nan,,CurationIssue.rdkit_failed
None,,nan,,CurationIssue.rdkit_failed
None,,nan,,CurationIssue.rdkit_failed
None,,nan,,CurationIssue.rdkit_failed
None,,nan,,CurationIssue.rdkit_failed
None,,nan,,CurationIssue.rdkit_failed
None,,nan,,CurationIssue.rdkit_failed
CS(=O)(=O)Nc1cccc(-c2cncnc2Nc2ccc(F)cc2)c1,CHEMBL1355840,0.0,CurationNote.canonical,
CN(C)Cc1ccccc1-c1nc(N(C)C)c2ccccc2n1,CHEMBL1410075,1.0,CurationNote.canonical,
None,,nan,,CurationIssue.rdkit_failed
None,,nan,,CurationIssue.rdkit_failed
None,,nan,,CurationIssue.rdkit_failed
None,,nan,,CurationIssue.rdkit_failed
C/C(CCN1CCc2nc(-c3ccccc3)c(-c3ccccc3)cc2C1)=N\O[C@@H](C)CN1CCCc2nc(C)c(C)cc21,CHEMBL1475945,1.0,CurationNote.canonical,
,CHEMBL1526519,1.0,CurationNote.canonical,CurationIssue.duplicate
CCc1ccccc1NC(=O)C1C(c2ccccc2)C1(Cl)Cl,CHEMBL1445647,0.0,CurationNote.canonical,
COc1cccc(-c2nc(NCc3cccs3)c3ccccc3n2)c1,CHEMBL1316056,0.0,CurationNote.canonical,
N#C/C(=C/c1ccc(N2CCCC2)c([N+](=O)[O-])c1)c1nc2ccccc2[nH]1,CHEMBL1585050,1.0,CurationNote.canonical,
CC(O)(CS(=O)(=O)Cc1ccc(Cl)cc1)C(=O)Nc1cccc(C(F)(F)F)c1,CHEMBL1572029,0.0,CurationNote.canonical,
None,,nan,,CurationIssue.rdkit_failed
None,,nan,,CurationIssue.rdkit_failed
None,,nan,,CurationIssue.rdkit_failed
CN(C)c1ccc(-c2cncnc2Nc2ccc(F)cc2)cc1,CHEMBL1533853,0.0,CurationNote.canonical,
CC(C)[N+](C)(CCOC(=O)C1c2ccccc2Oc2ccccc21)C(C)C,CHEMBL1180725,0.0,CurationNote.canonical,CurationIssue.duplicate
None,,nan,,CurationIssue.rdkit_failed
None,,nan,,CurationIssue.rdkit_failed
None,,nan,,CurationIssue.rdkit_failed
None,,nan,,CurationIssue.rdkit_failed
None,,nan,,CurationIssue.rdkit_failed
None,,nan,,CurationIssue.rdkit_failed
None,,nan,,CurationIssue.rdkit_failed
None,,nan,,CurationIssue.rdkit_failed
None,,nan,,CurationIssue.rdkit_failed
None,,nan,,CurationIssue.rdkit_failed
None,TORSEMIDE,nan,,CurationIssue.rdkit_failed
None,,nan,,CurationIssue.rdkit_failed
None,,nan,,CurationIssue.rdkit_failed
None,,nan,,CurationIssue.rdkit_failed
None,,nan,,CurationIssue.rdkit_failed
None,,nan,,CurationIssue.rdkit_failed
None,,nan,,CurationIssue.rdkit_failed
None,,nan,,CurationIssue.rdkit_failed
None,,nan,,CurationIssue.rdkit_failed
None,,nan,,CurationIssue.rdkit_failed
None,,nan,,CurationIssue.rdkit_failed
None,,nan,,CurationIssue.rdkit_failed
None,,nan,,CurationIssue.rdkit_failed
None,,nan,,CurationIssue.rdkit_failed
None,,nan,,CurationIssue.rdkit_failed
None,,nan,,CurationIssue.rdkit_failed
None,,nan,,CurationIssue.rdkit_failed
None,,nan,,CurationIssue.rdkit_failed
None,,nan,,CurationIssue.rdkit_failed
None,,nan,,CurationIssue.rdkit_failed
None,CAMPTOTHECIN,nan,,CurationIssue.rdkit_failed
None,,nan,,CurationIssue.rdkit_failed
None,,nan,,CurationIssue.rdkit_failed
None,,nan,,CurationIssue.rdkit_failed
None,,nan,,CurationIssue.rdkit_failed
None,,nan,,CurationIssue.rdkit_failed
None,,nan,,CurationIssue.rdkit_failed
None,,nan,,CurationIssue.rdkit_failed
None,,nan,,CurationIssue.rdkit_failed
None,,nan,,CurationIssue.rdkit_failed
None,,nan,,CurationIssue.rdkit_failed
None,,nan,,CurationIssue.rdkit_failed
None,,nan,,CurationIssue.rdkit_failed
None,,nan,,CurationIssue.rdkit_failed
None,,nan,,CurationIssue.rdkit_failed
None,,nan,,CurationIssue.rdkit_failed
None,,nan,,CurationIssue.rdkit_failed
None,,nan,,CurationIssue.rdkit_failed
None,,nan,,CurationIssue.rdkit_failed
None,,nan,,CurationIssue.rdkit_failed
None,,nan,,CurationIssue.rdkit_failed
None,,nan,,CurationIssue.rdkit_failed
None,,nan,,CurationIssue.rdkit_failed
None,,nan,,CurationIssue.rdkit_failed
None,,nan,,CurationIssue.rdkit_failed
None,,nan,,CurationIssue.rdkit_failed
None,,nan,,CurationIssue.rdkit_failed
None,,nan,,CurationIssue.rdkit_failed
None,,nan,,CurationIssue.rdkit_failed
None,,nan,,CurationIssue.rdkit_failed
None,,nan,,CurationIssue.rdkit_failed
None,,nan,,CurationIssue.rdkit_failed
COCCn1c(=O)c(CCc2ccccc2)nc2cnc(N(C)C)nc21,CHEMBL1317885,1.0,CurationNote.canonical,
CN1C(=O)/C(=C(/C#N)c2nc3ccccc3[nH]2)c2ccccc21,CHEMBL1613081,1.0,CurationNote.canonical,
CC(=O)NCCNc1nc(-c2cccc(C#N)c2)nc2ccccc12,CHEMBL1512833,0.0,CurationNote.canonical,
CCC(=O)c1ccc(OCC(O)CN(CCc2ccccc2)Cc2ccccc2)cc1.Cl,CHEMBL1303935,1.0,CurationNote.canonical,CurationIssue.mixture
None,,nan,,CurationIssue.rdkit_failed
None,,nan,,CurationIssue.rdkit_failed
None,,nan,,CurationIssue.rdkit_failed
None,,nan,,CurationIssue.rdkit_failed
CC(C)=C[C@H]1[C@@H](C(=O)OCc2cc3c(cc2Cl)OCO3)C1(C)C,CHEMBL1414185,1.0,CurationNote.canonical,
None,,nan,,CurationIssue.rdkit_failed
None,,nan,,CurationIssue.rdkit_failed
None,,nan,,CurationIssue.rdkit_failed
None,,nan,,CurationIssue.rdkit_failed
None,,nan,,CurationIssue.rdkit_failed
None,,nan,,CurationIssue.rdkit_failed
None,,nan,,CurationIssue.rdkit_failed
None,,nan,,CurationIssue.rdkit_failed
None,,nan,,CurationIssue.rdkit_failed
None,,nan,,CurationIssue.rdkit_failed
None,,nan,,CurationIssue.rdkit_failed
None,,nan,,CurationIssue.rdkit_failed
None,,nan,,CurationIssue.rdkit_failed
None,,nan,,CurationIssue.rdkit_failed
None,,nan,,CurationIssue.rdkit_failed
None,,nan,,CurationIssue.rdkit_failed
None,,nan,,CurationIssue.rdkit_failed
None,,nan,,CurationIssue.rdkit_failed
None,,nan,,CurationIssue.rdkit_failed
None,,nan,,CurationIssue.rdkit_failed
None,,nan,,CurationIssue.rdkit_failed
None,,nan,,CurationIssue.rdkit_failed
None,,nan,,CurationIssue.rdkit_failed
None,,nan,,CurationIssue.rdkit_failed
None,,nan,,CurationIssue.rdkit_failed
None,,nan,,CurationIssue.rdkit_failed
None,,nan,,CurationIssue.rdkit_failed
None,,nan,,CurationIssue.rdkit_failed
None,,nan,,CurationIssue.rdkit_failed
None,,nan,,CurationIssue.rdkit_failed
None,,nan,,CurationIssue.rdkit_failed
None,,nan,,CurationIssue.rdkit_failed
None,,nan,,CurationIssue.rdkit_failed
None,,nan,,CurationIssue.rdkit_failed
None,,nan,,CurationIssue.rdkit_failed
CCCC(c1cc(C(C)(C)C)c(O)cc1C)c1cc(C(C)(C)C)c(O)cc1C,CHEMBL1337629,1.0,CurationNote.canonical,
Clc1ccccc1-c1nc(N2CCNCC2)c2ccccc2n1,CHEMBL1435227,0.0,CurationNote.canonical,
O=C(CSCc1c(Cl)cccc1Cl)NCc1cccnc1,CHEMBL1741745,0.0,CurationNote.canonical,
COc1ccc(N(CC(=O)N/N=C/c2cccs2)S(=O)(=O)c2ccc(OC)c(OC)c2)cc1,CHEMBL2002517,0.0,CurationNote.canonical,
C[C@@H](C(=O)NCC1CC1)[C@@H]1C[C@@]1(C)[C@@H](NC(=O)OCc1ccccc1)c1ccccc1,CHEMBL1487748,1.0,CurationNote.canonical,
None,,nan,,CurationIssue.rdkit_failed
None,,nan,,CurationIssue.rdkit_failed
None,,nan,,CurationIssue.rdkit_failed
None,,nan,,CurationIssue.rdkit_failed
None,,nan,,CurationIssue.rdkit_failed
None,,nan,,CurationIssue.rdkit_failed
None,SULINDAC,nan,,CurationIssue.rdkit_failed
None,,nan,,CurationIssue.rdkit_failed
None,,nan,,CurationIssue.rdkit_failed
None,,nan,,CurationIssue.rdkit_failed
None,,nan,,CurationIssue.rdkit_failed
None,,nan,,CurationIssue.rdkit_failed
None,,nan,,CurationIssue.rdkit_failed
None,,nan,,CurationIssue.rdkit_failed
None,,nan,,CurationIssue.rdkit_failed
None,,nan,,CurationIssue.rdkit_failed
None,,nan,,CurationIssue.rdkit_failed
CCCCC(=O)Nc1ccc(C)c(O)c1,CHEMBL1313894,0.0,CurationNote.canonical,
None,,nan,,CurationIssue.rdkit_failed
None,,nan,,CurationIssue.rdkit_failed
None,,nan,,CurationIssue.rdkit_failed
None,,nan,,CurationIssue.rdkit_failed
None,,nan,,CurationIssue.rdkit_failed
None,,nan,,CurationIssue.rdkit_failed
None,,nan,,CurationIssue.rdkit_failed
None,,nan,,CurationIssue.rdkit_failed
None,GLYPHOSATE,nan,,CurationIssue.rdkit_failed
None,,nan,,CurationIssue.rdkit_failed
None,,nan,,CurationIssue.rdkit_failed
None,,nan,,CurationIssue.rdkit_failed
None,,nan,,CurationIssue.rdkit_failed
None,,nan,,CurationIssue.rdkit_failed
Cc1noc(C)c1-c1nc(N(C)Cc2ccco2)c2ccccc2n1,CHEMBL1404408,0.0,CurationNote.canonical,
COc1ccc(C(=O)N2CCC3(CCN(Cc4ccccc4)CC3)CC2)cc1,CHEMBL1605688,0.0,CurationNote.canonical,
CCOC(=O)c1c(C)[nH]c(C(=O)CSc2nnc(-c3cccs3)n2Cc2ccccc2)c1C,CHEMBL1497805,0.0,CurationNote.canonical,CurationIssue.inorganic
CC[C@@H]1Cc2cc(O)ccc2C2=C1c1ccc(O)cc1C[C@H]2CC,CHEMBL282489,0.0,CurationNote.canonical,
CC(C)(C)NC(=O)CN(Cc1cccs1)C(=O)C1COc2ccccc2O1,CHEMBL1506550,1.0,CurationNote.canonical,
None,,nan,,CurationIssue.rdkit_failed
None,,nan,,CurationIssue.rdkit_failed
None,,nan,,CurationIssue.rdkit_failed
None,,nan,,CurationIssue.rdkit_failed
None,,nan,,CurationIssue.rdkit_failed
None,NAPROXEN SODIUM,nan,,CurationIssue.rdkit_failed
None,,nan,,CurationIssue.rdkit_failed
None,,nan,,CurationIssue.rdkit_failed
None,,nan,,CurationIssue.rdkit_failed
None,,nan,,CurationIssue.rdkit_failed
None,,nan,,CurationIssue.rdkit_failed
None,,nan,,CurationIssue.rdkit_failed
None,,nan,,CurationIssue.rdkit_failed
Cl.OC(c1ccccc1)(c1ccc(F)cc1)C(c1ccccc1)N1CCOCC1,CHEMBL1392360,0.0,CurationNote.canonical,CurationIssue.mixture
Cc1ccc(S(=O)(=O)c2cc3ccccc3o/c2=N\c2ccc3c(c2)OCO3)cc1,CHEMBL1982520,1.0,CurationNote.canonical,
CCc1cc2c(c(CC)n1)CCC(=O)N2Cc1ccc(-c2ccccc2-c2nnn[nH]2)cc1,CHEMBL159096,1.0,CurationNote.canonical,
Cc1ccnn2cc3c(=O)n(C)c(=O)n(C)c3c12,CHEMBL1604077,0.0,CurationNote.canonical,
COc1ccccc1CN1CCC2(CC1)CCN(C(C)=O)CC2,CHEMBL1436174,1.0,CurationNote.canonical,
None,PENICILLIN G SODIUM,nan,,CurationIssue.rdkit_failed
None,,nan,,CurationIssue.rdkit_failed
None,,nan,,CurationIssue.rdkit_failed
None,,nan,,CurationIssue.rdkit_failed
None,ETHAMSYLATE,nan,,CurationIssue.rdkit_failed
None,,nan,,CurationIssue.rdkit_failed
None,,nan,,CurationIssue.rdkit_failed
None,,nan,,CurationIssue.rdkit_failed
None,,nan,,CurationIssue.rdkit_failed
None,,nan,,CurationIssue.rdkit_failed
Cc1ccccc1-c1nc(NCCN2CCOCC2)c2ccccc2n1,CHEMBL1436222,0.0,CurationNote.canonical,
CN(C)c1ccc(-c2cncnc2NCc2cccs2)cc1,CHEMBL1314486,0.0,CurationNote.canonical,
Cc1cc(NC(=O)C2CCCCC2)nc2c1c(=O)oc1ccccc12,CHEMBL1334334,0.0,CurationNote.canonical,
CN(C)CCN(Cc1cccs1)c1ccccn1,CHEMBL1411979,1.0,CurationNote.canonical,CurationIssue.duplicate
None,,nan,,CurationIssue.rdkit_failed
None,,nan,,CurationIssue.rdkit_failed
None,,nan,,CurationIssue.rdkit_failed
None,,nan,,CurationIssue.rdkit_failed
None,,nan,,CurationIssue.rdkit_failed
None,,nan,,CurationIssue.rdkit_failed
None,,nan,,CurationIssue.rdkit_failed
None,,nan,,CurationIssue.rdkit_failed
None,,nan,,CurationIssue.rdkit_failed
None,,nan,,CurationIssue.rdkit_failed
None,,nan,,CurationIssue.rdkit_failed
None,,nan,,CurationIssue.rdkit_failed
None,,nan,,CurationIssue.rdkit_failed
None,,nan,,CurationIssue.rdkit_failed
None,,nan,,CurationIssue.rdkit_failed
None,,nan,,CurationIssue.rdkit_failed
None,,nan,,CurationIssue.rdkit_failed
None,,nan,,CurationIssue.rdkit_failed
None,,nan,,CurationIssue.rdkit_failed
None,,nan,,CurationIssue.rdkit_failed
None,IPRONIAZID,nan,,CurationIssue.rdkit_failed
None,,nan,,CurationIssue.rdkit_failed
None,,nan,,CurationIssue.rdkit_failed
None,,nan,,CurationIssue.rdkit_failed
CSc1nc(C)cc(Nc2ccc(O)c(CN3CCCCC3)c2)n1,CHEMBL1414910,1.0,CurationNote.canonical,CurationIssue.inorganic
CC(NC1CCCC1)C(=O)Nc1ccccc1-c1ccccc1,CHEMBL1389235,1.0,CurationNote.canonical,
Cc1ccc(C(=O)OCn2ncc(Cl)c(Cl)c2=O)cc1,CHEMBL1343392,0.0,CurationNote.canonical,
None,,nan,,CurationIssue.rdkit_failed
None,,nan,,CurationIssue.rdkit_failed
None,,nan,,CurationIssue.rdkit_failed
None,,nan,,CurationIssue.rdkit_failed
C[C@@H](C(=O)NCc1ccc(C(F)(F)F)nc1)[C@H]1C[C@]1(C)[C@H](NC(=O)OCc1ccccc1)c1ccccc1,CHEMBL1360650,1.0,CurationNote.canonical,
COC(=O)c1cc(C#N)c(Oc2ccc(OC)cc2)nc1C,CHEMBL1546475,0.0,CurationNote.canonical,
COc1cccc2c1OC[C@@H](CO)[C@H]2N(C)C(=O)Nc1ccc(Cl)cc1Cl,CHEMBL1585833,1.0,CurationNote.canonical,
None,,nan,,CurationIssue.rdkit_failed
None,,nan,,CurationIssue.rdkit_failed
None,,nan,,CurationIssue.rdkit_failed
None,,nan,,CurationIssue.rdkit_failed
None,,nan,,CurationIssue.rdkit_failed
None,,nan,,CurationIssue.rdkit_failed
None,,nan,,CurationIssue.rdkit_failed
None,,nan,,CurationIssue.rdkit_failed
None,,nan,,CurationIssue.rdkit_failed
None,,nan,,CurationIssue.rdkit_failed
None,,nan,,CurationIssue.rdkit_failed
None,,nan,,CurationIssue.rdkit_failed
None,,nan,,CurationIssue.rdkit_failed
None,,nan,,CurationIssue.rdkit_failed
None,,nan,,CurationIssue.rdkit_failed
None,,nan,,CurationIssue.rdkit_failed
None,,nan,,CurationIssue.rdkit_failed
None,,nan,,CurationIssue.rdkit_failed
None,,nan,,CurationIssue.rdkit_failed
None,,nan,,CurationIssue.rdkit_failed
None,,nan,,CurationIssue.rdkit_failed
None,,nan,,CurationIssue.rdkit_failed
None,,nan,,CurationIssue.rdkit_failed
COc1ccccc1-c1nc(NC2CC2)c2ccccc2n1,CHEMBL1551518,0.0,CurationNote.canonical,
COc1cccc(C(=O)Nc2ccc(NC(=O)c3ccco3)cn2)c1,CHEMBL1586835,0.0,CurationNote.canonical,
None,,nan,,CurationIssue.rdkit_failed
None,,nan,,CurationIssue.rdkit_failed
None,,nan,,CurationIssue.rdkit_failed
None,,nan,,CurationIssue.rdkit_failed
None,,nan,,CurationIssue.rdkit_failed
O=C(Nc1ccccc1)N1CC[C@@]2(CCCN(C(=O)c3cc(C(F)(F)F)cc(C(F)(F)F)c3)C2)C1,CHEMBL1590060,0.0,CurationNote.canonical,
CN1CCc2c(c3ccccc3n2C)C1.Cl,CHEMBL1464940,0.0,CurationNote.canonical,CurationIssue.mixture
None,,nan,,CurationIssue.rdkit_failed
None,,nan,,CurationIssue.rdkit_failed
None,,nan,,CurationIssue.rdkit_failed
None,,nan,,CurationIssue.rdkit_failed
None,,nan,,CurationIssue.rdkit_failed
None,,nan,,CurationIssue.rdkit_failed
None,,nan,,CurationIssue.rdkit_failed
None,,nan,,CurationIssue.rdkit_failed
None,,nan,,CurationIssue.rdkit_failed
None,,nan,,CurationIssue.rdkit_failed
None,,nan,,CurationIssue.rdkit_failed
None,,nan,,CurationIssue.rdkit_failed
None,,nan,,CurationIssue.rdkit_failed
None,,nan,,CurationIssue.rdkit_failed
None,,nan,,CurationIssue.rdkit_failed
None,,nan,,CurationIssue.rdkit_failed
None,,nan,,CurationIssue.rdkit_failed
None,,nan,,CurationIssue.rdkit_failed
N#C/C(=C\c1c[nH]nc1-c1ccccc1)C(=O)NC1CCCCCC1,CHEMBL1429076,0.0,CurationNote.canonical,
CCCN1CCO[C@@H]2c3cc(O)ccc3OC[C@H]21,CHEMBL70565,0.0,CurationNote.canonical,CurationIssue.disagreeing_duplicate
C[C@]12N[C@@H](Cc3ccccc31)c1ccccc12,CHEMBL467706,1.0,CurationNote.canonical,CurationIssue.duplicate
CCCCC#Cc1ccccc1CC(=O)Nc1ccccc1,CHEMBL1410367,0.0,CurationNote.canonical,
None,,nan,,CurationIssue.rdkit_failed
None,NICORANDIL,nan,,CurationIssue.rdkit_failed
None,,nan,,CurationIssue.rdkit_failed
None,,nan,,CurationIssue.rdkit_failed
None,,nan,,CurationIssue.rdkit_failed
None,,nan,,CurationIssue.rdkit_failed
None,,nan,,CurationIssue.rdkit_failed
None,,nan,,CurationIssue.rdkit_failed
None,,nan,,CurationIssue.rdkit_failed
None,,nan,,CurationIssue.rdkit_failed
None,,nan,,CurationIssue.rdkit_failed
None,,nan,,CurationIssue.rdkit_failed
None,,nan,,CurationIssue.rdkit_failed
None,,nan,,CurationIssue.rdkit_failed
None,,nan,,CurationIssue.rdkit_failed
N#CC(=C(/N)Sc1ccccc1N)/C(C#N)=C(/N)Sc1ccccc1N,CHEMBL100473,1.0,CurationNote.canonical,CurationIssue.inorganic
Cc1ccc(-n2c(C)nc3c(cnn3-c3ccc(F)cc3)c2=O)cc1C,CHEMBL1468477,0.0,CurationNote.canonical,
C[C@@H](C(=O)NCc1ccccc1)[C@H]1C[C@]1(C)[C@H](NC(=O)OCc1ccccc1)c1ccccc1,CHEMBL1442987,1.0,CurationNote.canonical,
COc1ccccc1/C=C/C=N/N1CCN(Cc2cccc3ccccc23)CC1,CHEMBL3194219,1.0,CurationNote.canonical,
None,,nan,,CurationIssue.rdkit_failed
NC(=O)c1cccc(N)c1,CHEMBL81977,0.0,CurationNote.canonical,
None,,nan,,CurationIssue.rdkit_failed
C=CCN1C(=O)C(CC(=O)Nc2ccccc2)S/C1=N/c1ccc(S(N)(=O)=O)cc1,CHEMBL3194238,0.0,CurationNote.canonical,
None,,nan,,CurationIssue.rdkit_failed
None,,nan,,CurationIssue.rdkit_failed
None,,nan,,CurationIssue.rdkit_failed
None,,nan,,CurationIssue.rdkit_failed
None,,nan,,CurationIssue.rdkit_failed
None,SULINDAC,nan,,CurationIssue.rdkit_failed
None,,nan,,CurationIssue.rdkit_failed
COc1ccc(-c2nc3cnc(N4CCNCC4)nc3n(CCc3ccccc3)c2=O)cc1,CHEMBL1354693,0.0,CurationNote.canonical,
O=C1C2CCCN2C(c2ccc(F)cc2)N1c1nccs1,CHEMBL1559387,0.0,CurationNote.canonical,
Cc1cccc(N2CCN(C(=O)CCCn3c(=S)[nH]c4cc5c(cc4c3=O)OCO5)CC2)c1C,CHEMBL1470840,1.0,CurationNote.canonical,
None,,nan,,CurationIssue.rdkit_failed
None,TOLNAFTATE,nan,,CurationIssue.rdkit_failed
COc1ccccc1-c1nc(N(C)C)c2ccccc2n1,CHEMBL1554960,1.0,CurationNote.canonical,
Cc1ccc(C(=O)N2CCN(C3c4cccc5cccc(c45)C3NS(=O)(=O)c3ccccc3)CC2)cc1,CHEMBL1362504,1.0,CurationNote.canonical,
C=CCN(CC=C)CC(O)Cn1c2ccccc2c2ccccc21,CHEMBL1378030,1.0,CurationNote.canonical,
CN1CCN(c2nc(-c3cccc(NS(C)(=O)=O)c3)nc3ccccc23)CC1,CHEMBL1515985,1.0,CurationNote.canonical,
O=C(c1cccc(F)c1)N1CCC2(CCCN(Cc3cc(C(F)(F)F)cc(C(F)(F)F)c3)C2)CC1,CHEMBL1514517,1.0,CurationNote.canonical,
O=C(c1ccc2c(c1)OCO2)N1CCCCC1,CHEMBL103469,1.0,CurationNote.canonical,
COc1cccc(C2=CC(c3ccccc3)n3nnnc3N2)c1,CHEMBL1508220,0.0,CurationNote.canonical,
None,,nan,,CurationIssue.rdkit_failed
None,,nan,,CurationIssue.rdkit_failed
None,,nan,,CurationIssue.rdkit_failed
None,,nan,,CurationIssue.rdkit_failed
None,ARCAINE,nan,,CurationIssue.rdkit_failed
None,,nan,,CurationIssue.rdkit_failed
None,CROMOLYN SODIUM,nan,,CurationIssue.rdkit_failed
None,,nan,,CurationIssue.rdkit_failed
None,,nan,,CurationIssue.rdkit_failed
None,,nan,,CurationIssue.rdkit_failed
None,,nan,,CurationIssue.rdkit_failed
None,,nan,,CurationIssue.rdkit_failed
None,,nan,,CurationIssue.rdkit_failed
None,,nan,,CurationIssue.rdkit_failed
None,,nan,,CurationIssue.rdkit_failed
None,,nan,,CurationIssue.rdkit_failed
None,,nan,,CurationIssue.rdkit_failed
None,,nan,,CurationIssue.rdkit_failed
None,,nan,,CurationIssue.rdkit_failed
None,,nan,,CurationIssue.rdkit_failed
None,,nan,,CurationIssue.rdkit_failed
None,,nan,,CurationIssue.rdkit_failed
None,,nan,,CurationIssue.rdkit_failed
None,,nan,,CurationIssue.rdkit_failed
None,,nan,,CurationIssue.rdkit_failed
None,,nan,,CurationIssue.rdkit_failed
None,,nan,,CurationIssue.rdkit_failed
None,,nan,,CurationIssue.rdkit_failed
None,,nan,,CurationIssue.rdkit_failed
None,,nan,,CurationIssue.rdkit_failed
None,,nan,,CurationIssue.rdkit_failed
None,FOMEPIZOLE,nan,,CurationIssue.rdkit_failed
None,,nan,,CurationIssue.rdkit_failed
None,,nan,,CurationIssue.rdkit_failed
None,,nan,,CurationIssue.rdkit_failed
CCC(C)(C(=O)NC1CCCCC1)N(Cc1ccco1)C(=O)Cc1cccs1,CHEMBL1533962,0.0,CurationNote.canonical,
None,,nan,,CurationIssue.rdkit_failed
None,,nan,,CurationIssue.rdkit_failed
None,,nan,,CurationIssue.rdkit_failed
None,,nan,,CurationIssue.rdkit_failed
None,,nan,,CurationIssue.rdkit_failed
None,,nan,,CurationIssue.rdkit_failed
None,,nan,,CurationIssue.rdkit_failed
None,,nan,,CurationIssue.rdkit_failed
None,,nan,,CurationIssue.rdkit_failed
None,,nan,,CurationIssue.rdkit_failed
None,,nan,,CurationIssue.rdkit_failed
None,,nan,,CurationIssue.rdkit_failed
Cc1cccc(CNc2ccnc(-c3ccoc3)n2)c1,CHEMBL1474625,0.0,CurationNote.canonical,
CC1(C)CC2=Nc3cc4c(cc3C(c3ccc(F)cc3)C2=C(O)C1)OCO4,CHEMBL1486506,1.0,CurationNote.canonical,
Clc1ccc(CSc2nnc(-c3cccnc3)o2)cc1,CHEMBL1350707,0.0,CurationNote.canonical,CurationIssue.inorganic
NS(=O)(=O)c1ccc(CCNC(=O)CSc2ccccc2)cc1,CHEMBL1741781,0.0,CurationNote.canonical,CurationIssue.inorganic
None,,nan,,CurationIssue.rdkit_failed
None,,nan,,CurationIssue.rdkit_failed
None,,nan,,CurationIssue.rdkit_failed
None,,nan,,CurationIssue.rdkit_failed
None,,nan,,CurationIssue.rdkit_failed
None,LEVONORDEFRIN,nan,,CurationIssue.rdkit_failed
None,,nan,,CurationIssue.rdkit_failed
None,ZAPRINAST,nan,,CurationIssue.rdkit_failed
None,,nan,,CurationIssue.rdkit_failed
None,,nan,,CurationIssue.rdkit_failed
None,,nan,,CurationIssue.rdkit_failed
None,,nan,,CurationIssue.rdkit_failed
None,,nan,,CurationIssue.rdkit_failed
None,,nan,,CurationIssue.rdkit_failed
None,,nan,,CurationIssue.rdkit_failed
None,,nan,,CurationIssue.rdkit_failed
None,,nan,,CurationIssue.rdkit_failed
None,,nan,,CurationIssue.rdkit_failed
None,,nan,,CurationIssue.rdkit_failed
None,,nan,,CurationIssue.rdkit_failed
None,,nan,,CurationIssue.rdkit_failed
None,AMITRIPTYLINOXIDE,nan,,CurationIssue.rdkit_failed
None,,nan,,CurationIssue.rdkit_failed
None,,nan,,CurationIssue.rdkit_failed
None,,nan,,CurationIssue.rdkit_failed
None,,nan,,CurationIssue.rdkit_failed
None,,nan,,CurationIssue.rdkit_failed
None,,nan,,CurationIssue.rdkit_failed
None,,nan,,CurationIssue.rdkit_failed
None,,nan,,CurationIssue.rdkit_failed
None,,nan,,CurationIssue.rdkit_failed
None,,nan,,CurationIssue.rdkit_failed
None,,nan,,CurationIssue.rdkit_failed
None,,nan,,CurationIssue.rdkit_failed
None,,nan,,CurationIssue.rdkit_failed
None,,nan,,CurationIssue.rdkit_failed
None,,nan,,CurationIssue.rdkit_failed
None,,nan,,CurationIssue.rdkit_failed
None,,nan,,CurationIssue.rdkit_failed
None,,nan,,CurationIssue.rdkit_failed
None,,nan,,CurationIssue.rdkit_failed
None,,nan,,CurationIssue.rdkit_failed
None,,nan,,CurationIssue.rdkit_failed
None,,nan,,CurationIssue.rdkit_failed
None,,nan,,CurationIssue.rdkit_failed
None,,nan,,CurationIssue.rdkit_failed
None,,nan,,CurationIssue.rdkit_failed
None,,nan,,CurationIssue.rdkit_failed
None,,nan,,CurationIssue.rdkit_failed
None,,nan,,CurationIssue.rdkit_failed
None,,nan,,CurationIssue.rdkit_failed
None,,nan,,CurationIssue.rdkit_failed
None,EPINEPHRINE BITARTRATE,nan,,CurationIssue.rdkit_failed
None,,nan,,CurationIssue.rdkit_failed
CNc1nc(-c2ccoc2)nc2ccccc12,CHEMBL1559246,0.0,CurationNote.canonical,
CC(C)(C)N=C(S)Nc1ccc(Nc2ccccc2)cc1,CHEMBL1408323,0.0,CurationNote.canonical,
COc1cccc(-c2ccc3ncnc(NCc4cccs4)c3c2)c1,CHEMBL565654,1.0,CurationNote.canonical,
O=c1[nH]c2ccccc2n1CCCN1CCC(n2c(=O)[nH]c3cc(Cl)ccc32)CC1,CHEMBL219916,1.0,CurationNote.canonical,
O[C@H](C[C@@H]1CCCCN1)c1ccc2c(c1)oc1ccccc12,CHEMBL1559860,1.0,CurationNote.canonical,
C=CCOc1ccccc1OC[C@H](O)CNC(C)C,CHEMBL1514683,1.0,CurationNote.canonical,
COc1ncc2nc(-c3ccc(F)cc3)c(=O)n(CCC#N)c2n1,CHEMBL1414780,1.0,CurationNote.canonical,
C/C(=N\N1CCN(C2c3ccccc3-c3ccccc32)CC1)c1ccncc1,CHEMBL3212521,1.0,CurationNote.canonical,
CCOc1ccccc1OCCOc1ccc(F)cc1,CHEMBL1398790,0.0,CurationNote.canonical,
COC(=O)N[C@H](c1ccccc1)[C@@]1(C)C[C@@H]1[C@@H](C)C(=O)Nc1ccc2ccccc2c1,CHEMBL1359917,1.0,CurationNote.canonical,
CCNc1ncc2nc(-c3cn(C)c4ccccc34)c(=O)n(-c3ccccc3)c2n1,CHEMBL1533214,0.0,CurationNote.canonical,
None,,nan,,CurationIssue.rdkit_failed
None,,nan,,CurationIssue.rdkit_failed
None,,nan,,CurationIssue.rdkit_failed
None,,nan,,CurationIssue.rdkit_failed
None,,nan,,CurationIssue.rdkit_failed
None,,nan,,CurationIssue.rdkit_failed
None,,nan,,CurationIssue.rdkit_failed
None,,nan,,CurationIssue.rdkit_failed
None,,nan,,CurationIssue.rdkit_failed
None,,nan,,CurationIssue.rdkit_failed
Cc1cc2c(nc1C)CCCCN2C[C@H](C)O/N=C\[C@@H](C)[C@H](OCc1ccccc1)C(C)C,CHEMBL1591903,1.0,CurationNote.canonical,
CC(=O)c1cccc(NC(=O)/C(=C\c2ccco2)NC(=O)c2cccs2)c1,CHEMBL1363110,0.0,CurationNote.canonical,
COc1ccc(C2=NOC(C(=O)N3CCCc4ccccc43)C2)cc1,CHEMBL1464956,0.0,CurationNote.canonical,
Cc1nc(-c2ccc(-c3ccc(C(=O)N4CCc5cc6c(cc54)C4(CCN(C)CC4)CO6)cc3)c(C)c2)no1,CHEMBL281350,0.0,CurationNote.canonical,CurationIssue.disagreeing_duplicate
COc1ccc(NC(=O)N2CCC3(CC2)CCN(S(=O)(=O)c2ccccc2)CC3)cc1,CHEMBL1435301,0.0,CurationNote.canonical,
O=C(Cc1ccccc1I)Nc1ccccc1,CHEMBL1487561,0.0,CurationNote.canonical,
O=C1NCN(c2ccccc2)C12CCN(CCCOc1ccc(F)cc1)CC2,CHEMBL79834,1.0,CurationNote.canonical,
CCCC(C(=O)OCCN(CC)CC)(c1ccccc1)c1ccccc1,CHEMBL282567,1.0,CurationNote.canonical,
Clc1ccccc1-c1cncnc1NCCc1cnc[nH]1,CHEMBL1314367,1.0,CurationNote.canonical,
CCN(CC)CCOCCOC(=O)C1(c2ccccc2)CCCC1.O=C(O)CC(O)(CC(=O)O)C(=O)O,CHEMBL1256696,0.0,CurationNote.canonical,CurationIssue.mixture
NNC(=O)CNC(c1ccccc1)c1cc(Br)ccc1NC(=O)c1ccccc1Br,CHEMBL585045,1.0,CurationNote.canonical,
None,,nan,,CurationIssue.rdkit_failed
None,,nan,,CurationIssue.rdkit_failed
Cc1noc(C)c1C(=O)N1CCC[C@@]2(CCN(Cc3ccccc3)C2)C1,CHEMBL1359320,1.0,CurationNote.canonical,
None,,nan,,CurationIssue.rdkit_failed
None,,nan,,CurationIssue.rdkit_failed
None,,nan,,CurationIssue.rdkit_failed
None,,nan,,CurationIssue.rdkit_failed
None,,nan,,CurationIssue.rdkit_failed
None,,nan,,CurationIssue.rdkit_failed
None,,nan,,CurationIssue.rdkit_failed
None,,nan,,CurationIssue.rdkit_failed
None,SULFAMETHIZOLE,nan,,CurationIssue.rdkit_failed
None,,nan,,CurationIssue.rdkit_failed
None,,nan,,CurationIssue.rdkit_failed
None,,nan,,CurationIssue.rdkit_failed
None,,nan,,CurationIssue.rdkit_failed
None,,nan,,CurationIssue.rdkit_failed
None,,nan,,CurationIssue.rdkit_failed
None,,nan,,CurationIssue.rdkit_failed
None,,nan,,CurationIssue.rdkit_failed
None,,nan,,CurationIssue.rdkit_failed
None,,nan,,CurationIssue.rdkit_failed
None,,nan,,CurationIssue.rdkit_failed
None,,nan,,CurationIssue.rdkit_failed
None,,nan,,CurationIssue.rdkit_failed
None,,nan,,CurationIssue.rdkit_failed
None,,nan,,CurationIssue.rdkit_failed
None,,nan,,CurationIssue.rdkit_failed
None,,nan,,CurationIssue.rdkit_failed
None,,nan,,CurationIssue.rdkit_failed
None,,nan,,CurationIssue.rdkit_failed
None,,nan,,CurationIssue.rdkit_failed
None,,nan,,CurationIssue.rdkit_failed
None,,nan,,CurationIssue.rdkit_failed
None,,nan,,CurationIssue.rdkit_failed
None,,nan,,CurationIssue.rdkit_failed
None,URAPIDIL,nan,,CurationIssue.rdkit_failed
None,,nan,,CurationIssue.rdkit_failed
None,,nan,,CurationIssue.rdkit_failed
None,,nan,,CurationIssue.rdkit_failed
None,,nan,,CurationIssue.rdkit_failed
None,,nan,,CurationIssue.rdkit_failed
None,,nan,,CurationIssue.rdkit_failed
None,,nan,,CurationIssue.rdkit_failed
None,,nan,,CurationIssue.rdkit_failed
None,,nan,,CurationIssue.rdkit_failed
COc1ccc(O[C@H]2C=C[C@@H](c3ccccc3)O[C@H]2COC(=O)CC/C(C)=N\O[C@@H](C)CN2CCCc3nc(C)c(C)cc32)cc1,CHEMBL1607106,1.0,CurationNote.canonical,
O=C(c1c(O)nc2cc(Cl)ccc2c1O)C1CC1,CHEMBL115225,1.0,CurationNote.canonical,
N=C(N)SCCc1ccc(CCSC(=N)N)cc1,CHEMBL444422,0.0,CurationNote.canonical,
CN1CC[C@]2(C)c3cc(O)ccc3N(C)[C@@H]12,CHEMBL1373567,0.0,CurationNote.canonical,CurationIssue.disagreeing_duplicate
CNc1nc(-c2cccnc2)nc2ccccc12,CHEMBL1473760,0.0,CurationNote.canonical,
COc1cccc(OC)c1OCCNC[C@@H]1COc2ccccc2O1,CHEMBL36622,1.0,CurationNote.canonical,
CCC(NC(=O)C1(C)CC1(Br)Br)c1ccc(C)cc1,CHEMBL1305215,1.0,CurationNote.canonical,
Cc1ccc(NCC(=O)N/N=C/c2ccc(OC(=O)c3ccco3)cc2)cc1,CHEMBL3211795,0.0,CurationNote.canonical,
O=C(Oc1ccccc1)N1CCC2(CC1)CN(C(c1ccccc1)c1ccccc1)C2,CHEMBL1401483,1.0,CurationNote.canonical,
CCOC(=O)C1=C(C)NC(C)=C(C(=O)OC)[C@H]1c1cccc([N+](=O)[O-])c1,CHEMBL268609,0.0,CurationNote.canonical,
CCOC(=O)c1[nH]c2cc3c(cc2c1NC(=O)CN1CCc2ccccc2C1)OCO3,CHEMBL1608811,1.0,CurationNote.canonical,
O=C(CSc1nc2ccccc2c(=O)n1NC(=O)Cc1ccccc1)NCc1ccccc1Cl,CHEMBL1742011,1.0,CurationNote.canonical,CurationIssue.inorganic
Cc1ccc(SCCN=C(S)Nc2ccc(C)c(C)c2)cc1,CHEMBL1522566,1.0,CurationNote.canonical,
CCCCC#Cc1nc(NC)c2ncn([C@@H]3O[C@@H](CO)[C@H](O)[C@H]3O)c2n1,CHEMBL1480903,0.0,CurationNote.canonical,
C=CCSc1nnc2c(n1)OC(c1c(C)[nH]n(-c3ccccc3)c1=O)Nc1ccccc1-2,CHEMBL3145119,1.0,CurationNote.canonical,CurationIssue.inorganic
Cc1ncc(CSc2ccccc2N)c(CO)c1O,CHEMBL1604036,1.0,CurationNote.canonical,CurationIssue.inorganic
O=C(N/N=C1/C[C@@H](O)[C@@H](O)[C@@H]2[C@@H]3C(=O)N(Cc4ccc5c(c4)OCO5)C(=O)[C@H]3CC[C@@H]12)OCc1ccccc1,CHEMBL1433572,1.0,CurationNote.canonical,
Cc1ccc(S(=O)(=O)N(Cc2ccccc2)c2ccccc2C(=O)NCc2ccco2)cc1,CHEMBL1335865,0.0,CurationNote.canonical,
COc1cccc(-c2cncnc2NCc2cccnc2)c1,CHEMBL1475951,0.0,CurationNote.canonical,
Cc1ccc(CNC(=O)[C@H](C)[C@@H]2C[C@@]2(C)[C@@H](NC(=O)OCc2ccccc2)c2ccccc2)o1,CHEMBL1512270,1.0,CurationNote.canonical,
COc1cccc(Cn2c(=O)c(-c3ccc(F)c(F)c3)nc3cncnc32)c1,CHEMBL1611856,0.0,CurationNote.canonical,
O=C(CCN1CCCCC1)N1CCc2c([nH]c3ccccc23)[C@H]1c1cccnc1,CHEMBL1611823,1.0,CurationNote.canonical,
O=C(OC(C(=O)O)C(OC(=O)c1ccccc1)C(=O)NCc1ccccc1)c1ccccc1,CHEMBL1742071,0.0,CurationNote.canonical,
CN(C)CC[C@H](c1ccc(Br)cc1)c1ccccn1,CHEMBL1400543,0.0,CurationNote.canonical,CurationIssue.duplicate
None,,nan,,CurationIssue.rdkit_failed
Oc1nc(S)nc(SCc2c(Cl)c(Cl)c(Cl)c(Cl)c2Cl)n1,CHEMBL472656,1.0,CurationNote.canonical,
Cc1ccc(S(=O)(=O)O)cc1.N=C(N)SC(c1ccccc1)c1ccccc1,CHEMBL1398250,1.0,CurationNote.canonical,CurationIssue.mixture
None,,nan,,CurationIssue.rdkit_failed
None,,nan,,CurationIssue.rdkit_failed
None,,nan,,CurationIssue.rdkit_failed
None,,nan,,CurationIssue.rdkit_failed
None,,nan,,CurationIssue.rdkit_failed
None,,nan,,CurationIssue.rdkit_failed
None,,nan,,CurationIssue.rdkit_failed
None,,nan,,CurationIssue.rdkit_failed
None,,nan,,CurationIssue.rdkit_failed
None,,nan,,CurationIssue.rdkit_failed
None,,nan,,CurationIssue.rdkit_failed
None,,nan,,CurationIssue.rdkit_failed
None,,nan,,CurationIssue.rdkit_failed
None,(R)-FLECAINIDE,nan,,CurationIssue.rdkit_failed
None,,nan,,CurationIssue.rdkit_failed
None,,nan,,CurationIssue.rdkit_failed
None,,nan,,CurationIssue.rdkit_failed
None,,nan,,CurationIssue.rdkit_failed
None,,nan,,CurationIssue.rdkit_failed
None,,nan,,CurationIssue.rdkit_failed
None,,nan,,CurationIssue.rdkit_failed
None,,nan,,CurationIssue.rdkit_failed
None,,nan,,CurationIssue.rdkit_failed
None,,nan,,CurationIssue.rdkit_failed
None,,nan,,CurationIssue.rdkit_failed
COC(=O)C1=C(C(=O)OC)C(c2cc(Cl)ccc2O)c2sc(O)nc2S1,CHEMBL1471546,0.0,CurationNote.canonical,
None,,nan,,CurationIssue.rdkit_failed
None,,nan,,CurationIssue.rdkit_failed
None,,nan,,CurationIssue.rdkit_failed
None,,nan,,CurationIssue.rdkit_failed
None,,nan,,CurationIssue.rdkit_failed
None,,nan,,CurationIssue.rdkit_failed
None,,nan,,CurationIssue.rdkit_failed
None,,nan,,CurationIssue.rdkit_failed
None,,nan,,CurationIssue.rdkit_failed
None,,nan,,CurationIssue.rdkit_failed
None,,nan,,CurationIssue.rdkit_failed
None,,nan,,CurationIssue.rdkit_failed
None,,nan,,CurationIssue.rdkit_failed
None,,nan,,CurationIssue.rdkit_failed
None,,nan,,CurationIssue.rdkit_failed
None,,nan,,CurationIssue.rdkit_failed
None,,nan,,CurationIssue.rdkit_failed
None,,nan,,CurationIssue.rdkit_failed
None,,nan,,CurationIssue.rdkit_failed
None,,nan,,CurationIssue.rdkit_failed
OCCNc1nc(SCc2ccccc2)nc2sc3c(c12)CCC3,CHEMBL1301881,0.0,CurationNote.canonical,
None,,nan,,CurationIssue.rdkit_failed
O=C(NC1CCCc2ccccc21)c1ccc(O)nc1,CHEMBL1741795,0.0,CurationNote.canonical,
None,,nan,,CurationIssue.rdkit_failed
None,,nan,,CurationIssue.rdkit_failed
None,,nan,,CurationIssue.rdkit_failed
None,,nan,,CurationIssue.rdkit_failed
None,,nan,,CurationIssue.rdkit_failed
None,,nan,,CurationIssue.rdkit_failed
None,,nan,,CurationIssue.rdkit_failed
None,,nan,,CurationIssue.rdkit_failed
None,HYPOTAURINE,nan,,CurationIssue.rdkit_failed
None,,nan,,CurationIssue.rdkit_failed
None,,nan,,CurationIssue.rdkit_failed
None,,nan,,CurationIssue.rdkit_failed
c1cncc(-c2ccc3ncnc(NCCN4CCOCC4)c3c2)c1,CHEMBL1590458,0.0,CurationNote.canonical,
None,,nan,,CurationIssue.rdkit_failed
CN(C)CC[C@H](c1ccc(Cl)cc1)c1ccccn1,CHEMBL1554789,1.0,CurationNote.canonical,CurationIssue.duplicate
None,,nan,,CurationIssue.rdkit_failed
None,,nan,,CurationIssue.rdkit_failed
None,,nan,,CurationIssue.rdkit_failed
None,,nan,,CurationIssue.rdkit_failed
None,,nan,,CurationIssue.rdkit_failed
None,,nan,,CurationIssue.rdkit_failed
None,,nan,,CurationIssue.rdkit_failed
None,,nan,,CurationIssue.rdkit_failed
None,,nan,,CurationIssue.rdkit_failed
None,,nan,,CurationIssue.rdkit_failed
None,,nan,,CurationIssue.rdkit_failed
None,,nan,,CurationIssue.rdkit_failed
None,,nan,,CurationIssue.rdkit_failed
None,,nan,,CurationIssue.rdkit_failed
None,,nan,,CurationIssue.rdkit_failed
None,,nan,,CurationIssue.rdkit_failed
None,,nan,,CurationIssue.rdkit_failed
None,,nan,,CurationIssue.rdkit_failed
None,,nan,,CurationIssue.rdkit_failed
None,,nan,,CurationIssue.rdkit_failed
None,,nan,,CurationIssue.rdkit_failed
None,,nan,,CurationIssue.rdkit_failed
None,,nan,,CurationIssue.rdkit_failed
None,,nan,,CurationIssue.rdkit_failed
None,N (g)-NITRO-L-ARGININE,nan,,CurationIssue.rdkit_failed
None,,nan,,CurationIssue.rdkit_failed
None,,nan,,CurationIssue.rdkit_failed
None,,nan,,CurationIssue.rdkit_failed
None,,nan,,CurationIssue.rdkit_failed
None,,nan,,CurationIssue.rdkit_failed
None,,nan,,CurationIssue.rdkit_failed
None,,nan,,CurationIssue.rdkit_failed
None,,nan,,CurationIssue.rdkit_failed
None,,nan,,CurationIssue.rdkit_failed
None,,nan,,CurationIssue.rdkit_failed
None,,nan,,CurationIssue.rdkit_failed
None,,nan,,CurationIssue.rdkit_failed
None,,nan,,CurationIssue.rdkit_failed
None,,nan,,CurationIssue.rdkit_failed
None,,nan,,CurationIssue.rdkit_failed
None,,nan,,CurationIssue.rdkit_failed
None,,nan,,CurationIssue.rdkit_failed
None,,nan,,CurationIssue.rdkit_failed
None,ARECOLINE,nan,,CurationIssue.rdkit_failed
None,,nan,,CurationIssue.rdkit_failed
None,,nan,,CurationIssue.rdkit_failed
O=C(CSc1ccc(Cl)cc1)Nc1cccc(NC(=O)c2ccco2)c1,CHEMBL1561341,1.0,CurationNote.canonical,CurationIssue.inorganic
Cc1ccc([C@@H](O)c2cnc(C)n2Cc2ccccc2)cc1,CHEMBL1319672,1.0,CurationNote.canonical,
C[C@@H]1C(=O)NC2=Nc3cccc(Cl)c3CN21,CHEMBL320341,0.0,CurationNote.canonical,
CN(C)CCCN1c2ccccc2CCc2ccc(Cl)cc21,CHEMBL415,1.0,CurationNote.canonical,
NC1(C(=O)O)C[C@H](C(=O)O)[C@H](C(=O)O)C1,CHEMBL1440629,0.0,CurationNote.canonical,
O=C(COc1ccc(Cl)cc1)N1CCN(Cc2ccc3c(c2)OCO3)CC1,CHEMBL254857,1.0,CurationNote.canonical,
COc1ccc(CNc2ccnc(-c3ccccc3OC)n2)c(OC)c1,CHEMBL1403121,1.0,CurationNote.canonical,
Cc1ccc(SCCCn2cnc3ccccc3c2=O)cc1,CHEMBL1477299,1.0,CurationNote.canonical,
CC1=CC(C)(C)Nc2ccc(CSc3ccccc3)cc21,CHEMBL1322026,1.0,CurationNote.canonical,CurationIssue.inorganic
Cc1c(C(=O)NN2CCOCC2)nn(-c2ccc(Cl)cc2Cl)c1-c1ccc(I)cc1,CHEMBL476833,0.0,CurationNote.canonical,
CCCN(CCC)C(=O)CSc1nc2ccccc2c(=O)n1CC1COc2ccccc2O1,CHEMBL1310543,0.0,CurationNote.canonical,CurationIssue.inorganic
O=C(OCc1nc2ccccc2[nH]1)C12CC3CC(CC(C3)C1)C2,CHEMBL1450934,0.0,CurationNote.canonical,
Cc1cccc(CNc2nc(-c3cccc(NS(C)(=O)=O)c3)nc3ccccc23)c1,CHEMBL1476430,0.0,CurationNote.canonical,
Cc1c(Cl)cccc1NC(=O)c1ccc(-n2ccnc2)nc1,CHEMBL1522673,1.0,CurationNote.canonical,
None,,nan,,CurationIssue.rdkit_failed
None,,nan,,CurationIssue.rdkit_failed
None,,nan,,CurationIssue.rdkit_failed
None,,nan,,CurationIssue.rdkit_failed
None,,nan,,CurationIssue.rdkit_failed
None,,nan,,CurationIssue.rdkit_failed
None,,nan,,CurationIssue.rdkit_failed
None,,nan,,CurationIssue.rdkit_failed
None,,nan,,CurationIssue.rdkit_failed
None,,nan,,CurationIssue.rdkit_failed
None,ARCAINE,nan,,CurationIssue.rdkit_failed
None,,nan,,CurationIssue.rdkit_failed
None,,nan,,CurationIssue.rdkit_failed
None,,nan,,CurationIssue.rdkit_failed
None,,nan,,CurationIssue.rdkit_failed
None,,nan,,CurationIssue.rdkit_failed
None,,nan,,CurationIssue.rdkit_failed
None,,nan,,CurationIssue.rdkit_failed
None,,nan,,CurationIssue.rdkit_failed
None,,nan,,CurationIssue.rdkit_failed
None,,nan,,CurationIssue.rdkit_failed
None,PRIMIDONE,nan,,CurationIssue.rdkit_failed
NC1=N[C@H](c2ccc(Cl)cc2)N(c2ccc(S(N)(=O)=O)cc2)C(N)=N1,CHEMBL1473342,1.0,CurationNote.canonical,
Cc1ccc(S(=O)(=O)N(CC(=O)NCCC2=CCCCC2)Cc2ccccc2F)cc1,CHEMBL1526390,0.0,CurationNote.canonical,
O=C(c1ccc(COc2ccccc2Br)o1)N1CCN(c2ccccn2)CC1,CHEMBL1489354,0.0,CurationNote.canonical,
O=C(Cc1ccccc1)N[C@@H](Cc1ccccc1)c1nc2ccccc2[nH]1,CHEMBL1704069,1.0,CurationNote.canonical,
O=C(CCCC(=O)OCC(=O)c1ccc(Cl)cc1Cl)Nc1cc(C(F)(F)F)ccc1Cl,CHEMBL1360337,0.0,CurationNote.canonical,
C=CCN1CCc2c(cc(O)c(O)c2Cl)[C@H](c2ccccc2)C1,CHEMBL1442462,0.0,CurationNote.canonical,
Cc1cccc(NC(=O)CSc2nc(O)c3c(C)cc(C)nc3n2)c1,CHEMBL1579705,0.0,CurationNote.canonical,CurationIssue.inorganic
COc1cccc(-c2cncnc2NCCc2cnc[nH]2)c1,CHEMBL1515449,1.0,CurationNote.canonical,
N#Cc1ccccc1-c1ccc2ncnc(NC3CC3)c2c1,CHEMBL1316075,0.0,CurationNote.canonical,
None,,nan,,CurationIssue.rdkit_failed
None,ESATENOLOL,nan,,CurationIssue.rdkit_failed
None,,nan,,CurationIssue.rdkit_failed
None,,nan,,CurationIssue.rdkit_failed
None,,nan,,CurationIssue.rdkit_failed
None,,nan,,CurationIssue.rdkit_failed
None,,nan,,CurationIssue.rdkit_failed
None,,nan,,CurationIssue.rdkit_failed
None,,nan,,CurationIssue.rdkit_failed
None,,nan,,CurationIssue.rdkit_failed
None,,nan,,CurationIssue.rdkit_failed
None,,nan,,CurationIssue.rdkit_failed
None,,nan,,CurationIssue.rdkit_failed
None,,nan,,CurationIssue.rdkit_failed
None,,nan,,CurationIssue.rdkit_failed
None,,nan,,CurationIssue.rdkit_failed
None,,nan,,CurationIssue.rdkit_failed
None,,nan,,CurationIssue.rdkit_failed
None,,nan,,CurationIssue.rdkit_failed
None,,nan,,CurationIssue.rdkit_failed
None,,nan,,CurationIssue.rdkit_failed
None,SALAGEN,nan,,CurationIssue.rdkit_failed
None,,nan,,CurationIssue.rdkit_failed
None,,nan,,CurationIssue.rdkit_failed
None,,nan,,CurationIssue.rdkit_failed
None,,nan,,CurationIssue.rdkit_failed
None,,nan,,CurationIssue.rdkit_failed
None,,nan,,CurationIssue.rdkit_failed
None,,nan,,CurationIssue.rdkit_failed
None,PRAZOSIN,nan,,CurationIssue.rdkit_failed
None,,nan,,CurationIssue.rdkit_failed
None,,nan,,CurationIssue.rdkit_failed
None,,nan,,CurationIssue.rdkit_failed
None,,nan,,CurationIssue.rdkit_failed
None,,nan,,CurationIssue.rdkit_failed
None,,nan,,CurationIssue.rdkit_failed
None,,nan,,CurationIssue.rdkit_failed
None,,nan,,CurationIssue.rdkit_failed
None,,nan,,CurationIssue.rdkit_failed
None,,nan,,CurationIssue.rdkit_failed
None,,nan,,CurationIssue.rdkit_failed
None,,nan,,CurationIssue.rdkit_failed
None,PERILLIC ACID,nan,,CurationIssue.rdkit_failed
None,,nan,,CurationIssue.rdkit_failed
None,,nan,,CurationIssue.rdkit_failed
None,,nan,,CurationIssue.rdkit_failed
None,,nan,,CurationIssue.rdkit_failed
None,,nan,,CurationIssue.rdkit_failed
None,,nan,,CurationIssue.rdkit_failed
None,,nan,,CurationIssue.rdkit_failed
None,,nan,,CurationIssue.rdkit_failed
None,,nan,,CurationIssue.rdkit_failed
Nc1nc(CSc2nnnn2-c2ccc(Cl)cc2)nc(N2CCOCC2)n1,CHEMBL1353342,1.0,CurationNote.canonical,CurationIssue.inorganic
O=c1[nH]c2cc(Cl)ccc2c(O)c1-c1cccc(Oc2ccccc2)c1,CHEMBL31741,1.0,CurationNote.canonical,
Cc1nc2c(C(=O)N3CCOCC3)cnn2c(C)c1Cc1ccc(Cl)cc1,CHEMBL1383867,0.0,CurationNote.canonical,
None,,nan,,CurationIssue.rdkit_failed
None,,nan,,CurationIssue.rdkit_failed
None,,nan,,CurationIssue.rdkit_failed
None,,nan,,CurationIssue.rdkit_failed
None,,nan,,CurationIssue.rdkit_failed
None,,nan,,CurationIssue.rdkit_failed
None,,nan,,CurationIssue.rdkit_failed
None,,nan,,CurationIssue.rdkit_failed
None,,nan,,CurationIssue.rdkit_failed
None,,nan,,CurationIssue.rdkit_failed
None,,nan,,CurationIssue.rdkit_failed
None,,nan,,CurationIssue.rdkit_failed
None,,nan,,CurationIssue.rdkit_failed
None,,nan,,CurationIssue.rdkit_failed
None,PHENYTOIN,nan,,CurationIssue.rdkit_failed
None,,nan,,CurationIssue.rdkit_failed
None,,nan,,CurationIssue.rdkit_failed
None,,nan,,CurationIssue.rdkit_failed
None,,nan,,CurationIssue.rdkit_failed
None,,nan,,CurationIssue.rdkit_failed
None,,nan,,CurationIssue.rdkit_failed
None,,nan,,CurationIssue.rdkit_failed
None,,nan,,CurationIssue.rdkit_failed
None,,nan,,CurationIssue.rdkit_failed
None,,nan,,CurationIssue.rdkit_failed
None,,nan,,CurationIssue.rdkit_failed
None,,nan,,CurationIssue.rdkit_failed
None,,nan,,CurationIssue.rdkit_failed
None,,nan,,CurationIssue.rdkit_failed
None,FLUTAMIDE,nan,,CurationIssue.rdkit_failed
None,,nan,,CurationIssue.rdkit_failed
None,,nan,,CurationIssue.rdkit_failed
None,,nan,,CurationIssue.rdkit_failed
None,CLODRONATE DISODIUM,nan,,CurationIssue.rdkit_failed
None,,nan,,CurationIssue.rdkit_failed
None,,nan,,CurationIssue.rdkit_failed
None,,nan,,CurationIssue.rdkit_failed
None,,nan,,CurationIssue.rdkit_failed
None,,nan,,CurationIssue.rdkit_failed
None,,nan,,CurationIssue.rdkit_failed
None,,nan,,CurationIssue.rdkit_failed
None,,nan,,CurationIssue.rdkit_failed
None,,nan,,CurationIssue.rdkit_failed
None,,nan,,CurationIssue.rdkit_failed
None,,nan,,CurationIssue.rdkit_failed
None,,nan,,CurationIssue.rdkit_failed
None,,nan,,CurationIssue.rdkit_failed
None,,nan,,CurationIssue.rdkit_failed
None,,nan,,CurationIssue.rdkit_failed
None,,nan,,CurationIssue.rdkit_failed
None,,nan,,CurationIssue.rdkit_failed
None,,nan,,CurationIssue.rdkit_failed
None,,nan,,CurationIssue.rdkit_failed
None,,nan,,CurationIssue.rdkit_failed
None,CYCLOSERINE,nan,,CurationIssue.rdkit_failed
None,SALAGEN,nan,,CurationIssue.rdkit_failed
None,,nan,,CurationIssue.rdkit_failed
None,,nan,,CurationIssue.rdkit_failed
None,,nan,,CurationIssue.rdkit_failed
None,,nan,,CurationIssue.rdkit_failed
None,TINIDAZOLE,nan,,CurationIssue.rdkit_failed
None,,nan,,CurationIssue.rdkit_failed
None,,nan,,CurationIssue.rdkit_failed
None,,nan,,CurationIssue.rdkit_failed
None,,nan,,CurationIssue.rdkit_failed
None,,nan,,CurationIssue.rdkit_failed
None,,nan,,CurationIssue.rdkit_failed
None,,nan,,CurationIssue.rdkit_failed
None,,nan,,CurationIssue.rdkit_failed
None,,nan,,CurationIssue.rdkit_failed
None,,nan,,CurationIssue.rdkit_failed
None,,nan,,CurationIssue.rdkit_failed
None,,nan,,CurationIssue.rdkit_failed
None,,nan,,CurationIssue.rdkit_failed
None,,nan,,CurationIssue.rdkit_failed
None,,nan,,CurationIssue.rdkit_failed
None,,nan,,CurationIssue.rdkit_failed
None,,nan,,CurationIssue.rdkit_failed
None,,nan,,CurationIssue.rdkit_failed
None,,nan,,CurationIssue.rdkit_failed
None,,nan,,CurationIssue.rdkit_failed
None,,nan,,CurationIssue.rdkit_failed
None,,nan,,CurationIssue.rdkit_failed
None,PROLINE,nan,,CurationIssue.rdkit_failed
OCCN1CCN(CC/C=C2\c3ccccc3Sc3ccc(C(F)(F)F)cc32)CC1,CHEMBL42055,0.0,CurationNote.canonical,CurationIssue.inorganic
CCCn1c2c(c(O)c(C(=O)NCc3ccccc3)c1=O)CCCC2,CHEMBL1302090,1.0,CurationNote.canonical,
Cc1cc2cc(C)c3nnc(SCC(=O)NCc4ccc5c(c4)OCO5)n3c2cc1C,CHEMBL1486380,0.0,CurationNote.canonical,
CN(C)CCCN1c2ccccc2CCc2ccccc21,CHEMBL11,1.0,CurationNote.canonical,
CN(C)CC/C=C1\c2ccccc2Sc2ccc(Cl)cc21,CHEMBL90125,1.0,CurationNote.canonical,CurationIssue.inorganic
Cc1ccc(/C=N/NC(=O)CSc2nc3ccccc3n2C)s1,CHEMBL1996020,1.0,CurationNote.canonical,CurationIssue.inorganic
Clc1cccc(N2CCNCC2)c1,CHEMBL478,1.0,CurationNote.canonical,
O=C(OCC(=O)c1cccs1)c1cccc(C(=O)OCC(=O)c2cccs2)n1,CHEMBL1530692,1.0,CurationNote.canonical,
COc1ccccc1CNc1ncncc1-c1cccc(NS(C)(=O)=O)c1,CHEMBL491943,0.0,CurationNote.canonical,
CCOc1cc(C)c(S(=O)(=O)Nc2ccc3c[nH]nc3c2)cc1C,CHEMBL1569058,1.0,CurationNote.canonical,
CCOc1ccc(C(=O)NC(=S)N(Cc2ccccc2)Cc2ccccc2)cc1,CHEMBL1466628,1.0,CurationNote.canonical,
O=C(c1ccncc1)N1CCC[C@@]2(CCN(c3cccc(-c4ccccc4)c3)C2)C1,CHEMBL1404660,1.0,CurationNote.canonical,
N=C(N)NC(=O)c1nc(Cl)c(N)nc1N,CHEMBL945,0.0,CurationNote.canonical,
O=[N+]([O-])c1ccccc1OCCCN1CCOCC1,CHEMBL1728635,0.0,CurationNote.canonical,
O=S(=O)(Nc1ccc(Cc2ccncc2)cc1)c1ccc(Cl)c(Cl)c1,CHEMBL1390261,1.0,CurationNote.canonical,
CCNc1ncc2ncc(=O)n(CCc3ccccc3)c2n1,CHEMBL1572173,0.0,CurationNote.canonical,
OCCCN(Cc1cc2cc3c(cc2nc1O)OCO3)Cc1nnnn1Cc1ccc(F)cc1,CHEMBL1527195,0.0,CurationNote.canonical,
CC(=O)Nc1cccc(C(=O)OC(C(=O)c2ccc(C)c(C)c2)c2ccccc2)c1,CHEMBL1390586,0.0,CurationNote.canonical,
COc1ccc(CCNc2c(C)c(C)nc3ncnn23)cc1,CHEMBL1499501,1.0,CurationNote.canonical,
O=C(/C=C/c1ccccc1)NC(NC(=S)Nc1ccc(Cl)cc1)C(Cl)(Cl)Cl,CHEMBL1340458,1.0,CurationNote.canonical,
O=C(NCc1ccccc1)C12CN(Cc3ccccc3)CC1C(c1cccc([N+](=O)[O-])c1)=NO2,CHEMBL1329094,1.0,CurationNote.canonical,
CCCc1cc2c(cc1NC(=O)c1ccccc1C)OCO2,CHEMBL1587467,1.0,CurationNote.canonical,
CN(C)Cc1ccccc1-c1cncnc1NC1CC1,CHEMBL1378704,0.0,CurationNote.canonical,
Cc1ccc(/C=N/NC(=O)C2CCN(Cc3ccc(F)cc3Cl)CC2)o1,CHEMBL3212941,0.0,CurationNote.canonical,
None,PIRACETAM,nan,,CurationIssue.rdkit_failed
None,,nan,,CurationIssue.rdkit_failed
None,,nan,,CurationIssue.rdkit_failed
None,,nan,,CurationIssue.rdkit_failed
None,,nan,,CurationIssue.rdkit_failed
None,,nan,,CurationIssue.rdkit_failed
None,,nan,,CurationIssue.rdkit_failed
None,,nan,,CurationIssue.rdkit_failed
O[C@]1(c2ccccc2)c2ccccc2N=C2NCCN21,CHEMBL1481170,1.0,CurationNote.canonical,
CO/N=C1/c2cc(OC)ccc2O[C@@H](c2cccc(OC)c2)[C@H]1O,CHEMBL1594350,1.0,CurationNote.canonical,
CN(C)c1ncc2nc(CCc3ccccc3)c(=O)n(-c3ccccc3)c2n1,CHEMBL1596743,1.0,CurationNote.canonical,
None,,nan,,CurationIssue.rdkit_failed
None,,nan,,CurationIssue.rdkit_failed
None,,nan,,CurationIssue.rdkit_failed
N#Cc1ccccc1-c1nc(NCCN2CCOCC2)c2ccccc2n1,CHEMBL1452408,1.0,CurationNote.canonical,
Clc1ccc(CCNc2nc3ccccc3s2)cc1,CHEMBL1314011,1.0,CurationNote.canonical,
None,,nan,,CurationIssue.rdkit_failed
None,,nan,,CurationIssue.rdkit_failed
None,,nan,,CurationIssue.rdkit_failed
None,,nan,,CurationIssue.rdkit_failed
None,,nan,,CurationIssue.rdkit_failed
None,,nan,,CurationIssue.rdkit_failed
None,GUANETHIDINE,nan,,CurationIssue.rdkit_failed
None,,nan,,CurationIssue.rdkit_failed
COc1ccc2[nH]cc(CCNc3ccnc(-c4cccc(NS(C)(=O)=O)c4)n3)c2c1,CHEMBL1554888,0.0,CurationNote.canonical,
None,NBQX,nan,,CurationIssue.rdkit_failed
CCCCCCCCCOc1ccc2[nH]cc(CCN)c2c1,CHEMBL97450,0.0,CurationNote.canonical,
C[C@H](N)Cc1c[nH]c2ccc(O)cc12,CHEMBL1416204,0.0,CurationNote.canonical,CurationIssue.disagreeing_duplicate
None,,nan,,CurationIssue.rdkit_failed
None,,nan,,CurationIssue.rdkit_failed
None,,nan,,CurationIssue.rdkit_failed
None,,nan,,CurationIssue.rdkit_failed
None,,nan,,CurationIssue.rdkit_failed
None,,nan,,CurationIssue.rdkit_failed
None,,nan,,CurationIssue.rdkit_failed
None,,nan,,CurationIssue.rdkit_failed
None,,nan,,CurationIssue.rdkit_failed
None,,nan,,CurationIssue.rdkit_failed
None,,nan,,CurationIssue.rdkit_failed
None,IODOACETAMIDE,nan,,CurationIssue.rdkit_failed
Clc1ccc(CSC2=NCCN2)cc1Cl,CHEMBL1569583,1.0,CurationNote.canonical,
None,,nan,,CurationIssue.rdkit_failed
None,,nan,,CurationIssue.rdkit_failed
None,,nan,,CurationIssue.rdkit_failed
None,,nan,,CurationIssue.rdkit_failed
None,TRAZODONE,nan,,CurationIssue.rdkit_failed
None,,nan,,CurationIssue.rdkit_failed
None,,nan,,CurationIssue.rdkit_failed
None,,nan,,CurationIssue.rdkit_failed
None,LEVOSALBUTAMOL,nan,,CurationIssue.rdkit_failed
None,,nan,,CurationIssue.rdkit_failed
CN(Cc1ccco1)C(=O)C1CCC(=O)N1Cc1ccc(F)cc1,CHEMBL1307887,0.0,CurationNote.canonical,
None,,nan,,CurationIssue.rdkit_failed
None,,nan,,CurationIssue.rdkit_failed
Cc1ccccc1Cn1c(Cc2ccccc2)nc2ccccc21,CHEMBL1409866,0.0,CurationNote.canonical,
Cc1cc(Cl)ccc1OC(C)C(=O)Nc1ccc(S(=O)(=O)Nc2cnc3ccccc3n2)cc1,CHEMBL1366428,0.0,CurationNote.canonical,
Cc1ccccc1-c1cc(N(C)Cc2ccco2)ncn1,CHEMBL1593365,0.0,CurationNote.canonical,
c1ccc(Nc2nc(-c3ccoc3)nc3ccccc23)cc1,CHEMBL1568575,0.0,CurationNote.canonical,
CN(C)c1nc(-c2cccc(C#N)c2)nc2ccccc12,CHEMBL1533572,0.0,CurationNote.canonical,
None,,nan,,CurationIssue.rdkit_failed
None,,nan,,CurationIssue.rdkit_failed
None,,nan,,CurationIssue.rdkit_failed
None,,nan,,CurationIssue.rdkit_failed
None,,nan,,CurationIssue.rdkit_failed
NCCSC(c1ccccc1)c1ccccc1,CHEMBL1516187,1.0,CurationNote.canonical,
Cc1ccc(NP(=O)(Oc2ccccc2F)Oc2ccccc2F)cc1,CHEMBL1417604,1.0,CurationNote.canonical,
CC1(O)c2ccccc2C(=O)N1CCc1ccccc1F,CHEMBL1524366,0.0,CurationNote.canonical,
Cc1ccc(S(=O)(=O)CCC(=O)Nc2nc3c(s2)CCCC3)cc1,CHEMBL1351254,0.0,CurationNote.canonical,
None,,nan,,CurationIssue.rdkit_failed
None,,nan,,CurationIssue.rdkit_failed
COc1ccccc1CN1CCC2(CC1)CCN(C(=O)c1cccn1C)CC2,CHEMBL1446110,1.0,CurationNote.canonical,
COc1ccc2[nH]cc(CCNc3ccnc(-c4ccoc4)n3)c2c1,CHEMBL1339209,0.0,CurationNote.canonical,
CN(Cc1cc(Br)cc(Br)c1O)Cc1c(O)ccc2ccccc12,CHEMBL1318316,1.0,CurationNote.canonical,
Cc1nc2cnc(N3CCNCC3)nc2n(Cc2cccs2)c1=O,CHEMBL1514455,0.0,CurationNote.canonical,
CCOC(=O)c1cc(C(=O)OCC)cc(-n2cc(O)c(C(=O)OCC)n2)c1,CHEMBL1333144,1.0,CurationNote.canonical,
C/C(=N\Nc1ccc([N+](=O)[O-])cc1)c1cccc(N)c1,CHEMBL1980031,0.0,CurationNote.canonical,
c1ccc(C[n+]2cccc(-c3cc4ccccc4[nH]3)c2)cc1,CHEMBL1594150,1.0,CurationNote.canonical,
O=C(NNS(=O)(=O)c1ccc(Cl)cc1)c1sccc1-n1cccc1,CHEMBL1391936,1.0,CurationNote.canonical,
CC(=O)Nc1cccc(NC(=O)c2cc(-c3cccnc3)nc3ccc(Br)cc23)c1,CHEMBL1352043,0.0,CurationNote.canonical,
COc1ccc(OC)c(C2C3=C(O)CCCC3=NC(C)=C2C(=O)Nc2nc3ccccc3s2)c1,CHEMBL1534919,0.0,CurationNote.canonical,
COc1ccccc1-c1cncnc1NCc1cnc(C)cn1,CHEMBL1520292,0.0,CurationNote.canonical,
O=S(=O)(NCCSCc1c(Cl)cccc1Cl)c1ccc2c(c1)OCCO2,CHEMBL1558771,0.0,CurationNote.canonical,
None,,nan,,CurationIssue.rdkit_failed
COc1cccc(N2C(=O)C(CC(=O)Nc3ccccc3)N(C3CCCCC3)C2=O)c1,CHEMBL1343900,0.0,CurationNote.canonical,
CN(C)CCCOc1nn(Cc2ccccc2)c2ccccc12,CHEMBL12610,1.0,CurationNote.canonical,
O=C(Cn1ccc([N+](=O)[O-])n1)N1CCc2ccccc2C1,CHEMBL1606673,0.0,CurationNote.canonical,
COc1cccc(-c2nccc(NCc3ccccc3OC)n2)c1,CHEMBL1568735,1.0,CurationNote.canonical,
None,,nan,,CurationIssue.rdkit_failed
None,,nan,,CurationIssue.rdkit_failed
None,,nan,,CurationIssue.rdkit_failed
None,,nan,,CurationIssue.rdkit_failed
None,,nan,,CurationIssue.rdkit_failed
None,,nan,,CurationIssue.rdkit_failed
None,,nan,,CurationIssue.rdkit_failed
None,,nan,,CurationIssue.rdkit_failed
None,,nan,,CurationIssue.rdkit_failed
None,,nan,,CurationIssue.rdkit_failed
None,,nan,,CurationIssue.rdkit_failed
O=C(Nc1ccc(Cl)cc1)Nc1nccs1,CHEMBL1559362,0.0,CurationNote.canonical,
None,,nan,,CurationIssue.rdkit_failed
COc1cc2c(cc1NC(=O)Nc1ccccc1)oc1ccccc12,CHEMBL1411555,1.0,CurationNote.canonical,
CCNc1ncc2nc(-c3ccc(F)cc3)c(=O)n(C[C@H]3CCCO3)c2n1,CHEMBL1354901,1.0,CurationNote.canonical,
None,,nan,,CurationIssue.rdkit_failed
CCn1c(CNC(=O)COc2ccc(C(C)C)cc2)nnc1SCC(=O)Nc1cc(F)ccc1C,CHEMBL1411651,0.0,CurationNote.canonical,
Oc1ccc(Cc2nccc3cc(O)c(O)cc23)cc1O,CHEMBL351585,1.0,CurationNote.canonical,
Cl.OC(c1ccccc1)(c1ccccc1)C1CCCN1,CHEMBL1579328,0.0,CurationNote.canonical,CurationIssue.mixture
CC(=O)NCCn1c(SCc2ccc(C)cc2)nc2ccccc2c1=O,CHEMBL1492493,0.0,CurationNote.canonical,
O=C(CCCN1CCC2(CC1)C(=O)N(Cc1cccc(F)c1)CN2c1ccccc1)c1ccc(F)cc1,CHEMBL137648,1.0,CurationNote.canonical,
COc1ccccc1N1CCN(CCN(C(=O)C2CCCCC2)c2ccccn2)CC1,CHEMBL31354,0.0,CurationNote.canonical,
COCC(C)n1c(C)cc(C(=O)CSc2nnc(Nc3ccccc3F)s2)c1C,CHEMBL1557015,0.0,CurationNote.canonical,CurationIssue.inorganic
C=CCn1c(Cc2c[nH]c3ccccc23)nnc1SCC(=O)NCc1ccccc1,CHEMBL1383364,0.0,CurationNote.canonical,
c1ccc(-c2nc(CSc3n[nH]c(-c4cccs4)n3)cs2)cc1,CHEMBL1392359,1.0,CurationNote.canonical,CurationIssue.inorganic
None,,nan,,CurationIssue.rdkit_failed
None,,nan,,CurationIssue.rdkit_failed
O=C1C=C(c2cccs2)CC(c2cccs2)C1n1cnc([N+](=O)[O-])c1,CHEMBL1418881,0.0,CurationNote.canonical,
None,,nan,,CurationIssue.rdkit_failed
None,DEOXIEPINEPHRINE,nan,,CurationIssue.rdkit_failed
None,,nan,,CurationIssue.rdkit_failed
None,,nan,,CurationIssue.rdkit_failed
None,,nan,,CurationIssue.rdkit_failed
None,,nan,,CurationIssue.rdkit_failed
None,,nan,,CurationIssue.rdkit_failed
COc1cccc(CNCc2ccc(SC)cc2)c1OC,CHEMBL1587168,1.0,CurationNote.canonical,
None,,nan,,CurationIssue.rdkit_failed
None,,nan,,CurationIssue.rdkit_failed
None,,nan,,CurationIssue.rdkit_failed
None,,nan,,CurationIssue.rdkit_failed
None,,nan,,CurationIssue.rdkit_failed
None,,nan,,CurationIssue.rdkit_failed
None,,nan,,CurationIssue.rdkit_failed
None,,nan,,CurationIssue.rdkit_failed
None,,nan,,CurationIssue.rdkit_failed
None,,nan,,CurationIssue.rdkit_failed
None,LEVDOBUTAMINE,nan,,CurationIssue.rdkit_failed
None,,nan,,CurationIssue.rdkit_failed
None,,nan,,CurationIssue.rdkit_failed
None,,nan,,CurationIssue.rdkit_failed
None,,nan,,CurationIssue.rdkit_failed
None,,nan,,CurationIssue.rdkit_failed
None,,nan,,CurationIssue.rdkit_failed
None,,nan,,CurationIssue.rdkit_failed
None,,nan,,CurationIssue.rdkit_failed
None,,nan,,CurationIssue.rdkit_failed
None,,nan,,CurationIssue.rdkit_failed
None,,nan,,CurationIssue.rdkit_failed
C[C@@H]1CC[C@H]2C(=O)O[C@H](CN=[N+]=[N-])CN2[C@@H]1c1ccc(Br)cc1,CHEMBL1396759,1.0,CurationNote.canonical,
None,,nan,,CurationIssue.rdkit_failed
CCN(CC)C1=NC(=[N+](CC)CC)c2ccccc21.[O-][Cl+3]([O-])([O-])[O-],CHEMBL1576078,0.0,CurationNote.canonical,CurationIssue.mixture
COc1ccccc1CCn1c(=O)c(-c2ccccc2)nc2cncnc21,CHEMBL1551133,0.0,CurationNote.canonical,
Cc1ccccc1NC(=O)/C(=C/c1ccccc1)c1ccccc1,CHEMBL1503919,0.0,CurationNote.canonical,
COc1ccccc1N1CCN(CCCCN2C(=O)c3ccccc3C2=O)CC1,CHEMBL8618,0.0,CurationNote.canonical,CurationIssue.duplicate
None,,nan,,CurationIssue.rdkit_failed
None,,nan,,CurationIssue.rdkit_failed
COc1cccc(Cn2c(=O)c(-c3ccc(Cl)cc3)nc3cnc(N4CCNCC4)nc32)c1,CHEMBL1556431,0.0,CurationNote.canonical,
C[C@@H](/C=C\c1cccc(Oc2ccc(F)cc2)c1)N(O)C(N)=O,CHEMBL1328985,1.0,CurationNote.canonical,
None,,nan,,CurationIssue.rdkit_failed
None,,nan,,CurationIssue.rdkit_failed
None,,nan,,CurationIssue.rdkit_failed
None,,nan,,CurationIssue.rdkit_failed
None,,nan,,CurationIssue.rdkit_failed
None,,nan,,CurationIssue.rdkit_failed
None,,nan,,CurationIssue.rdkit_failed
None,,nan,,CurationIssue.rdkit_failed
None,,nan,,CurationIssue.rdkit_failed
None,,nan,,CurationIssue.rdkit_failed
None,,nan,,CurationIssue.rdkit_failed
None,,nan,,CurationIssue.rdkit_failed
None,,nan,,CurationIssue.rdkit_failed
None,ESCULETIN,nan,,CurationIssue.rdkit_failed
None,,nan,,CurationIssue.rdkit_failed
None,,nan,,CurationIssue.rdkit_failed
None,,nan,,CurationIssue.rdkit_failed
None,,nan,,CurationIssue.rdkit_failed
None,MYCOPHENOLIC ACID,nan,,CurationIssue.rdkit_failed
None,,nan,,CurationIssue.rdkit_failed
None,,nan,,CurationIssue.rdkit_failed
COc1ccccc1CNc1cc(-c2ccoc2)ncn1,CHEMBL1596872,0.0,CurationNote.canonical,
CCCS(=O)(=O)N1CCN(CC2CC=CCC2)CC1.O=C(O)C(=O)O,CHEMBL1379308,1.0,CurationNote.canonical,CurationIssue.mixture
Cc1nc2cnc(N3CCN(C)CC3)nc2n(Cc2cccs2)c1=O,CHEMBL1597209,0.0,CurationNote.canonical,
COC(=O)[C@@]1(Cc2ccc(F)cc2)[C@H]2c3cc(C(=O)N(C)C)n(Cc4cc(C)n(C)n4)c3C[C@H]2CN1C(=O)c1ccccc1,CHEMBL1448726,0.0,CurationNote.canonical,
CO[C@@]12C[C@@H](COC(=O)c3cncc(Br)c3)CN(C)[C@H]1Cc1cn(C)c3cccc2c13,CHEMBL1377111,1.0,CurationNote.canonical,CurationIssue.duplicate
Oc1ccc(C2Nc3cccc4cccc(c34)N2)c(O)c1,CHEMBL1352069,0.0,CurationNote.canonical,
COc1ccccc1-c1cc(NCc2ccccc2)ncn1,CHEMBL1396898,0.0,CurationNote.canonical,
CN(C)c1ccc(-c2nc(NCCc3cnc[nH]3)c3ccccc3n2)cc1,CHEMBL1473755,1.0,CurationNote.canonical,
C[C@@H]1CCCN(C[C@@H](O)CN2CCCc3ccccc32)C1,CHEMBL1554306,1.0,CurationNote.canonical,
COc1ccc2[nH]cc(CCNc3ncncc3-c3ccc(C(=O)N(C)C)cc3)c2c1,CHEMBL1395089,0.0,CurationNote.canonical,
CNc1ccnc(-c2ccccc2CN(C)C)n1,CHEMBL1452272,1.0,CurationNote.canonical,
Cc1noc(C)c1-c1nccc(NC2CC2)n1,CHEMBL1434747,0.0,CurationNote.canonical,
Cc1ccccc1-c1ccc2ncnc(N(C)Cc3ccco3)c2c1,CHEMBL1610082,1.0,CurationNote.canonical,
O=C(Oc1ccc([N+](=O)[O-])cc1)N1CCC(N2CCCCC2)CC1,CHEMBL1485654,0.0,CurationNote.canonical,
None,,nan,,CurationIssue.rdkit_failed
None,,nan,,CurationIssue.rdkit_failed
None,,nan,,CurationIssue.rdkit_failed
None,,nan,,CurationIssue.rdkit_failed
None,,nan,,CurationIssue.rdkit_failed
None,,nan,,CurationIssue.rdkit_failed
None,,nan,,CurationIssue.rdkit_failed
None,,nan,,CurationIssue.rdkit_failed
None,,nan,,CurationIssue.rdkit_failed
None,,nan,,CurationIssue.rdkit_failed
None,,nan,,CurationIssue.rdkit_failed
None,,nan,,CurationIssue.rdkit_failed
None,,nan,,CurationIssue.rdkit_failed
None,CYCLOSERINE,nan,,CurationIssue.rdkit_failed
None,,nan,,CurationIssue.rdkit_failed
None,,nan,,CurationIssue.rdkit_failed
None,,nan,,CurationIssue.rdkit_failed
None,,nan,,CurationIssue.rdkit_failed
None,,nan,,CurationIssue.rdkit_failed
None,,nan,,CurationIssue.rdkit_failed
None,,nan,,CurationIssue.rdkit_failed
None,,nan,,CurationIssue.rdkit_failed
N=C(N)Nc1nc(CCN2C(=O)c3ccccc3C2=O)cs1,CHEMBL1581282,0.0,CurationNote.canonical,
None,,nan,,CurationIssue.rdkit_failed
None,,nan,,CurationIssue.rdkit_failed
None,,nan,,CurationIssue.rdkit_failed
None,,nan,,CurationIssue.rdkit_failed
None,,nan,,CurationIssue.rdkit_failed
None,,nan,,CurationIssue.rdkit_failed
None,,nan,,CurationIssue.rdkit_failed
None,,nan,,CurationIssue.rdkit_failed
None,,nan,,CurationIssue.rdkit_failed
N[C@@H](Cn1cc(I)c(=O)n(Cc2ccc(C(=O)O)cc2)c1=O)C(=O)O,CHEMBL200309,1.0,CurationNote.canonical,
Cc1ccc(C(=O)NCCNc2ccc(Cl)cc2[N+](=O)[O-])o1,CHEMBL1348828,0.0,CurationNote.canonical,
None,,nan,,CurationIssue.rdkit_failed
Cn1c(/C=C/c2ccc([N+](=O)[O-])o2)nc2ccccc2c1=O,CHEMBL1439210,0.0,CurationNote.canonical,
,CHEMBL1395758,1.0,CurationNote.canonical,CurationIssue.duplicate
O=C(c1cnc(-c2ccccc2)s1)c1ccc(Cl)cc1Cl,CHEMBL1584779,0.0,CurationNote.canonical,
Cc1cnc(CNc2nc(-c3ccccc3Cl)nc3ccccc23)cn1,CHEMBL1433798,0.0,CurationNote.canonical,
COc1cccc(SCc2noc(C(=O)NCC3CCCO3)c2C(=O)O)c1,CHEMBL1419019,1.0,CurationNote.canonical,
OC[C@@H]1O[C@@H](n2cnc3c(N[C@H]4CCC[C@@H]4O)ncnc32)[C@H](O)[C@H]1O,CHEMBL1609889,0.0,CurationNote.canonical,
COc1ccc2[nH]cc(CCNc3nc(-c4cccc(NS(C)(=O)=O)c4)nc4ccccc34)c2c1,CHEMBL1314211,0.0,CurationNote.canonical,
CN(C)c1ccc(-c2cncnc2Nc2ccccc2)cc1,CHEMBL1515355,0.0,CurationNote.canonical,
c1ccc(CN2CCN(Cc3ccc4c(c3)OCCO4)CC2)cc1,CHEMBL1732557,0.0,CurationNote.canonical,
CCCS(=O)(=O)N1CCCC(C(=O)NCCCN(C)Cc2ccccc2)C1,CHEMBL1393468,0.0,CurationNote.canonical,
COCCNc1cc(-c2ccccc2CN(C)C)ncn1,CHEMBL1476334,0.0,CurationNote.canonical,
Nc1nc(N)c(CCCCc2ccccc2)c(N)n1,CHEMBL1520603,1.0,CurationNote.canonical,
c1ccc(N2CCCC3(CCNCC3)C2)cc1,CHEMBL1551066,1.0,CurationNote.canonical,
c1ccc2c[n+](Cc3ccnc4ccccc34)ccc2c1,CHEMBL1527317,1.0,CurationNote.canonical,
Cn1cccc1C(=O)N1CCC2(CCCN(c3ccccn3)C2)CC1,CHEMBL1396010,0.0,CurationNote.canonical,
c1cncc(CNc2ccnc(-c3ccc4c(c3)OCO4)n2)c1,CHEMBL1357018,1.0,CurationNote.canonical,
Oc1ccc2[nH]cc(C3=CCNCC3)c2n1,CHEMBL304008,1.0,CurationNote.canonical,
None,,nan,,CurationIssue.rdkit_failed
None,,nan,,CurationIssue.rdkit_failed
None,,nan,,CurationIssue.rdkit_failed
O=C(CCCNS(=O)(=O)c1cccc2nsnc12)NCCc1ccccc1,CHEMBL1359473,0.0,CurationNote.canonical,
COc1ccccc1N1CCN(CCCCN2C(=O)c3ccccc3C2=O)CC1,CHEMBL8618,1.0,CurationNote.canonical,
Cc1ccc([N+](=O)[O-])cc1NC(=S)NC(=O)CC(C)(C)C,CHEMBL1482035,0.0,CurationNote.canonical,
O=C1Nc2ccc(F)cc2C12Nc1ccccc1-c1nnc(SCc3ccccc3F)nc1O2,CHEMBL1568643,0.0,CurationNote.canonical,
Clc1ccc(Cc2nc(-c3cccnc3)no2)cc1,CHEMBL1502952,1.0,CurationNote.canonical,
c1ccc(C(CCN2C[C@H]3CC[C@H](CC3)C2)c2ccccc2)cc1,CHEMBL1433777,1.0,CurationNote.canonical,
Cc1cnc(NC(=O)C2=C([O-])c3ccccc3S(=O)(=O)N2C)s1.[Na+],CHEMBL1256873,0.0,CurationNote.canonical,CurationIssue.mixture
COc1cc(C(=O)NCc2cccc3ccccc23)cc(Cl)c1OC,CHEMBL1555519,0.0,CurationNote.canonical,
COc1cc2c(cc1O)C[C@H]1c3c(cc(O)c(OC)c3-2)CCN1C,CHEMBL388342,1.0,CurationNote.canonical,
CCCc1cc2c(n1Cc1cc(F)cc(F)c1)C(C)C1CN(C(=O)c3ccccc3)C(C)(C(=O)OC)C21,CHEMBL1330422,0.0,CurationNote.canonical,
O=C(c1ccco1)N1CCC2(CCCN(c3ccccn3)C2)CC1,CHEMBL1533537,0.0,CurationNote.canonical,
CN(C)CCC[C@@]1(c2ccc(F)cc2)OCc2cc(C#N)ccc21,CHEMBL1508,0.0,CurationNote.canonical,CurationIssue.disagreeing_duplicate
CCCCCCCCCCCCCCC[C@@H](O)[C@@H](N)CO,CHEMBL448741,1.0,CurationNote.canonical,
None,,nan,,CurationIssue.rdkit_failed
None,,nan,,CurationIssue.rdkit_failed
None,,nan,,CurationIssue.rdkit_failed
None,,nan,,CurationIssue.rdkit_failed
None,,nan,,CurationIssue.rdkit_failed
None,,nan,,CurationIssue.rdkit_failed
None,,nan,,CurationIssue.rdkit_failed
None,,nan,,CurationIssue.rdkit_failed
None,,nan,,CurationIssue.rdkit_failed
None,,nan,,CurationIssue.rdkit_failed
None,,nan,,CurationIssue.rdkit_failed
None,,nan,,CurationIssue.rdkit_failed
None,,nan,,CurationIssue.rdkit_failed
None,,nan,,CurationIssue.rdkit_failed
None,,nan,,CurationIssue.rdkit_failed
None,,nan,,CurationIssue.rdkit_failed
None,,nan,,CurationIssue.rdkit_failed
None,,nan,,CurationIssue.rdkit_failed
None,ETHYLISOTHIOUREA,nan,,CurationIssue.rdkit_failed
None,,nan,,CurationIssue.rdkit_failed
None,,nan,,CurationIssue.rdkit_failed
CC(NC(=O)c1cccc(F)c1)C(c1cccs1)N1CCN(C)CC1,CHEMBL1305594,0.0,CurationNote.canonical,
None,,nan,,CurationIssue.rdkit_failed
CS(=O)(=O)Nc1cccc(-c2nc(Nc3ccc(F)cc3)c3ccccc3n2)c1,CHEMBL1474989,0.0,CurationNote.canonical,
Cc1ccccc1OCCNc1ccc(C(F)(F)F)cc1[N+](=O)[O-],CHEMBL1526262,1.0,CurationNote.canonical,
Cc1cnc(CNc2nc(-c3ccccc3C(F)(F)F)nc3ccccc23)cn1,CHEMBL1356657,0.0,CurationNote.canonical,
None,,nan,,CurationIssue.rdkit_failed
None,,nan,,CurationIssue.rdkit_failed
None,,nan,,CurationIssue.rdkit_failed
None,ACYCLOVIR,nan,,CurationIssue.rdkit_failed
None,,nan,,CurationIssue.rdkit_failed
None,,nan,,CurationIssue.rdkit_failed
None,ALBENDAZOLE,nan,,CurationIssue.rdkit_failed
None,,nan,,CurationIssue.rdkit_failed
None,,nan,,CurationIssue.rdkit_failed
None,,nan,,CurationIssue.rdkit_failed
None,,nan,,CurationIssue.rdkit_failed
None,,nan,,CurationIssue.rdkit_failed
None,,nan,,CurationIssue.rdkit_failed
None,,nan,,CurationIssue.rdkit_failed
None,,nan,,CurationIssue.rdkit_failed
None,DAUNORUBICIN,nan,,CurationIssue.rdkit_failed
None,,nan,,CurationIssue.rdkit_failed
None,,nan,,CurationIssue.rdkit_failed
None,,nan,,CurationIssue.rdkit_failed
None,,nan,,CurationIssue.rdkit_failed
None,,nan,,CurationIssue.rdkit_failed
None,,nan,,CurationIssue.rdkit_failed
None,,nan,,CurationIssue.rdkit_failed
None,,nan,,CurationIssue.rdkit_failed
None,,nan,,CurationIssue.rdkit_failed
None,,nan,,CurationIssue.rdkit_failed
None,,nan,,CurationIssue.rdkit_failed
None,,nan,,CurationIssue.rdkit_failed
None,,nan,,CurationIssue.rdkit_failed
None,,nan,,CurationIssue.rdkit_failed
None,,nan,,CurationIssue.rdkit_failed
None,,nan,,CurationIssue.rdkit_failed
None,,nan,,CurationIssue.rdkit_failed
None,,nan,,CurationIssue.rdkit_failed
None,,nan,,CurationIssue.rdkit_failed
None,,nan,,CurationIssue.rdkit_failed
None,,nan,,CurationIssue.rdkit_failed
None,,nan,,CurationIssue.rdkit_failed
None,,nan,,CurationIssue.rdkit_failed
None,AZATHIOPRINE,nan,,CurationIssue.rdkit_failed
None,,nan,,CurationIssue.rdkit_failed
None,,nan,,CurationIssue.rdkit_failed
CN1CCN2c3ccccc3Cc3ccccc3[C@@H]2C1,CHEMBL1329927,1.0,CurationNote.canonical,
Fc1ccc(C(OCCN2CCN(CCCc3ccccc3)CC2)c2ccc(F)cc2)cc1,CHEMBL281594,1.0,CurationNote.canonical,CurationIssue.duplicate
O=C1CC2(CCCC2)CC(=O)N1CCCCNC[C@H]1COc2ccccc2O1,CHEMBL12129,1.0,CurationNote.canonical,
None,,nan,,CurationIssue.rdkit_failed
None,,nan,,CurationIssue.rdkit_failed
None,,nan,,CurationIssue.rdkit_failed
None,,nan,,CurationIssue.rdkit_failed
None,PENTETIC ACID,nan,,CurationIssue.rdkit_failed
None,,nan,,CurationIssue.rdkit_failed
None,,nan,,CurationIssue.rdkit_failed
None,,nan,,CurationIssue.rdkit_failed
None,,nan,,CurationIssue.rdkit_failed
None,,nan,,CurationIssue.rdkit_failed
None,,nan,,CurationIssue.rdkit_failed
None,,nan,,CurationIssue.rdkit_failed
None,CARBARSONE,nan,,CurationIssue.rdkit_failed
None,,nan,,CurationIssue.rdkit_failed
None,,nan,,CurationIssue.rdkit_failed
None,,nan,,CurationIssue.rdkit_failed
None,,nan,,CurationIssue.rdkit_failed
None,,nan,,CurationIssue.rdkit_failed
None,,nan,,CurationIssue.rdkit_failed
O=C(OCCNC(=O)c1ccc2ccccc2n1)c1ccc(F)cc1,CHEMBL1422116,0.0,CurationNote.canonical,
O=S1(=O)CCN(CCc2cn(Cc3ccc(C(F)(F)F)cc3)c3ccccc23)CC1,CHEMBL1320042,0.0,CurationNote.canonical,
O=C(Nc1ccc2c(c1)OCCO2)c1cc2sccc2n1Cc1ccccc1,CHEMBL1466869,1.0,CurationNote.canonical,
NCC1CCCCC1.O=C(O)NCC1CCCCC1,CHEMBL1454809,1.0,CurationNote.canonical,CurationIssue.mixture
CN(C)Cc1ccccc1-c1ccc2ncnc(N(C)C)c2c1,CHEMBL1320765,0.0,CurationNote.canonical,
COc1ccc(-c2nnn(Cc3nc(N)nc(N4CCOCC4)n3)n2)cc1OC,CHEMBL1385365,0.0,CurationNote.canonical,
CNc1oc(-c2ccc(Cl)cc2)nc1C#N,CHEMBL1547372,0.0,CurationNote.canonical,
None,,nan,,CurationIssue.rdkit_failed
None,,nan,,CurationIssue.rdkit_failed
None,,nan,,CurationIssue.rdkit_failed
None,,nan,,CurationIssue.rdkit_failed
None,,nan,,CurationIssue.rdkit_failed
None,,nan,,CurationIssue.rdkit_failed
None,,nan,,CurationIssue.rdkit_failed
None,,nan,,CurationIssue.rdkit_failed
None,,nan,,CurationIssue.rdkit_failed
None,,nan,,CurationIssue.rdkit_failed
None,,nan,,CurationIssue.rdkit_failed
None,,nan,,CurationIssue.rdkit_failed
None,,nan,,CurationIssue.rdkit_failed
None,,nan,,CurationIssue.rdkit_failed
None,,nan,,CurationIssue.rdkit_failed
None,,nan,,CurationIssue.rdkit_failed
None,,nan,,CurationIssue.rdkit_failed
None,,nan,,CurationIssue.rdkit_failed
None,,nan,,CurationIssue.rdkit_failed
None,,nan,,CurationIssue.rdkit_failed
None,,nan,,CurationIssue.rdkit_failed
None,,nan,,CurationIssue.rdkit_failed
None,,nan,,CurationIssue.rdkit_failed
None,,nan,,CurationIssue.rdkit_failed
None,,nan,,CurationIssue.rdkit_failed
None,,nan,,CurationIssue.rdkit_failed
None,,nan,,CurationIssue.rdkit_failed
None,,nan,,CurationIssue.rdkit_failed
None,,nan,,CurationIssue.rdkit_failed
None,,nan,,CurationIssue.rdkit_failed
None,,nan,,CurationIssue.rdkit_failed
None,,nan,,CurationIssue.rdkit_failed
None,,nan,,CurationIssue.rdkit_failed
None,,nan,,CurationIssue.rdkit_failed
None,,nan,,CurationIssue.rdkit_failed
None,,nan,,CurationIssue.rdkit_failed
None,,nan,,CurationIssue.rdkit_failed
None,,nan,,CurationIssue.rdkit_failed
None,,nan,,CurationIssue.rdkit_failed
None,,nan,,CurationIssue.rdkit_failed
None,DEXIBUPROFEN,nan,,CurationIssue.rdkit_failed
None,,nan,,CurationIssue.rdkit_failed
CCCn1c(=O)c(C)cn2nc(N)nc12,CHEMBL1485629,0.0,CurationNote.canonical,
None,,nan,,CurationIssue.rdkit_failed
None,,nan,,CurationIssue.rdkit_failed
CC(=O)N1CCN(c2ccccc2NC(=O)COc2ccc(Br)cc2)CC1,CHEMBL1601015,0.0,CurationNote.canonical,
CC12COC3(C(=O)Nc4nccs4)CC1CCC32C,CHEMBL1525292,0.0,CurationNote.canonical,
None,,nan,,CurationIssue.rdkit_failed
CCn1ccnc1C[C@@H]1COc2ccccc2O1,CHEMBL1338229,1.0,CurationNote.canonical,
None,,nan,,CurationIssue.rdkit_failed
C=CCN1CCc2cc(O)c(O)cc2[C@H](c2ccccc2)C1,CHEMBL286120,1.0,CurationNote.canonical,
Cc1ncc2c(c1O)COP(=O)(O)OC2,CHEMBL74121,1.0,CurationNote.canonical,
CS(=O)(=O)N1CCC2(CC1)CN(Cc1ccccc1)C2,CHEMBL1358541,0.0,CurationNote.canonical,
COc1ccc2c(c1)C(=NN)c1cc(OC)ccc1-2,CHEMBL1483608,0.0,CurationNote.canonical,
O=S(=O)(c1ccccc1)N1CCC2(CCCN(c3ccccc3)C2)CC1,CHEMBL1435509,1.0,CurationNote.canonical,
O=C(c1cccc(F)c1)N1CCC2(CCCN(c3ccncc3)C2)CC1,CHEMBL1601019,0.0,CurationNote.canonical,
CN1Cc2c(ccc3c2OCO3)[C@@H]2[C@@H](O)Cc3cc4c(cc3[C@@H]21)OCO4.O,CHEMBL1529490,1.0,CurationNote.canonical,CurationIssue.mixture
Cc1ccccc1-c1ccc2ncnc(NC3CC3)c2c1,CHEMBL1597037,1.0,CurationNote.canonical,
COc1ccc(CNc2ccnc(-c3cccc(C#N)c3)n2)c(OC)c1,CHEMBL1315083,0.0,CurationNote.canonical,
Clc1ccc(Cn2c(CN3CCCC3)nc3ccccc32)cc1,CHEMBL1407943,1.0,CurationNote.canonical,
None,,nan,,CurationIssue.rdkit_failed
Cc1noc(C)c1-c1nc(NCc2cccs2)c2ccccc2n1,CHEMBL1356794,1.0,CurationNote.canonical,
None,,nan,,CurationIssue.rdkit_failed
FC(F)(F)c1ccccc1-c1ccc2ncnc(NCc3cccnc3)c2c1,CHEMBL1356336,1.0,CurationNote.canonical,
None,D-ORNITHINE,nan,,CurationIssue.rdkit_failed
CCCCNCCOCCSc1ccc(Cl)cc1.O=C(O)C(=O)O,CHEMBL1371898,1.0,CurationNote.canonical,CurationIssue.mixture
None,,nan,,CurationIssue.rdkit_failed
None,AGMATINE,nan,,CurationIssue.rdkit_failed
None,,nan,,CurationIssue.rdkit_failed
None,,nan,,CurationIssue.rdkit_failed
None,,nan,,CurationIssue.rdkit_failed
None,,nan,,CurationIssue.rdkit_failed
None,,nan,,CurationIssue.rdkit_failed
N=C(N)N/N=C\c1c(Cl)cccc1Cl,CHEMBL1331786,1.0,CurationNote.canonical,
None,,nan,,CurationIssue.rdkit_failed
CCCS(=O)(=O)N1CCCC(C(=O)NCCN(Cc2ccccc2)C(C)C)C1,CHEMBL1386749,1.0,CurationNote.canonical,
None,,nan,,CurationIssue.rdkit_failed
COc1ccc2c(c1)[C@]13CCCC[C@@H]1[C@H](C2)N(C)CC3,CHEMBL52440,1.0,CurationNote.canonical,
None,,nan,,CurationIssue.rdkit_failed
None,,nan,,CurationIssue.rdkit_failed
None,,nan,,CurationIssue.rdkit_failed
None,,nan,,CurationIssue.rdkit_failed
None,,nan,,CurationIssue.rdkit_failed
None,,nan,,CurationIssue.rdkit_failed
None,,nan,,CurationIssue.rdkit_failed
None,,nan,,CurationIssue.rdkit_failed
None,,nan,,CurationIssue.rdkit_failed
None,,nan,,CurationIssue.rdkit_failed
None,,nan,,CurationIssue.rdkit_failed
None,,nan,,CurationIssue.rdkit_failed
None,,nan,,CurationIssue.rdkit_failed
None,,nan,,CurationIssue.rdkit_failed
None,,nan,,CurationIssue.rdkit_failed
None,,nan,,CurationIssue.rdkit_failed
None,,nan,,CurationIssue.rdkit_failed
None,,nan,,CurationIssue.rdkit_failed
None,,nan,,CurationIssue.rdkit_failed
Cc1nn(CC(=O)NCc2ccccc2Cl)c(C)c1[N+](=O)[O-],CHEMBL1335102,0.0,CurationNote.canonical,
COc1ccc(CN(CCC#N)C(=S)NC(=O)c2ccccc2)cc1,CHEMBL1519291,0.0,CurationNote.canonical,
CN(Cc1ccco1)c1cc(-c2cccc(NS(C)(=O)=O)c2)ncn1,CHEMBL1314674,0.0,CurationNote.canonical,
CN(Cc1ccco1)c1ccnc(-c2ccccc2C(F)(F)F)n1,CHEMBL1446774,0.0,CurationNote.canonical,
CC1(C)CC(=O)C=C(NCc2ccc(Cl)c(Cl)c2)C1,CHEMBL1556619,1.0,CurationNote.canonical,
COc1ccc(CCNC(=O)CCCCCN2C(=O)c3ccccc3C2=O)cc1,CHEMBL1381224,1.0,CurationNote.canonical,
CCn1c2ccccc2c2cnc(/N=C/N(C)C)c(C#N)c21,CHEMBL1992293,1.0,CurationNote.canonical,
CCC(=O)Nc1ccc2c(c1)C(=O)c1ccccc1C2=O,CHEMBL1527851,1.0,CurationNote.canonical,
Fc1ccc(Nc2ccnc(-c3ccoc3)n2)cc1,CHEMBL1592571,0.0,CurationNote.canonical,
None,,nan,,CurationIssue.rdkit_failed
None,,nan,,CurationIssue.rdkit_failed
None,,nan,,CurationIssue.rdkit_failed
None,MOLSIDOMINE,nan,,CurationIssue.rdkit_failed
None,,nan,,CurationIssue.rdkit_failed
None,,nan,,CurationIssue.rdkit_failed
None,,nan,,CurationIssue.rdkit_failed
None,,nan,,CurationIssue.rdkit_failed
None,,nan,,CurationIssue.rdkit_failed
None,,nan,,CurationIssue.rdkit_failed
None,,nan,,CurationIssue.rdkit_failed
CCNc1ncc2nc(CCc3ccccc3)c(=O)n(-c3ccccc3)c2n1,CHEMBL1600620,1.0,CurationNote.canonical,
None,,nan,,CurationIssue.rdkit_failed
None,,nan,,CurationIssue.rdkit_failed
None,,nan,,CurationIssue.rdkit_failed
None,,nan,,CurationIssue.rdkit_failed
None,,nan,,CurationIssue.rdkit_failed
None,,nan,,CurationIssue.rdkit_failed
None,,nan,,CurationIssue.rdkit_failed
None,,nan,,CurationIssue.rdkit_failed
None,,nan,,CurationIssue.rdkit_failed
None,,nan,,CurationIssue.rdkit_failed
None,,nan,,CurationIssue.rdkit_failed
None,,nan,,CurationIssue.rdkit_failed
None,,nan,,CurationIssue.rdkit_failed
None,,nan,,CurationIssue.rdkit_failed
None,,nan,,CurationIssue.rdkit_failed
None,,nan,,CurationIssue.rdkit_failed
None,,nan,,CurationIssue.rdkit_failed
None,,nan,,CurationIssue.rdkit_failed
None,,nan,,CurationIssue.rdkit_failed
None,,nan,,CurationIssue.rdkit_failed
None,,nan,,CurationIssue.rdkit_failed
None,,nan,,CurationIssue.rdkit_failed
None,,nan,,CurationIssue.rdkit_failed
None,,nan,,CurationIssue.rdkit_failed
None,,nan,,CurationIssue.rdkit_failed
None,,nan,,CurationIssue.rdkit_failed
Cc1cccc(CNc2ncnc3ccc(-c4c(C)noc4C)cc23)c1,CHEMBL567332,0.0,CurationNote.canonical,
COC(=O)[C@@]1(Cc2ccccc2)[C@H]2c3cc(C(=O)N(C)C)n(Cc4c(CO)ncc(C)c4O)c3C[C@H]2CN1C(=O)c1ccccc1,CHEMBL1408735,0.0,CurationNote.canonical,
None,,nan,,CurationIssue.rdkit_failed
None,,nan,,CurationIssue.rdkit_failed
None,,nan,,CurationIssue.rdkit_failed
None,,nan,,CurationIssue.rdkit_failed
None,ACETYLTHIOCHOLINE,nan,,CurationIssue.rdkit_failed
CC(C)COC[C@H](CN(Cc1ccccc1)c1ccccc1)N1CCCC1,CHEMBL251075,1.0,CurationNote.canonical,
Cc1ccc(NC(=O)c2c(C(F)(F)F)nn(C)c2SCc2cccc(C(F)(F)F)c2)cc1C,CHEMBL1420206,0.0,CurationNote.canonical,
None,,nan,,CurationIssue.rdkit_failed
None,,nan,,CurationIssue.rdkit_failed
None,,nan,,CurationIssue.rdkit_failed
None,,nan,,CurationIssue.rdkit_failed
None,,nan,,CurationIssue.rdkit_failed
None,,nan,,CurationIssue.rdkit_failed
None,,nan,,CurationIssue.rdkit_failed
None,,nan,,CurationIssue.rdkit_failed
None,,nan,,CurationIssue.rdkit_failed
None,ISOCARBOXAZID,nan,,CurationIssue.rdkit_failed
None,,nan,,CurationIssue.rdkit_failed
None,,nan,,CurationIssue.rdkit_failed
C1CCC(/N=C(\NC23CC4CC(CC(C4)C2)C3)N2CCOCC2)CC1.Cl,CHEMBL541543,1.0,CurationNote.canonical,CurationIssue.mixture
Cc1ccc(S(=O)(=O)/C=C\C#N)cc1,CHEMBL1562420,1.0,CurationNote.canonical,
O=C(N/N=C1/C[C@@H](O)[C@@H](O)[C@@H]2[C@@H]3C(=O)N(c4cccc(Oc5ccccc5)c4)C(=O)[C@H]3CC[C@@H]12)OCc1ccccc1,CHEMBL1399636,1.0,CurationNote.canonical,
CC(=O)c1c(O)cc(=O)n(-c2ccccc2)c1-c1ccc(C)cc1,CHEMBL1543028,1.0,CurationNote.canonical,
c1ccc2sc(N3CCN(Cc4ccc5c(c4)OCO5)CC3)nc2c1,CHEMBL24909,0.0,CurationNote.canonical,
None,,nan,,CurationIssue.rdkit_failed
c1ccc2cc(CC3=NCCN3)ccc2c1,CHEMBL441948,0.0,CurationNote.canonical,
None,,nan,,CurationIssue.rdkit_failed
None,,nan,,CurationIssue.rdkit_failed
None,,nan,,CurationIssue.rdkit_failed
None,,nan,,CurationIssue.rdkit_failed
None,,nan,,CurationIssue.rdkit_failed
None,,nan,,CurationIssue.rdkit_failed
None,,nan,,CurationIssue.rdkit_failed
None,,nan,,CurationIssue.rdkit_failed
None,,nan,,CurationIssue.rdkit_failed
None,NAFCILLIN SODIUM,nan,,CurationIssue.rdkit_failed
None,,nan,,CurationIssue.rdkit_failed
None,,nan,,CurationIssue.rdkit_failed
None,,nan,,CurationIssue.rdkit_failed
None,,nan,,CurationIssue.rdkit_failed
None,,nan,,CurationIssue.rdkit_failed
None,,nan,,CurationIssue.rdkit_failed
None,,nan,,CurationIssue.rdkit_failed
None,,nan,,CurationIssue.rdkit_failed
None,FURAMIDINE,nan,,CurationIssue.rdkit_failed
None,,nan,,CurationIssue.rdkit_failed
None,,nan,,CurationIssue.rdkit_failed
None,,nan,,CurationIssue.rdkit_failed
None,,nan,,CurationIssue.rdkit_failed
None,,nan,,CurationIssue.rdkit_failed
None,,nan,,CurationIssue.rdkit_failed
None,,nan,,CurationIssue.rdkit_failed
None,,nan,,CurationIssue.rdkit_failed
None,,nan,,CurationIssue.rdkit_failed
None,,nan,,CurationIssue.rdkit_failed
None,,nan,,CurationIssue.rdkit_failed
None,,nan,,CurationIssue.rdkit_failed
None,,nan,,CurationIssue.rdkit_failed
None,,nan,,CurationIssue.rdkit_failed
None,,nan,,CurationIssue.rdkit_failed
None,,nan,,CurationIssue.rdkit_failed
None,,nan,,CurationIssue.rdkit_failed
None,EDARAVONE,nan,,CurationIssue.rdkit_failed
None,,nan,,CurationIssue.rdkit_failed
None,,nan,,CurationIssue.rdkit_failed
None,,nan,,CurationIssue.rdkit_failed
None,,nan,,CurationIssue.rdkit_failed
CC(=O)OC1C2CCCC1C(N1CCCC1)CC2.Cl,CHEMBL1302393,1.0,CurationNote.canonical,CurationIssue.mixture
CCN(CC)S(=O)(=O)c1ccc2c3c(cccc13)C(=O)S2,CHEMBL1460531,0.0,CurationNote.canonical,
O=[N+]([O-])c1ccc(S(=O)(=O)Cc2ccccc2)c([N+](=O)[O-])c1,CHEMBL1489424,1.0,CurationNote.canonical,
CCCCCCN1C=CC(=C/C=C(\C#N)C(=O)OCC)C=C1,CHEMBL1360980,0.0,CurationNote.canonical,
Cl.OC(COCC1COc2ccccc2O1)CN1CCN(c2ccccc2F)CC1,CHEMBL1519178,1.0,CurationNote.canonical,CurationIssue.mixture
O=c1c(-c2ccc(O)cc2)coc2cc(O)ccc12,CHEMBL8145,0.0,CurationNote.canonical,
None,,nan,,CurationIssue.rdkit_failed
None,,nan,,CurationIssue.rdkit_failed
None,,nan,,CurationIssue.rdkit_failed
None,,nan,,CurationIssue.rdkit_failed
None,,nan,,CurationIssue.rdkit_failed
None,,nan,,CurationIssue.rdkit_failed
None,,nan,,CurationIssue.rdkit_failed
None,,nan,,CurationIssue.rdkit_failed
None,,nan,,CurationIssue.rdkit_failed
None,,nan,,CurationIssue.rdkit_failed
None,,nan,,CurationIssue.rdkit_failed
Cc1cc(C(C)(C)C)cc(CNC2CCCCC2)c1O,CHEMBL1399994,1.0,CurationNote.canonical,
O=C(Nc1ccccc1)C(Cc1ccccc1)NC(=O)C12CC3CC(CC(C3)C1)C2,CHEMBL1511412,1.0,CurationNote.canonical,
Cc1ccc2[nH]c(SCC(=O)c3ccc4c(c3)OCO4)nc2c1,CHEMBL1505689,1.0,CurationNote.canonical,
O=C(NCc1ccccc1)[C@H]1C[C@@H]1[C@H](NP(=O)(c1ccccc1)c1ccccc1)c1ccccc1,CHEMBL1371726,0.0,CurationNote.canonical,
CC(C)(C)CNC(CO)C12CC3CC(CC(C3)C1)C2.Cl,CHEMBL1377566,1.0,CurationNote.canonical,CurationIssue.mixture
CCOc1cc(CNCCCN2CCOCC2)cc(Br)c1OCC(=O)Nc1cccc(C(F)(F)F)c1.Cl,CHEMBL1611026,0.0,CurationNote.canonical,CurationIssue.mixture
CC1(C)CC2(CCO1)OC(=O)CC2C(=O)NCCc1ccccc1,CHEMBL1707095,0.0,CurationNote.canonical,
C[C@@H](C1=C(CCN(C)C)Cc2ccccc21)c1ccccn1,CHEMBL1493369,0.0,CurationNote.canonical,
NC(S)=Nc1cc2ccccc2c2ccccc12,CHEMBL1454711,0.0,CurationNote.canonical,
COC(=O)c1c(C)n(-c2ccccc2)c2ccc(O)cc12,CHEMBL1519576,0.0,CurationNote.canonical,
Cc1ccc2nc(N/N=C\c3cccc(C)n3)cc(C)c2c1,CHEMBL1318285,1.0,CurationNote.canonical,
None,,nan,,CurationIssue.rdkit_failed
None,,nan,,CurationIssue.rdkit_failed
None,,nan,,CurationIssue.rdkit_failed
None,,nan,,CurationIssue.rdkit_failed
None,,nan,,CurationIssue.rdkit_failed
N#Cc1cccc(-c2cncnc2NCc2cccs2)c1,CHEMBL1573063,0.0,CurationNote.canonical,
c1cnc2ccc(C(c3nnnn3C3CCCC3)N3CCN4CCCC4C3)cc2c1,CHEMBL1443332,0.0,CurationNote.canonical,
O=C(c1ccncc1)N1CCC2(CCCN(c3ccccn3)C2)CC1,CHEMBL1354408,0.0,CurationNote.canonical,
O=C1Nc2ccc(F)cc2C12Nc1ccccc1-c1nnc(SCc3ccccc3Cl)nc1O2,CHEMBL1529705,0.0,CurationNote.canonical,
CCOc1c2ccc(C(=O)NC3CCCc4ccccc43)cc2nn1C,CHEMBL1362264,1.0,CurationNote.canonical,
Cc1nc2cnc(N3CCNCC3)nc2n(CCc2ccccc2)c1=O,CHEMBL1433950,1.0,CurationNote.canonical,
Clc1ccc(C(c2nnnn2C2CCCC2)N2CCN(Cc3ccncc3)CC2)cc1,CHEMBL1605085,1.0,CurationNote.canonical,
None,,nan,,CurationIssue.rdkit_failed
None,,nan,,CurationIssue.rdkit_failed
CCCc1cc(O)nc(SCc2cc(Cl)ccc2OC(F)F)n1,CHEMBL1433039,0.0,CurationNote.canonical,
None,,nan,,CurationIssue.rdkit_failed
None,,nan,,CurationIssue.rdkit_failed
None,FENAMIC ACID ,nan,,CurationIssue.rdkit_failed
None,,nan,,CurationIssue.rdkit_failed
None,,nan,,CurationIssue.rdkit_failed
None,GABAPENTIN,nan,,CurationIssue.rdkit_failed
None,,nan,,CurationIssue.rdkit_failed
None,,nan,,CurationIssue.rdkit_failed
None,GLYCINEBETAINE,nan,,CurationIssue.rdkit_failed
None,,nan,,CurationIssue.rdkit_failed
None,,nan,,CurationIssue.rdkit_failed
None,,nan,,CurationIssue.rdkit_failed
None,,nan,,CurationIssue.rdkit_failed
CN(Cc1ccco1)c1ccnc(-c2cccnc2)n1,CHEMBL1417552,1.0,CurationNote.canonical,
None,,nan,,CurationIssue.rdkit_failed
None,,nan,,CurationIssue.rdkit_failed
None,,nan,,CurationIssue.rdkit_failed
None,,nan,,CurationIssue.rdkit_failed
None,,nan,,CurationIssue.rdkit_failed
None,,nan,,CurationIssue.rdkit_failed
None,,nan,,CurationIssue.rdkit_failed
None,,nan,,CurationIssue.rdkit_failed
CC12CC(NC(=O)N1c1cccc(C(=O)NCc3ccccc3)c1)c1ccccc1O2,CHEMBL1565577,0.0,CurationNote.canonical,
None,,nan,,CurationIssue.rdkit_failed
None,,nan,,CurationIssue.rdkit_failed
None,,nan,,CurationIssue.rdkit_failed
None,,nan,,CurationIssue.rdkit_failed
None,,nan,,CurationIssue.rdkit_failed
None,,nan,,CurationIssue.rdkit_failed
None,,nan,,CurationIssue.rdkit_failed
None,,nan,,CurationIssue.rdkit_failed
None,,nan,,CurationIssue.rdkit_failed
None,,nan,,CurationIssue.rdkit_failed
None,,nan,,CurationIssue.rdkit_failed
None,,nan,,CurationIssue.rdkit_failed
None,,nan,,CurationIssue.rdkit_failed
None,,nan,,CurationIssue.rdkit_failed
None,,nan,,CurationIssue.rdkit_failed
None,,nan,,CurationIssue.rdkit_failed
None,,nan,,CurationIssue.rdkit_failed
None,,nan,,CurationIssue.rdkit_failed
None,,nan,,CurationIssue.rdkit_failed
None,,nan,,CurationIssue.rdkit_failed
None,SECNIDAZOLE,nan,,CurationIssue.rdkit_failed
None,,nan,,CurationIssue.rdkit_failed
None,,nan,,CurationIssue.rdkit_failed
None,,nan,,CurationIssue.rdkit_failed
None,,nan,,CurationIssue.rdkit_failed
None,,nan,,CurationIssue.rdkit_failed
None,,nan,,CurationIssue.rdkit_failed
None,,nan,,CurationIssue.rdkit_failed
None,,nan,,CurationIssue.rdkit_failed
None,,nan,,CurationIssue.rdkit_failed
None,,nan,,CurationIssue.rdkit_failed
CSc1c(-c2ccccc2)nc2ccccc2c1C(=O)O,CHEMBL1465231,1.0,CurationNote.canonical,CurationIssue.inorganic
CCSc1nnc(-c2sc3nnc(-c4ccccc4)c(-c4ccccc4)c3c2N)o1,CHEMBL1544265,0.0,CurationNote.canonical,CurationIssue.inorganic
COC(=O)c1sccc1NC(=O)CN(C)NS(=O)(=O)c1ccc(F)cc1,CHEMBL1584987,0.0,CurationNote.canonical,
COc1cccc(NC(=O)c2cc(-c3cccnc3)nc3c(Cl)cccc23)c1,CHEMBL1543760,1.0,CurationNote.canonical,
Fc1ccc(NCc2ccccc2F)cc1Cl,CHEMBL1341070,0.0,CurationNote.canonical,
CCCC(O)(CCC)C(=O)NN(C(=O)Nc1csc2c1CCCC2)c1ccccc1,CHEMBL1558413,1.0,CurationNote.canonical,
CCN1CCC[C@H]1CNC(=O)c1c(OC)ccc(Br)c1OC,CHEMBL22242,1.0,CurationNote.canonical,
c1nc(NC2CCNCC2)c2cc(-c3ccc4c(c3)OCO4)ccc2n1,CHEMBL1438748,0.0,CurationNote.canonical,
N#Cc1cccc(NC(=O)N2CCCC3(CCN(C(=O)c4ccncc4)CC3)C2)c1,CHEMBL1408878,0.0,CurationNote.canonical,
O=S(=O)(N/N=C\c1cccn1-c1ccccc1)c1ccc2ccccc2c1,CHEMBL3196565,1.0,CurationNote.canonical,
COc1ccc(C2Nc3ccccc3C(=O)N2Cc2ccco2)cc1COc1ccc([N+](=O)[O-])cc1,CHEMBL1335690,1.0,CurationNote.canonical,
O=C(NC(=S)Nc1ccc(Br)cn1)c1cncc(Br)c1,CHEMBL1562915,1.0,CurationNote.canonical,
CS(=O)(=O)Nc1cccc(-c2ccc3ncnc(Nc4ccccc4)c3c2)c1,CHEMBL1571264,0.0,CurationNote.canonical,
COC(=O)[C@@]1(Cc2ccc(OC)cc2)[C@H]2c3cc(C(=O)N(C)C)n(Cc4ccc(C)o4)c3C[C@H]2CN1C(=O)c1ccccc1,CHEMBL1554982,0.0,CurationNote.canonical,
O=[N+]([O-])c1ccc(C2C3C(c4ccccc4)=NC4(CCCCC4)N32)cc1,CHEMBL1413738,0.0,CurationNote.canonical,
CN1CCc2cc(NC(=O)Nc3cccnc3)ccc21,CHEMBL1456087,0.0,CurationNote.canonical,
COc1ccccc1CNc1nc(-c2ccc3c(c2)OCO3)nc2ccccc12,CHEMBL1316979,1.0,CurationNote.canonical,
COc1ccccc1CCn1c(=O)cnc2cncnc21,CHEMBL1357157,0.0,CurationNote.canonical,
Cc1ccc2c(C)nc(Nc3nc(O)cc(CSc4nc5ccccc5[nH]4)n3)nc2c1,CHEMBL1449103,1.0,CurationNote.canonical,CurationIssue.inorganic
COc1cccc(-c2cncnc2Nc2ccc(F)cc2)c1,CHEMBL1592211,0.0,CurationNote.canonical,
CS(=O)(=O)N1CCN(c2ccccc2NC(=O)c2ccc(Br)o2)CC1,CHEMBL1409938,0.0,CurationNote.canonical,
CN1CCC[C@H](OC(=O)[C@](O)(c2ccccc2)C2CCCC2)C1,CHEMBL1358380,1.0,CurationNote.canonical,
C[C@@H](C(=O)NCc1ccccn1)[C@@H]1C[C@@]1(C)[C@@H](NC(=O)OCc1ccccc1)c1ccccc1,CHEMBL1358568,0.0,CurationNote.canonical,
CCn1ccnc1C[C@@H]1COc2ccccc2O1,CHEMBL1338229,0.0,CurationNote.canonical,CurationIssue.duplicate
O=C(O)[C@@H]1C[C@@H](C(=O)O)N1,CHEMBL43528,0.0,CurationNote.canonical,
CC(C)(C)c1cc(/C=C(\C#N)C(N)=S)cc(C(C)(C)C)c1O,CHEMBL539947,0.0,CurationNote.canonical,
Cc1ccc(C)c(NC(=O)C2C3CCCC2C3c2ccccc2)c1,CHEMBL1589049,1.0,CurationNote.canonical,
CC(=O)N[C@@H](c1ccccc1)[C@]1(C)C[C@H]1[C@@H](C)C(=O)Nc1ccc2ccccc2c1,CHEMBL1317602,0.0,CurationNote.canonical,
C[C@]1(CC(=O)O)O[C@H]2CCCCC[C@H]2O1.NCc1ccccc1,CHEMBL1337419,1.0,CurationNote.canonical,CurationIssue.mixture
Cc1ccc(NC(=O)CSCC(=O)Nc2ccc(N3CCOCC3)c(Cl)c2)cc1,CHEMBL1331921,0.0,CurationNote.canonical,
CN(C)C(=O)c1cn(N(C)c2ncc(C(F)(F)F)cc2Cl)c(=O)c2ccccc12,CHEMBL1741327,0.0,CurationNote.canonical,
CCC/C=C(\CCC)C(NS(C)(=O)=O)c1ccccc1,CHEMBL1532230,0.0,CurationNote.canonical,
C1CCC(C(C[C@@H]2CCCCN2)C2CCCCC2)CC1,CHEMBL1592481,1.0,CurationNote.canonical,
CC(C)c1c(CN(C)C(C)Cc2ccccc2)n(C)n(-c2ccccc2)c1=O,CHEMBL1475693,1.0,CurationNote.canonical,
COc1ccc(CN2CN=C(Nc3nc4ccccc4s3)NC2)cc1,CHEMBL1462374,1.0,CurationNote.canonical,
CN1CCC[C@@H]1CCO[C@](C)(c1ccccc1)c1ccc(Cl)cc1,CHEMBL1626,1.0,CurationNote.canonical,CurationIssue.duplicate
c1ccc([C@@H]2CN3CCSC3=N2)cc1,CHEMBL1369896,1.0,CurationNote.canonical,
COc1ccc(C(=O)C(CCCCC(CN(C)C)C(=O)c2ccc(OC)cc2)CN(C)C)cc1.Cl,CHEMBL1429628,0.0,CurationNote.canonical,CurationIssue.mixture
CCOc1ccc(-n2c(SCC(=O)Nc3ccc(OC)cc3)nc3c(c2=O)SCC3)cc1,CHEMBL1604087,0.0,CurationNote.canonical,
COc1ccc(CN(CCN(C)C)c2ccccn2)cc1,CHEMBL511,1.0,CurationNote.canonical,CurationIssue.duplicate
CCN(CC)CCOC(=O)C1(C2CCCCC2)CCCCC1,CHEMBL1123,1.0,CurationNote.canonical,
COc1ccc(OCCn2cc(C(=N)NO)c3ccccc32)cc1,CHEMBL1306540,1.0,CurationNote.canonical,
None,,nan,,CurationIssue.rdkit_failed
None,,nan,,CurationIssue.rdkit_failed
None,,nan,,CurationIssue.rdkit_failed
Cc1cc2cc3c(cc2nc1SCC(=O)Nc1c(C)cccc1C)CCC3,CHEMBL1302141,0.0,CurationNote.canonical,
CCO.Cn1c2c(c(=O)n(C)c1=O)C1(C(=O)Nc3ccccc31)C(C#N)=C(N)O2,CHEMBL1505667,0.0,CurationNote.canonical,CurationIssue.mixture
CSc1cccc(NC(=O)Cn2cccc2)c1,CHEMBL1377201,0.0,CurationNote.canonical,CurationIssue.inorganic
CC(=O)N1CCC2(CCN(Cc3ccccc3)CC2)CC1,CHEMBL1414948,0.0,CurationNote.canonical,
CN(C)CC/C=C1\c2ccccc2CSc2ccccc21,CHEMBL1492500,1.0,CurationNote.canonical,CurationIssue.inorganic
Cc1cccc(NC2=NN=C(c3ccc4c(c3)OCCO4)CS2)c1,CHEMBL1311749,0.0,CurationNote.canonical,
CC(C)(C)CC(C)(C)c1ccc(OCCOCC[N+](C)(C)Cc2ccccc2)cc1,CHEMBL1182210,1.0,CurationNote.canonical,
Cc1c(Cl)c([N+](=O)[O-])nn1Cc1ccc(C(=O)N/N=C\c2cc(Cl)ccc2O)o1,CHEMBL3195142,0.0,CurationNote.canonical,
COCC(=O)N1CCC[C@@]2(CCN(c3ncccn3)C2)C1,CHEMBL1612158,0.0,CurationNote.canonical,
CCS(=O)(=O)N1CCC(C(=O)NCc2ccc(F)cc2Cl)CC1,CHEMBL1466350,0.0,CurationNote.canonical,
N=C1[C@@H](O)[C@]2(I)c3ccccc3N3C(=N)[C@H](O)[C@@H]4c5ccccc5N1[C@@H]4[C@@H]32,CHEMBL1358570,1.0,CurationNote.canonical,
None,,nan,,CurationIssue.rdkit_failed
None,,nan,,CurationIssue.rdkit_failed
None,,nan,,CurationIssue.rdkit_failed
None,,nan,,CurationIssue.rdkit_failed
None,,nan,,CurationIssue.rdkit_failed
None,,nan,,CurationIssue.rdkit_failed
None,SB-222200,nan,,CurationIssue.rdkit_failed
None,,nan,,CurationIssue.rdkit_failed
None,,nan,,CurationIssue.rdkit_failed
None,,nan,,CurationIssue.rdkit_failed
None,,nan,,CurationIssue.rdkit_failed
None,,nan,,CurationIssue.rdkit_failed
None,,nan,,CurationIssue.rdkit_failed
None,SB-203580,nan,,CurationIssue.rdkit_failed
None,,nan,,CurationIssue.rdkit_failed
None,,nan,,CurationIssue.rdkit_failed
None,,nan,,CurationIssue.rdkit_failed
None,,nan,,CurationIssue.rdkit_failed
None,,nan,,CurationIssue.rdkit_failed
None,,nan,,CurationIssue.rdkit_failed
None,,nan,,CurationIssue.rdkit_failed
None,,nan,,CurationIssue.rdkit_failed
None,,nan,,CurationIssue.rdkit_failed
None,,nan,,CurationIssue.rdkit_failed
None,,nan,,CurationIssue.rdkit_failed
None,,nan,,CurationIssue.rdkit_failed
None,,nan,,CurationIssue.rdkit_failed
None,,nan,,CurationIssue.rdkit_failed
None,,nan,,CurationIssue.rdkit_failed
None,,nan,,CurationIssue.rdkit_failed
None,,nan,,CurationIssue.rdkit_failed
None,,nan,,CurationIssue.rdkit_failed
None,(+)-EPITAXIFOLIN,nan,,CurationIssue.rdkit_failed
None,,nan,,CurationIssue.rdkit_failed
None,,nan,,CurationIssue.rdkit_failed
None,,nan,,CurationIssue.rdkit_failed
None,,nan,,CurationIssue.rdkit_failed
None,,nan,,CurationIssue.rdkit_failed
None,,nan,,CurationIssue.rdkit_failed
None,,nan,,CurationIssue.rdkit_failed
None,,nan,,CurationIssue.rdkit_failed
None,,nan,,CurationIssue.rdkit_failed
None,,nan,,CurationIssue.rdkit_failed
None,,nan,,CurationIssue.rdkit_failed
None,,nan,,CurationIssue.rdkit_failed
None,RANITIDINE,nan,,CurationIssue.rdkit_failed
CN(C)Cc1cc(C(F)(F)F)ccc1C(O)(c1ccccc1)c1ccccc1,CHEMBL1409682,1.0,CurationNote.canonical,
Cc1cccc(C(=O)NCN2CCN(c3ccccc3C#N)CC2)c1,CHEMBL45244,1.0,CurationNote.canonical,
COC(=O)CCC(=O)Nc1cccc(C(=O)Nc2cccc(Cl)c2)c1,CHEMBL1332990,0.0,CurationNote.canonical,
Brc1cc2c(cc1/C=N/Nc1nc(N3CCCC3)nc(N3CCOCC3)n1)OCO2,CHEMBL1969457,0.0,CurationNote.canonical,
O=C(NCc1ccccc1)c1cccc(COc2cccc(Cl)c2)c1,CHEMBL1508815,0.0,CurationNote.canonical,
None,,nan,,CurationIssue.rdkit_failed
None,,nan,,CurationIssue.rdkit_failed
None,,nan,,CurationIssue.rdkit_failed
None,,nan,,CurationIssue.rdkit_failed
None,,nan,,CurationIssue.rdkit_failed
None,,nan,,CurationIssue.rdkit_failed
None,,nan,,CurationIssue.rdkit_failed
None,,nan,,CurationIssue.rdkit_failed
None,,nan,,CurationIssue.rdkit_failed
None,,nan,,CurationIssue.rdkit_failed
None,,nan,,CurationIssue.rdkit_failed
None,,nan,,CurationIssue.rdkit_failed
None,SEROTONIN,nan,,CurationIssue.rdkit_failed
None,,nan,,CurationIssue.rdkit_failed
None,,nan,,CurationIssue.rdkit_failed
None,,nan,,CurationIssue.rdkit_failed
None,,nan,,CurationIssue.rdkit_failed
None,,nan,,CurationIssue.rdkit_failed
None,,nan,,CurationIssue.rdkit_failed
None,,nan,,CurationIssue.rdkit_failed
None,,nan,,CurationIssue.rdkit_failed
None,CYCLOSERINE,nan,,CurationIssue.rdkit_failed
None,,nan,,CurationIssue.rdkit_failed
None,,nan,,CurationIssue.rdkit_failed
None,IBOTENIC ACID,nan,,CurationIssue.rdkit_failed
None,,nan,,CurationIssue.rdkit_failed
None,,nan,,CurationIssue.rdkit_failed
None,,nan,,CurationIssue.rdkit_failed
None,,nan,,CurationIssue.rdkit_failed
None,,nan,,CurationIssue.rdkit_failed
None,,nan,,CurationIssue.rdkit_failed
None,,nan,,CurationIssue.rdkit_failed
COc1cccc(Cn2c(=O)c(-c3ccccc3)nc3cnc(OC)nc32)c1,CHEMBL1476791,0.0,CurationNote.canonical,
N#Cc1ccc(CN2CC[C@@]3(CCCN(C(=O)Oc4ccccc4)C3)C2)cc1,CHEMBL1605496,1.0,CurationNote.canonical,
COc1ccc(-c2cc(=O)c3c(O)cc(O)cc3o2)cc1,CHEMBL243664,0.0,CurationNote.canonical,
CCC/C=C(\CCC)C(NC(=O)c1ccco1)c1ccc(C(=O)OC)cc1,CHEMBL1554851,0.0,CurationNote.canonical,
None,,nan,,CurationIssue.rdkit_failed
None,,nan,,CurationIssue.rdkit_failed
C#CCN(C)CCCOc1ccc(Cl)cc1Cl,CHEMBL8706,1.0,CurationNote.canonical,
CCOCc1cnc(C)nc1NCC(=O)c1c(C)[nH]c2ccccc12,CHEMBL1346893,0.0,CurationNote.canonical,
Cn1c(SCc2nc3ccccc3n2CCO)nc2ccccc21,CHEMBL1323465,0.0,CurationNote.canonical,
None,,nan,,CurationIssue.rdkit_failed
None,,nan,,CurationIssue.rdkit_failed
None,,nan,,CurationIssue.rdkit_failed
None,,nan,,CurationIssue.rdkit_failed
None,,nan,,CurationIssue.rdkit_failed
None,,nan,,CurationIssue.rdkit_failed
None,,nan,,CurationIssue.rdkit_failed
None,,nan,,CurationIssue.rdkit_failed
None,,nan,,CurationIssue.rdkit_failed
None,,nan,,CurationIssue.rdkit_failed
None,,nan,,CurationIssue.rdkit_failed
Cc1noc(C)c1C(=O)N1CCC2(CC1)CCN(c1ccncc1)CC2,CHEMBL1447946,0.0,CurationNote.canonical,
Fc1ccc(Cn2c(SCc3ccc(F)c(C(F)(F)F)c3)nnc2C(F)(F)F)cc1,CHEMBL1302643,0.0,CurationNote.canonical,
None,,nan,,CurationIssue.rdkit_failed
None,,nan,,CurationIssue.rdkit_failed
None,,nan,,CurationIssue.rdkit_failed
None,,nan,,CurationIssue.rdkit_failed
None,,nan,,CurationIssue.rdkit_failed
None,,nan,,CurationIssue.rdkit_failed
None,,nan,,CurationIssue.rdkit_failed
None,,nan,,CurationIssue.rdkit_failed
None,,nan,,CurationIssue.rdkit_failed
C=CC[C@@H]1C=C[C@H](O/N=C(\C)CCN2CCc3nc(CC)c(CC)cc3C2)[C@H](CO)O1,CHEMBL1355703,1.0,CurationNote.canonical,
O=c1c(-c2cccc(Cl)c2)nc2cncnc2n1Cc1ccccc1,CHEMBL1323549,0.0,CurationNote.canonical,
CCn1c(C)c(/C=N/Nc2nc3ccccc3s2)c2ccccc21,CHEMBL3210057,0.0,CurationNote.canonical,
O=C(OCCN1CCOCC1)C1(c2ccccc2)CCCCC1,CHEMBL305881,0.0,CurationNote.canonical,
NC(=O)c1ccc[n+](CC(=O)OCCC23CC4CC(CC(C4)C2)C3)c1.[Cl-],CHEMBL1339762,0.0,CurationNote.canonical,CurationIssue.mixture
CC(C)(C)NCC[C@@H](O)c1cc(C(F)(F)F)nc2c(C(F)(F)F)cccc12.O=P(O)(O)O,CHEMBL1371631,1.0,CurationNote.canonical,CurationIssue.mixture
Cc1ccc(OC[C@H](O)[C@H](C)NC(C)C)c2c1CCC2,CHEMBL198059,0.0,CurationNote.canonical,
COc1ccc2[nH]c(I)c(CCNC(C)=O)c2c1,CHEMBL289233,1.0,CurationNote.canonical,
None,,nan,,CurationIssue.rdkit_failed
None,,nan,,CurationIssue.rdkit_failed
None,PROPOFOL,nan,,CurationIssue.rdkit_failed
None,,nan,,CurationIssue.rdkit_failed
None,,nan,,CurationIssue.rdkit_failed
None,,nan,,CurationIssue.rdkit_failed
None,,nan,,CurationIssue.rdkit_failed
None,MECLOFENAMATE SODIUM,nan,,CurationIssue.rdkit_failed
None,,nan,,CurationIssue.rdkit_failed
None,,nan,,CurationIssue.rdkit_failed
None,,nan,,CurationIssue.rdkit_failed
None,,nan,,CurationIssue.rdkit_failed
COc1ccc(C2C(=O)N(CCc3ccccc3)CC(=O)N2C2CCCC2)cc1,CHEMBL1585305,0.0,CurationNote.canonical,
COc1ccccc1CN1CCCC2(CCN(C(=O)c3cnccn3)CC2)C1,CHEMBL1317741,1.0,CurationNote.canonical,
CN1CCN(c2ccnc(-c3ccccc3C(F)(F)F)n2)CC1,CHEMBL1535796,0.0,CurationNote.canonical,
Clc1ccccc1C(c1ccccc1)(c1ccccc1)n1ccnc1,CHEMBL104,0.0,CurationNote.canonical,
O=C(CN(c1ccccc1)S(=O)(=O)c1ccccc1)NCCSc1nc2ccccc2s1,CHEMBL1482196,1.0,CurationNote.canonical,CurationIssue.inorganic
C[C@@H](c1ccccc1)N1CCN([C@H](C)c2ccccc2)CC1,CHEMBL1524227,1.0,CurationNote.canonical,
CC(C)CO[C@H](c1ccc2c(c1)OCO2)[C@H](C)Br,CHEMBL1314273,1.0,CurationNote.canonical,
CN1CCN(CCCN2c3ccccc3Sc3ccc(Cl)cc32)CC1,CHEMBL728,1.0,CurationNote.canonical,CurationIssue.inorganic
CN(C)C(=O)c1ccc(-c2cncnc2NCCc2cnc[nH]2)cc1,CHEMBL1358758,1.0,CurationNote.canonical,
CC(=O)c1cccc(NC(=O)CSCc2ccccc2)c1,CHEMBL1523323,0.0,CurationNote.canonical,
None,,nan,,CurationIssue.rdkit_failed
None,,nan,,CurationIssue.rdkit_failed
None,,nan,,CurationIssue.rdkit_failed
None,,nan,,CurationIssue.rdkit_failed
None,,nan,,CurationIssue.rdkit_failed
None,,nan,,CurationIssue.rdkit_failed
None,,nan,,CurationIssue.rdkit_failed
O=C(/C=C/c1ccccc1)N/C(=C/c1ccccc1)C(=O)Nc1ccccc1O,CHEMBL1569491,0.0,CurationNote.canonical,
C=CCO/C(O)=C1\C(C)=NC(SC)=C(C#N)C1c1cccs1,CHEMBL1574576,0.0,CurationNote.canonical,
CC(C)CC(=O)N1CCN(Cc2cccc(F)c2)CC1,CHEMBL1606137,1.0,CurationNote.canonical,
CCCCCCCCCCCC1=C(O)C(=O)C=C(O)C1=O,CHEMBL221137,1.0,CurationNote.canonical,
CN(C)CCN(c1ccccn1)c1ccccn1,CHEMBL1601805,1.0,CurationNote.canonical,
c1ccc2oc(C3=NCCN3)cc2c1,CHEMBL404505,0.0,CurationNote.canonical,
Cc1cccc(OCCCC(=O)Nc2ccc(N3CCCCC3)cc2)c1,CHEMBL1429612,1.0,CurationNote.canonical,
O=c1c(CCc2ccccc2)nc2cncnc2n1Cc1ccc(F)cc1,CHEMBL1555118,0.0,CurationNote.canonical,
CSc1ccc(CNc2ccc(C)c(C)c2)cc1,CHEMBL1467491,0.0,CurationNote.canonical,CurationIssue.inorganic
COc1ccc(C(=O)NN)cc1COc1ccc(Br)cc1,CHEMBL1311531,0.0,CurationNote.canonical,
O=C(Nc1nc2ccccc2n1Cc1ccccc1)c1ccc(COc2ccccc2[N+](=O)[O-])o1,CHEMBL1382389,0.0,CurationNote.canonical,
CCCC1(C)Nc2ccccc2-c2nc3ccccc3n21,CHEMBL1488931,0.0,CurationNote.canonical,
CC(=O)O[C@]12CC[N@+]3(C)CCCC[C@@H]3[C-]1Nc1ccccc12,CHEMBL1593682,1.0,CurationNote.canonical,
COc1ccc(C(=O)N/N=C2/SCC(=O)N2Cc2ccc3c(c2)OCO3)cc1OC,CHEMBL3213468,0.0,CurationNote.canonical,
Cn1c(C(=O)NCC2CCCO2)cc2c(=O)n3ccccc3nc21,CHEMBL1492641,1.0,CurationNote.canonical,
Clc1ccc(-c2nnc(CCc3ccccc3)o2)c(Cl)c1,CHEMBL1574148,0.0,CurationNote.canonical,
COc1ccc2[nH]cc(CCNc3cc(-c4ccoc4)ncn3)c2c1,CHEMBL1437013,0.0,CurationNote.canonical,
OC(c1ccccc1)(c1ccccc1)C1CCNCC1,CHEMBL127508,0.0,CurationNote.canonical,
CN1CC[C@@]2(c3cccc(O)c3)Cc3nc4ccccc4cc3C[C@H]2C1,CHEMBL1354325,0.0,CurationNote.canonical,
None,(Z)-PIPLARTINE,nan,,CurationIssue.rdkit_failed
None,,nan,,CurationIssue.rdkit_failed
None,,nan,,CurationIssue.rdkit_failed
None,,nan,,CurationIssue.rdkit_failed
C#C[C@]1(O)CC[C@@H]2[C@H]3CCC4=Cc5oncc5C[C@]4(C)[C@@H]3CC[C@@]21C,CHEMBL1493294,1.0,CurationNote.canonical,
None,,nan,,CurationIssue.rdkit_failed
CN(Cc1ccco1)c1ncnc2ccc(-c3ccccc3C(F)(F)F)cc12,CHEMBL1482582,1.0,CurationNote.canonical,
COc1ccccc1-c1nc(NCCNC(C)=O)c2ccccc2n1,CHEMBL1551729,1.0,CurationNote.canonical,
CN(C(=O)Cc1ccc(Cl)c(Cl)c1)[C@@H]1CCCC[C@H]1N1CCCC1,CHEMBL441765,1.0,CurationNote.canonical,
O=C(CNc1cccc(Cl)c1)c1ccc(Cl)cc1,CHEMBL1603871,1.0,CurationNote.canonical,
COc1ccccc1CNc1ncnc2ccc(-c3ccc4c(c3)OCO4)cc12,CHEMBL1516054,1.0,CurationNote.canonical,
CC1(c2ccccc2)NC(=O)N(CC(=O)NCCC2=CCCCC2)C1=O,CHEMBL1717521,0.0,CurationNote.canonical,
O=C1CCCN1c1ccc(S(=O)(=O)Oc2cccc(Cl)c2)cc1[N+](=O)[O-],CHEMBL1467355,1.0,CurationNote.canonical,
c1ccc(CCCNc2nnnc3ccccc23)cc1,CHEMBL1446467,1.0,CurationNote.canonical,
CCCc1cc(C(=O)Cc2nc3ccccc3s2)c(O)cc1O,CHEMBL1568413,1.0,CurationNote.canonical,
Cc1ccccc1-c1nc(N(C)Cc2ccco2)c2ccccc2n1,CHEMBL1434817,1.0,CurationNote.canonical,
O=C1[C@H]2[C@@H]3c4ccccc4[C@@H]([C@@H]2C(=O)N1c1ccc(OCc2ccccc2)cc1)[n+]1ccccc13,CHEMBL1437902,1.0,CurationNote.canonical,
COCC(=O)N1CCC[C@@]2(CCN(C(c3ccccc3)c3ccccc3)C2)C1,CHEMBL1473188,1.0,CurationNote.canonical,
C[C@@H](C(=O)NCc1ccc(S(C)(=O)=O)cc1)[C@@H]1C[C@@]1(C)[C@@H](NC(=O)OCc1ccccc1)c1ccccc1,CHEMBL1330087,0.0,CurationNote.canonical,
NC(=O)C1(NC(=O)[C@@H]2CC3(CC(c4cccc(NC(=O)c5cc([N+](=O)[O-])cc([N+](=O)[O-])c5)c4)=NO3)CN2C(=O)c2ccccc2)CC1,CHEMBL1391888,0.0,CurationNote.canonical,
None,,nan,,CurationIssue.rdkit_failed
N#C/C(=C\c1ccc(O)c(O)c1)C(N)=S,CHEMBL77030,0.0,CurationNote.canonical,
CNCC[C@H](Oc1ccccc1OC)c1ccccc1,CHEMBL1409777,1.0,CurationNote.canonical,CurationIssue.duplicate
COc1ccccc1-c1cncnc1Nc1ccccc1,CHEMBL1567295,0.0,CurationNote.canonical,
c1ccc(CNc2ccnc(-c3ccoc3)n2)cc1,CHEMBL1334477,0.0,CurationNote.canonical,
CCCCCC1CC1C(=O)N/N=C/c1ccc(N(C)C)cc1,CHEMBL3214365,1.0,CurationNote.canonical,
Cc1ccc(S(=O)(=O)CC#CCOC(=O)c2ccc([N+](=O)[O-])cc2)cc1,CHEMBL1572006,0.0,CurationNote.canonical,
Clc1cc(I)cc(Cl)c1N=C1NCCN1,CHEMBL360803,1.0,CurationNote.canonical,
O=c1c(CCc2ccccc2)nc2cnc(N3CCNCC3)nc2n1CCc1ccccc1,CHEMBL1398137,0.0,CurationNote.canonical,
CN(C)c1ncc2nc(-c3ccccc3)c(=O)n(CCC#N)c2n1,CHEMBL1328339,1.0,CurationNote.canonical,
None,PHENYLEPHRINE,nan,,CurationIssue.rdkit_failed
None,,nan,,CurationIssue.rdkit_failed
None,,nan,,CurationIssue.rdkit_failed
None,,nan,,CurationIssue.rdkit_failed
None,,nan,,CurationIssue.rdkit_failed
None,,nan,,CurationIssue.rdkit_failed
None,,nan,,CurationIssue.rdkit_failed
None,,nan,,CurationIssue.rdkit_failed
None,,nan,,CurationIssue.rdkit_failed
None,,nan,,CurationIssue.rdkit_failed
None,,nan,,CurationIssue.rdkit_failed
None,,nan,,CurationIssue.rdkit_failed
None,,nan,,CurationIssue.rdkit_failed
None,,nan,,CurationIssue.rdkit_failed
None,,nan,,CurationIssue.rdkit_failed
None,,nan,,CurationIssue.rdkit_failed
None,,nan,,CurationIssue.rdkit_failed
None,3,5-DINITROCATECHOL (OR-486),nan,,CurationIssue.rdkit_failed
None,,nan,,CurationIssue.rdkit_failed
Cc1ccc(S(=O)(=O)NCCn2c(C)cc3ccccc32)cc1,CHEMBL1384353,1.0,CurationNote.canonical,
O=C1CC[C@@]2(O)[C@H]3Cc4ccc(O)c5c4[C@@]2(CCN3CC2CC2)[C@@H]1O5,CHEMBL1437711,0.0,CurationNote.canonical,
COCCNc1ncnc2ccc(-c3ccccc3OC)cc12,CHEMBL1456015,0.0,CurationNote.canonical,
None,,nan,,CurationIssue.rdkit_failed
None,,nan,,CurationIssue.rdkit_failed
None,,nan,,CurationIssue.rdkit_failed
CN(C)c1ccc(-c2ccc3ncnc(N(C)Cc4ccco4)c3c2)cc1,CHEMBL1478761,0.0,CurationNote.canonical,
COc1ccc(NC(=O)N2CC[C@@]3(CCCN(C(=O)Oc4ccccc4)C3)C2)cc1,CHEMBL1356843,1.0,CurationNote.canonical,
Cc1ccc(/C=C2\Sc3ccccc3C2=O)s1,CHEMBL1330781,0.0,CurationNote.canonical,CurationIssue.inorganic
CC(Oc1ccc(Cl)cc1Cl)C(=O)/C=C/N(C)C,CHEMBL1324352,0.0,CurationNote.canonical,
CC(=O)OC[C@H]1O[C@@H](O/N=C(\C)CCN2CCCCc3nc(C)c(C)cc32)[C@H](OC(C)=O)[C@@H](OC(C)=O)[C@H]1OC(C)=O,CHEMBL1609761,1.0,CurationNote.canonical,
CC(Sc1ccc2c(c1)OCCO2)C(=O)Nc1ncc(Cl)cc1Cl,CHEMBL1350038,0.0,CurationNote.canonical,CurationIssue.inorganic
Cc1n[nH]c(SC(C(=O)c2ccccc2)c2ccccc2)n1,CHEMBL1502536,0.0,CurationNote.canonical,
C[C@@H](CCc1ccccc1)NC[C@H](O)c1ccc(O)c(C(N)=O)c1,CHEMBL28140,1.0,CurationNote.canonical,CurationIssue.duplicate
None,,nan,,CurationIssue.rdkit_failed
COC(=O)/C=C\C(=O)N[C@@H]1CC[C@@]2(O)[C@H]3Cc4ccc(O)c5c4[C@@]2(CCN3CC2CC2)[C@@H]1O5,CHEMBL1336585,1.0,CurationNote.canonical,
None,,nan,,CurationIssue.rdkit_failed
CC(C)CN1CC[C@@]2(CCCN(C(=O)c3ccncc3)C2)C1,CHEMBL1368474,1.0,CurationNote.canonical,
CCN(CC)S(=O)(=O)c1cc(C(=O)Nc2ccncc2)ccc1Cl,CHEMBL1613268,1.0,CurationNote.canonical,
CN(C)c1ncc2nc(-c3ccc(Cl)cc3)c(=O)n(CCC#N)c2n1,CHEMBL1357445,1.0,CurationNote.canonical,
None,,nan,,CurationIssue.rdkit_failed
None,,nan,,CurationIssue.rdkit_failed
None,,nan,,CurationIssue.rdkit_failed
None,,nan,,CurationIssue.rdkit_failed
None,PARGYLINE,nan,,CurationIssue.rdkit_failed
None,,nan,,CurationIssue.rdkit_failed
None,,nan,,CurationIssue.rdkit_failed
None,,nan,,CurationIssue.rdkit_failed
None,,nan,,CurationIssue.rdkit_failed
None,,nan,,CurationIssue.rdkit_failed
None,,nan,,CurationIssue.rdkit_failed
None,,nan,,CurationIssue.rdkit_failed
None,,nan,,CurationIssue.rdkit_failed
None,,nan,,CurationIssue.rdkit_failed
None,,nan,,CurationIssue.rdkit_failed
None,,nan,,CurationIssue.rdkit_failed
None,,nan,,CurationIssue.rdkit_failed
None,,nan,,CurationIssue.rdkit_failed
None,,nan,,CurationIssue.rdkit_failed
None,,nan,,CurationIssue.rdkit_failed
None,,nan,,CurationIssue.rdkit_failed
None,,nan,,CurationIssue.rdkit_failed
COc1cccc(NC(=O)COC(=O)c2nc3nccc(C)n3n2)c1,CHEMBL1301305,0.0,CurationNote.canonical,
None,,nan,,CurationIssue.rdkit_failed
None,,nan,,CurationIssue.rdkit_failed
None,,nan,,CurationIssue.rdkit_failed
None,,nan,,CurationIssue.rdkit_failed
None,,nan,,CurationIssue.rdkit_failed
None,,nan,,CurationIssue.rdkit_failed
None,PROPENTOFYLLINE,nan,,CurationIssue.rdkit_failed
CS(=O)(=O)N1CCC2(CCCN(c3ncccn3)C2)CC1,CHEMBL1317579,0.0,CurationNote.canonical,
CC[N+](CC)(CCNC(=O)C(=O)NCC[N+](CC)(CC)Cc1ccccc1Cl)Cc1ccccc1Cl,CHEMBL1652,0.0,CurationNote.canonical,
Cc1cccc(CNc2ccnc(-c3cccc(NS(C)(=O)=O)c3)n2)c1,CHEMBL1482426,0.0,CurationNote.canonical,
COc1ccc(C(=O)NC2CC3CCCC(C2)N3CC(C)C)cc1OC,CHEMBL1724983,1.0,CurationNote.canonical,
Cc1ccc(/C=C/c2nnc(-c3cccs3)o2)cc1,CHEMBL1534143,0.0,CurationNote.canonical,
CS(=O)(=O)N1CCC2(CCN(Cc3ccncc3)CC2)CC1,CHEMBL1524305,0.0,CurationNote.canonical,
COCCCC/C(=N/OCCN)c1ccc(C(F)(F)F)cc1,CHEMBL1314286,1.0,CurationNote.canonical,CurationIssue.duplicate
Cc1ccccc1-c1nccc(Nc2ccc(F)cc2)n1,CHEMBL1372371,0.0,CurationNote.canonical,
Cn1c(-c2ccc3c(c2)OCO3)cnc1NCc1ccccc1.O=C(O)C(=O)O,CHEMBL1544498,1.0,CurationNote.canonical,CurationIssue.mixture
CN(C)c1ccc(-c2cc(-n3ccnc3)ncn2)cc1,CHEMBL1331363,1.0,CurationNote.canonical,
C=CCN=C(NC#N)SCc1ccccc1,CHEMBL1330569,0.0,CurationNote.canonical,
None,,nan,,CurationIssue.rdkit_failed
C[C@@H](C(=O)Nc1ccc2ccccc2c1)[C@@H]1C[C@@]1(C)[C@@H](NC(=O)c1ccncc1Cl)c1ccccc1,CHEMBL1314808,0.0,CurationNote.canonical,
None,,nan,,CurationIssue.rdkit_failed
None,,nan,,CurationIssue.rdkit_failed
O=C(N/N=C/c1ccc([N+](=O)[O-])o1)c1cc(-c2ccncc2)nc2ccccc12,CHEMBL1987514,0.0,CurationNote.canonical,
CC(=O)N/N=C/c1cc([N+](=O)[O-])ccc1OCCOc1ccccc1,CHEMBL3209973,1.0,CurationNote.canonical,
CCn1cc(-c2nnnn2-c2ccc(Cl)cc2)c(=O)c2ccccc21,CHEMBL1571531,0.0,CurationNote.canonical,
CN1CCN(c2ncc3nc(-c4ccccc4)c(=O)n(CCc4ccccc4)c3n2)CC1,CHEMBL1316285,0.0,CurationNote.canonical,
Cc1nc(NCc2ccco2)c2c3c(sc2n1)CCC3,CHEMBL1577187,0.0,CurationNote.canonical,
Cc1ccc(C)c(NC(=N)Nc2nc(C)cc(C)n2)c1,CHEMBL1333248,1.0,CurationNote.canonical,
CCC(=O)Nc1cc(-c2nn(C)c(=O)c3ccccc23)ccc1N1CCCCC1,CHEMBL1388465,0.0,CurationNote.canonical,
O=C(c1ccco1)N1CCC2(CC1)CN(c1ccccn1)C2,CHEMBL1552227,0.0,CurationNote.canonical,
None,QUINOXALINE1,nan,,CurationIssue.rdkit_failed
CCOc1ccc(NC(=S)N(Cc2ccc(N(C)C)cc2)Cc2ccco2)cc1,CHEMBL1420257,1.0,CurationNote.canonical,
Cn1cccc1C(=O)N1CCC[C@@]2(CCN(Cc3ccccc3)C2)C1,CHEMBL1590992,1.0,CurationNote.canonical,
CC[N+](CC)(CC)CCOc1ccc(/C=C\c2ccccc2)cc1,CHEMBL1594217,1.0,CurationNote.canonical,
None,,nan,,CurationIssue.rdkit_failed
COc1ccccc1NC(=O)CC1COc2ccccc2O1,CHEMBL1607197,0.0,CurationNote.canonical,
None,,nan,,CurationIssue.rdkit_failed
None,,nan,,CurationIssue.rdkit_failed
None,,nan,,CurationIssue.rdkit_failed
None,,nan,,CurationIssue.rdkit_failed
None,,nan,,CurationIssue.rdkit_failed
CNc1nc(-c2ccc(N(C)C)cc2)nc2ccccc12,CHEMBL1414269,0.0,CurationNote.canonical,
COCc1nnc(NC(=O)CCN2C(=O)c3ccccc3C2=O)s1,CHEMBL1741944,0.0,CurationNote.canonical,
CNCCCCCCCCSc1nc(C(C)C)ccc1C(=O)c1cccs1.O=C(O)CC(=O)O,CHEMBL1514639,1.0,CurationNote.canonical,CurationIssue.mixture
CNCC[C@H](Oc1ccc(C(F)(F)F)cc1)c1ccccc1,CHEMBL1169388,1.0,CurationNote.canonical,CurationIssue.duplicate
O=C(COc1ccccc1)Nc1cc(C(F)(F)F)ccc1N1CCCC1,CHEMBL1526369,0.0,CurationNote.canonical,
None,,nan,,CurationIssue.rdkit_failed
None,,nan,,CurationIssue.rdkit_failed
None,,nan,,CurationIssue.rdkit_failed
None,,nan,,CurationIssue.rdkit_failed
None,,nan,,CurationIssue.rdkit_failed
None,,nan,,CurationIssue.rdkit_failed
None,,nan,,CurationIssue.rdkit_failed
Cn1nc(C(F)(F)F)c(/C=N/OC(=O)c2ccccc2)c1Cl,CHEMBL3194547,0.0,CurationNote.canonical,
CN(C)c1ccc(/N=C/c2nc(-c3ccccc3)oc2O)cc1,CHEMBL2001481,1.0,CurationNote.canonical,
COc1cccc(-c2noc(-c3cccnc3)n2)c1,CHEMBL1419997,0.0,CurationNote.canonical,
Cc1ccc2nc(SCC(=O)NCc3cccs3)c(C#N)cc2c1,CHEMBL1507076,1.0,CurationNote.canonical,
CCNc1ncc2nc(-c3cccs3)c(=O)n(Cc3ccc(F)cc3)c2n1,CHEMBL1558135,0.0,CurationNote.canonical,
CC1CCN(C(NC(=O)c2ccco2)C(=O)c2ccccc2)CC1,CHEMBL1353815,0.0,CurationNote.canonical,
COCC(=O)N1CCC2(CCCN(c3ccccn3)C2)CC1,CHEMBL1568491,0.0,CurationNote.canonical,
COC(=O)c1cc(NS(=O)(=O)c2ccc(N3CCCCC3)c([N+](=O)[O-])c2)cc(C(=O)OC)c1,CHEMBL1389059,1.0,CurationNote.canonical,
NC(=S)Nc1ccc(Oc2ccc(NC(N)=S)cc2)cc1,CHEMBL1518270,0.0,CurationNote.canonical,
COC(=O)CCSc1cc([N+](=O)[O-])cc2c1c(C1OCCS1)nn2-c1ccccc1,CHEMBL1432016,0.0,CurationNote.canonical,CurationIssue.inorganic
O=C(CC1CCCC1)Nc1ccc2c(c1)CCC2,CHEMBL581929,0.0,CurationNote.canonical,
Cc1cc(C)cc(CSCC(=O)N/N=C/c2ccc(OCC(=O)NCc3ccco3)cc2)c1,CHEMBL3207571,0.0,CurationNote.canonical,
COc1cc(CNCCc2c[nH]c3ccccc23)ccc1OCc1ccccc1F.Cl,CHEMBL1388234,1.0,CurationNote.canonical,CurationIssue.mixture
COc1ccc(C[C@@H]2NC[C@H](O)[C@@H]2OC(C)=O)cc1,CHEMBL1367623,1.0,CurationNote.canonical,
COc1cccc(OC)c1OCCCN1CCOCC1,CHEMBL1393350,0.0,CurationNote.canonical,
None,,nan,,CurationIssue.rdkit_failed
CN(C)CCC=C1c2ccccc2CCc2ccccc21,CHEMBL629,1.0,CurationNote.canonical,CurationIssue.duplicate
None,,nan,,CurationIssue.rdkit_failed
None,,nan,,CurationIssue.rdkit_failed
Cn1ncc([N+](=O)[O-])c1C(=O)Nc1ccc2c(c1)OCCO2,CHEMBL1572174,0.0,CurationNote.canonical,
None,,nan,,CurationIssue.rdkit_failed
None,,nan,,CurationIssue.rdkit_failed
O=C(Cc1ccccc1)NCCSCc1ccc(Cl)cc1,CHEMBL1388665,1.0,CurationNote.canonical,
None,,nan,,CurationIssue.rdkit_failed
None,,nan,,CurationIssue.rdkit_failed
None,,nan,,CurationIssue.rdkit_failed
O=C(Cn1c(=O)n(Cc2ccco2)c(=O)c2c3c(sc21)CCCCC3)c1ccccc1,CHEMBL1579818,0.0,CurationNote.canonical,
O=c1oc2cc(Oc3c([N+](=O)[O-])cc(C(F)(F)F)cc3[N+](=O)[O-])ccc2c2c1CCCC2,CHEMBL1324640,0.0,CurationNote.canonical,
None,,nan,,CurationIssue.rdkit_failed
None,,nan,,CurationIssue.rdkit_failed
None,,nan,,CurationIssue.rdkit_failed
None,,nan,,CurationIssue.rdkit_failed
Cc1cc(NC(=O)Nc2ccc(N(C)C)cc2)c2cc(F)cc(F)c2n1,CHEMBL1334465,0.0,CurationNote.canonical,
CC(=O)Nc1ccc(NC(=O)c2ccccc2CC[N+](=O)[O-])cc1,CHEMBL1459527,0.0,CurationNote.canonical,
COc1ccccc1CN1CCCC2(CCN(C(=O)c3csnn3)CC2)C1,CHEMBL1552607,1.0,CurationNote.canonical,
CC(Sc1nc(NCc2ccccc2)nc(N(C)C)n1)C(=O)Nc1ccccc1,CHEMBL1496418,0.0,CurationNote.canonical,CurationIssue.inorganic
CCN(CC)CCOC(=O)C1(c2ccc([N+](=O)[O-])cc2)CCCC1,CHEMBL1192187,1.0,CurationNote.canonical,CurationIssue.duplicate
N[C@H](Cc1onc(O)c1Cl)C(=O)O,CHEMBL1371127,1.0,CurationNote.canonical,
CC(=O)NNC(=O)N1Cc2ccccc2Oc2ccc(Cl)cc21,CHEMBL112816,1.0,CurationNote.canonical,
Cc1ccc2c(c1)[C@@H]1CN(C)CC[C@@H]1N2S(=O)(=O)c1ccc(F)cc1.Cl,CHEMBL1502064,0.0,CurationNote.canonical,CurationIssue.mixture
None,,nan,,CurationIssue.rdkit_failed
None,,nan,,CurationIssue.rdkit_failed
None,,nan,,CurationIssue.rdkit_failed
c1ccc(CNc2cc(-c3cccnc3)ncn2)cc1,CHEMBL1435032,0.0,CurationNote.canonical,
COC(=O)[C@@]1(Cc2ccc(F)cc2)[C@H]2c3cc(C(=O)N(C)C)n(CCc4c[nH]c5ccc(OC)cc45)c3C[C@H]2CN1C(=O)c1ccccc1,CHEMBL1496576,1.0,CurationNote.canonical,
CN(C)c1ccc(/C=N/NC(=S)NCc2ccccc2)cc1,CHEMBL3197876,1.0,CurationNote.canonical,
CCc1cccc2nc3c(c([Si](CC)(CC)CC)c12)Cn1c-3cccc1=O,CHEMBL1397782,0.0,CurationNote.canonical,CurationIssue.inorganic
None,,nan,,CurationIssue.rdkit_failed
None,,nan,,CurationIssue.rdkit_failed
None,,nan,,CurationIssue.rdkit_failed
None,,nan,,CurationIssue.rdkit_failed
None,,nan,,CurationIssue.rdkit_failed
None,,nan,,CurationIssue.rdkit_failed
None,,nan,,CurationIssue.rdkit_failed
CC(C)(C)c1ccc(O)c(CN(Cc2cc(C(C)(C)C)ccc2O)c2ccccc2)c1,CHEMBL1515788,1.0,CurationNote.canonical,
CN1[C@@H](C[C@H](O)c2ccccc2)CCC[C@@H]1C[C@@H](O)c1ccccc1,CHEMBL1473116,1.0,CurationNote.canonical,
Cl.N#Cc1cccc(C(c2nnnn2C2CCCC2)N2CCCCCC2)c1,CHEMBL1481185,0.0,CurationNote.canonical,CurationIssue.mixture
None,,nan,,CurationIssue.rdkit_failed
None,,nan,,CurationIssue.rdkit_failed
None,,nan,,CurationIssue.rdkit_failed
None,BETAINE ALDEHYDE,nan,,CurationIssue.rdkit_failed
None,,nan,,CurationIssue.rdkit_failed
None,,nan,,CurationIssue.rdkit_failed
CC(=O)SC[C@@H](Cc1ccccc1)C(=O)NCC(=O)OCc1ccccc1,CHEMBL1516410,1.0,CurationNote.canonical,
Cc1nc(NC(=O)c2ccccc2)sc1-c1csc(Nc2cccc(F)c2)n1,CHEMBL1578011,1.0,CurationNote.canonical,
N#Cc1ccc(OC(=O)c2ccc(NC(=N)N)cc2)cc1.c1ccncc1,CHEMBL1408879,1.0,CurationNote.canonical,CurationIssue.mixture
O=C(C[n+]1cccc(NC(=O)c2ccccc2)c1)c1ccc(NC(=O)c2ccccc2)cc1.[Br-],CHEMBL1461759,0.0,CurationNote.canonical,CurationIssue.mixture
CC(C)(C)c1ccc(O)c(CN(Cc2cc(C(C)(C)C)ccc2O)C2CCCCC2)c1,CHEMBL1494099,1.0,CurationNote.canonical,
COc1ccc(Oc2ncc3ncc(=O)n(Cc4cccs4)c3n2)cc1,CHEMBL1356138,0.0,CurationNote.canonical,
None,,nan,,CurationIssue.rdkit_failed
None,,nan,,CurationIssue.rdkit_failed
None,,nan,,CurationIssue.rdkit_failed
None,,nan,,CurationIssue.rdkit_failed
None,,nan,,CurationIssue.rdkit_failed
None,,nan,,CurationIssue.rdkit_failed
None,,nan,,CurationIssue.rdkit_failed
None,,nan,,CurationIssue.rdkit_failed
None,,nan,,CurationIssue.rdkit_failed
None,,nan,,CurationIssue.rdkit_failed
None,,nan,,CurationIssue.rdkit_failed
None,,nan,,CurationIssue.rdkit_failed
None,,nan,,CurationIssue.rdkit_failed
None,,nan,,CurationIssue.rdkit_failed
None,,nan,,CurationIssue.rdkit_failed
None,,nan,,CurationIssue.rdkit_failed
None,,nan,,CurationIssue.rdkit_failed
None,,nan,,CurationIssue.rdkit_failed
None,,nan,,CurationIssue.rdkit_failed
None,,nan,,CurationIssue.rdkit_failed
None,,nan,,CurationIssue.rdkit_failed
None,,nan,,CurationIssue.rdkit_failed
None,,nan,,CurationIssue.rdkit_failed
None,SULFABENZAMIDE,nan,,CurationIssue.rdkit_failed
None,,nan,,CurationIssue.rdkit_failed
CCN1CC=C2C(C#N)=C(N)C(C#N)(C#N)[C@H](c3ccoc3)[C@H]2C1,CHEMBL1507494,0.0,CurationNote.canonical,
O=C(Nc1cccc(Cl)c1)N1CCN2C(=O)c3ccccc3C12c1ccccc1,CHEMBL1439063,1.0,CurationNote.canonical,
C[C@H](CC(C#N)(c1ccccc1)c1ccccc1)N1CCCCC1,CHEMBL1515774,1.0,CurationNote.canonical,
Brc1ccc2ncnc(Nc3cccc4ccccc34)c2c1,CHEMBL1491976,0.0,CurationNote.canonical,
Nc1nnc(SCCOc2cccc(Br)c2)s1,CHEMBL1393435,0.0,CurationNote.canonical,
C(=N/N(c1ccccc1)c1ccccc1)\c1ccc2c(c1)OCO2,CHEMBL3210945,1.0,CurationNote.canonical,
COCCNC(=O)[C@H](C)[C@H]1C[C@]1(C)[C@H](NC(=O)OCc1ccccc1)c1ccccc1,CHEMBL1319049,0.0,CurationNote.canonical,
None,,nan,,CurationIssue.rdkit_failed
None,,nan,,CurationIssue.rdkit_failed
None,,nan,,CurationIssue.rdkit_failed
None,,nan,,CurationIssue.rdkit_failed
None,GALLAMINE,nan,,CurationIssue.rdkit_failed
None,,nan,,CurationIssue.rdkit_failed
None,,nan,,CurationIssue.rdkit_failed
None,,nan,,CurationIssue.rdkit_failed
None,,nan,,CurationIssue.rdkit_failed
None,,nan,,CurationIssue.rdkit_failed
None,,nan,,CurationIssue.rdkit_failed
None,,nan,,CurationIssue.rdkit_failed
None,,nan,,CurationIssue.rdkit_failed
None,,nan,,CurationIssue.rdkit_failed
None,,nan,,CurationIssue.rdkit_failed
None,,nan,,CurationIssue.rdkit_failed
None,,nan,,CurationIssue.rdkit_failed
None,,nan,,CurationIssue.rdkit_failed
None,,nan,,CurationIssue.rdkit_failed
N=C(N)SCCc1c[nH]cn1,CHEMBL19439,1.0,CurationNote.canonical,
O=C(c1ccco1)N1CCC2(CCN(Cc3ccncc3)CC2)CC1,CHEMBL1611348,1.0,CurationNote.canonical,
None,BETA-CCM,nan,,CurationIssue.rdkit_failed
None,,nan,,CurationIssue.rdkit_failed
None,,nan,,CurationIssue.rdkit_failed
None,,nan,,CurationIssue.rdkit_failed
None,S-TOCAINIDE,nan,,CurationIssue.rdkit_failed
None,,nan,,CurationIssue.rdkit_failed
None,,nan,,CurationIssue.rdkit_failed
None,,nan,,CurationIssue.rdkit_failed
None,,nan,,CurationIssue.rdkit_failed
None,,nan,,CurationIssue.rdkit_failed
None,,nan,,CurationIssue.rdkit_failed
None,,nan,,CurationIssue.rdkit_failed
None,,nan,,CurationIssue.rdkit_failed
None,,nan,,CurationIssue.rdkit_failed
COc1ccc(N(Cc2c(C(F)(F)F)nn(C)c2Cl)S(=O)(=O)c2ccccc2)cc1,CHEMBL1366390,1.0,CurationNote.canonical,
COc1cccc(-c2ccc3ncnc(NCCNC(C)=O)c3c2)c1,CHEMBL1480350,0.0,CurationNote.canonical,
CC1(C)N=C(N)N=C(N)N1c1cccc(C(=O)Nc2ccc(S(=O)(=O)F)cc2)c1,CHEMBL316611,1.0,CurationNote.canonical,
C=CCOc1c2ccc(C(=O)NC3CCCc4ccccc43)cc2nn1C,CHEMBL1339570,0.0,CurationNote.canonical,
Cc1c(Cl)cccc1NC(=O)CN1CCC(C(O)(c2ccccc2)c2ccccc2)CC1,CHEMBL1579424,1.0,CurationNote.canonical,
None,,nan,,CurationIssue.rdkit_failed
None,DICLOFENAC SODIUM,nan,,CurationIssue.rdkit_failed
None,,nan,,CurationIssue.rdkit_failed
None,,nan,,CurationIssue.rdkit_failed
None,,nan,,CurationIssue.rdkit_failed
None,,nan,,CurationIssue.rdkit_failed
None,,nan,,CurationIssue.rdkit_failed
None,,nan,,CurationIssue.rdkit_failed
None,,nan,,CurationIssue.rdkit_failed
None,,nan,,CurationIssue.rdkit_failed
None,,nan,,CurationIssue.rdkit_failed
None,,nan,,CurationIssue.rdkit_failed
None,,nan,,CurationIssue.rdkit_failed
None,,nan,,CurationIssue.rdkit_failed
None,,nan,,CurationIssue.rdkit_failed
None,,nan,,CurationIssue.rdkit_failed
None,,nan,,CurationIssue.rdkit_failed
None,,nan,,CurationIssue.rdkit_failed
None,,nan,,CurationIssue.rdkit_failed
None,,nan,,CurationIssue.rdkit_failed
None,,nan,,CurationIssue.rdkit_failed
None,,nan,,CurationIssue.rdkit_failed
O=C(NCCN1CCN(Cc2ccccc2)CC1)C1c2ccccc2C(=O)N2CCc3ccccc3C12,CHEMBL1613481,0.0,CurationNote.canonical,
Cc1nn(C(=O)c2cccnc2)c(C)c1Sc1ccc(Br)cc1,CHEMBL1333637,0.0,CurationNote.canonical,CurationIssue.inorganic
C=CC[n+]1c(-c2ccc(C)cc2)csc1NNC(=O)Nc1ccccc1.[Br-],CHEMBL1379480,1.0,CurationNote.canonical,CurationIssue.mixture
CS(=O)(=O)Nc1cccc(-c2nccc(Nc3ccc(F)cc3)n2)c1,CHEMBL1531899,0.0,CurationNote.canonical,
CSc1ccc(NC(=O)NCCCN2CCN(c3ccccc3F)CC2)cc1,CHEMBL1306864,1.0,CurationNote.canonical,CurationIssue.inorganic
CN(Cc1ccco1)c1nc(-c2ccc3c(c2)OCO3)nc2ccccc12,CHEMBL1436925,1.0,CurationNote.canonical,
None,,nan,,CurationIssue.rdkit_failed
None,,nan,,CurationIssue.rdkit_failed
None,,nan,,CurationIssue.rdkit_failed
None,,nan,,CurationIssue.rdkit_failed
None,,nan,,CurationIssue.rdkit_failed
None,,nan,,CurationIssue.rdkit_failed
None,,nan,,CurationIssue.rdkit_failed
None,,nan,,CurationIssue.rdkit_failed
None,,nan,,CurationIssue.rdkit_failed
None,,nan,,CurationIssue.rdkit_failed
None,,nan,,CurationIssue.rdkit_failed
None,,nan,,CurationIssue.rdkit_failed
None,,nan,,CurationIssue.rdkit_failed
None,,nan,,CurationIssue.rdkit_failed
None,,nan,,CurationIssue.rdkit_failed
None,,nan,,CurationIssue.rdkit_failed
None,,nan,,CurationIssue.rdkit_failed
None,,nan,,CurationIssue.rdkit_failed
None,,nan,,CurationIssue.rdkit_failed
None,,nan,,CurationIssue.rdkit_failed
None,,nan,,CurationIssue.rdkit_failed
None,,nan,,CurationIssue.rdkit_failed
None,,nan,,CurationIssue.rdkit_failed
None,,nan,,CurationIssue.rdkit_failed
None,,nan,,CurationIssue.rdkit_failed
None,,nan,,CurationIssue.rdkit_failed
None,,nan,,CurationIssue.rdkit_failed
None,PROCODAZOLE,nan,,CurationIssue.rdkit_failed
None,,nan,,CurationIssue.rdkit_failed
None,,nan,,CurationIssue.rdkit_failed
None,,nan,,CurationIssue.rdkit_failed
None,,nan,,CurationIssue.rdkit_failed
None,,nan,,CurationIssue.rdkit_failed
None,,nan,,CurationIssue.rdkit_failed
None,,nan,,CurationIssue.rdkit_failed
CC(C)CNC(=O)CCCc1c[nH]c2ccccc12.O=C(O)C(=O)O,CHEMBL1493064,0.0,CurationNote.canonical,CurationIssue.mixture
O=C1NCC2(CCN(CCc3ccccc3)CC2)O1,CHEMBL576127,0.0,CurationNote.canonical,CurationIssue.disagreeing_duplicate
O=C(c1cccc(F)c1)N1CCC2(CCCN(C(c3ccccc3)c3ccccc3)C2)CC1,CHEMBL1514143,1.0,CurationNote.canonical,
CCc1ccccc1NC(=O)C(C)n1nc([N+](=O)[O-])c(Br)c1C,CHEMBL1423713,0.0,CurationNote.canonical,
COCC(=O)N1CCC2(CC1)CCN(c1ccc(-c3ccccc3)cc1)CC2,CHEMBL1552332,0.0,CurationNote.canonical,
COc1ccc(OC)c(S(=O)(=O)N2CCC(C(=O)NCCc3ccccc3)CC2)c1,CHEMBL1462299,1.0,CurationNote.canonical,
CCOc1c(Cl)cc(C(=O)Nc2ccccc2-c2ccccc2)cc1Cl,CHEMBL1536139,1.0,CurationNote.canonical,
CC1CCN(CCCNC(=O)c2nnc(O)c3ccccc23)CC1,CHEMBL1741489,0.0,CurationNote.canonical,
COc1ccc(C=O)cc1COc1ccc(C)cc1[N+](=O)[O-],CHEMBL1464306,0.0,CurationNote.canonical,
CCCN1CCC[C@H](c2cccc(C#N)c2)C1,CHEMBL1554230,0.0,CurationNote.canonical,
N=C(NCCCCCCNC(=N)NC(=N)Nc1ccc(Cl)cc1)NC(=N)Nc1ccc(Cl)cc1,CHEMBL790,1.0,CurationNote.canonical,
O=C(CSCc1ccc(Cl)cc1)Nc1ccc2c(c1)OCCO2,CHEMBL1409078,1.0,CurationNote.canonical,
Cc1ccc(S(=O)(=O)N[C@@H]2COC(=O)[C@H](C)NC(=O)C/C=C\[C@@H](C)[C@@H](NS(=O)(=O)c3ccc(C)cc3)COC(=O)C/C=C\[C@H]2C)cc1,CHEMBL1591189,1.0,CurationNote.canonical,
CN(CCCNC(=O)C1CCC(=O)N1Cc1ccccc1Cl)c1ccccc1,CHEMBL1490634,1.0,CurationNote.canonical,
Cc1c(C2CCN(CCc3ccccc3)CC2)noc1-c1ccc(Cl)cc1,CHEMBL444309,1.0,CurationNote.canonical,
Cc1c(/C=N/CCOCc2ccccc2)cnn1C,CHEMBL3211591,0.0,CurationNote.canonical,
CCOC(=O)c1[nH]c(C(=O)O)c(CCN(CC)CC)c1C,CHEMBL1735211,1.0,CurationNote.canonical,
O=C1CC(c2cccs2)c2cc3c(cc2N1)OCO3,CHEMBL1362959,1.0,CurationNote.canonical,
O=C(NC12CC3CC(CC(C3)C1)C2)c1ccc(COc2ccc(Cl)cc2[N+](=O)[O-])o1,CHEMBL1340893,0.0,CurationNote.canonical,
CNc1ncnc2ccc(-c3ccccc3CN(C)C)cc12,CHEMBL1515540,1.0,CurationNote.canonical,
COc1ccc(C(=O)Nc2ccc(Cl)cn2)cc1Cl,CHEMBL1597569,1.0,CurationNote.canonical,
None,,nan,,CurationIssue.rdkit_failed
None,,nan,,CurationIssue.rdkit_failed
None,,nan,,CurationIssue.rdkit_failed
None,,nan,,CurationIssue.rdkit_failed
None,HISTAMINE,nan,,CurationIssue.rdkit_failed
None,,nan,,CurationIssue.rdkit_failed
None,,nan,,CurationIssue.rdkit_failed
None,,nan,,CurationIssue.rdkit_failed
None,,nan,,CurationIssue.rdkit_failed
None,,nan,,CurationIssue.rdkit_failed
None,,nan,,CurationIssue.rdkit_failed
None,,nan,,CurationIssue.rdkit_failed
None,,nan,,CurationIssue.rdkit_failed
None,SULMAZOLE,nan,,CurationIssue.rdkit_failed
None,,nan,,CurationIssue.rdkit_failed
None,,nan,,CurationIssue.rdkit_failed
None,,nan,,CurationIssue.rdkit_failed
None,,nan,,CurationIssue.rdkit_failed
None,,nan,,CurationIssue.rdkit_failed
None,,nan,,CurationIssue.rdkit_failed
None,,nan,,CurationIssue.rdkit_failed
None,,nan,,CurationIssue.rdkit_failed
None,,nan,,CurationIssue.rdkit_failed
None,,nan,,CurationIssue.rdkit_failed
None,,nan,,CurationIssue.rdkit_failed
None,,nan,,CurationIssue.rdkit_failed
None,INDIRUBIN-3-MONOXIME,nan,,CurationIssue.rdkit_failed
None,,nan,,CurationIssue.rdkit_failed
None,,nan,,CurationIssue.rdkit_failed
None,,nan,,CurationIssue.rdkit_failed
None,ETIFENIN,nan,,CurationIssue.rdkit_failed
None,,nan,,CurationIssue.rdkit_failed
None,,nan,,CurationIssue.rdkit_failed
None,,nan,,CurationIssue.rdkit_failed
None,,nan,,CurationIssue.rdkit_failed
None,,nan,,CurationIssue.rdkit_failed
None,,nan,,CurationIssue.rdkit_failed
None,,nan,,CurationIssue.rdkit_failed
None,,nan,,CurationIssue.rdkit_failed
None,,nan,,CurationIssue.rdkit_failed
None,,nan,,CurationIssue.rdkit_failed
None,,nan,,CurationIssue.rdkit_failed
None,,nan,,CurationIssue.rdkit_failed
None,,nan,,CurationIssue.rdkit_failed
None,,nan,,CurationIssue.rdkit_failed
None,,nan,,CurationIssue.rdkit_failed
None,,nan,,CurationIssue.rdkit_failed
None,,nan,,CurationIssue.rdkit_failed
None,,nan,,CurationIssue.rdkit_failed
None,(S)-MIDODRINE,nan,,CurationIssue.rdkit_failed
None,,nan,,CurationIssue.rdkit_failed
None,,nan,,CurationIssue.rdkit_failed
None,,nan,,CurationIssue.rdkit_failed
None,,nan,,CurationIssue.rdkit_failed
None,,nan,,CurationIssue.rdkit_failed
None,,nan,,CurationIssue.rdkit_failed
None,,nan,,CurationIssue.rdkit_failed
None,,nan,,CurationIssue.rdkit_failed
None,ACETOHEXAMIDE,nan,,CurationIssue.rdkit_failed
None,,nan,,CurationIssue.rdkit_failed
None,,nan,,CurationIssue.rdkit_failed
None,,nan,,CurationIssue.rdkit_failed
None,,nan,,CurationIssue.rdkit_failed
None,,nan,,CurationIssue.rdkit_failed
None,,nan,,CurationIssue.rdkit_failed
None,,nan,,CurationIssue.rdkit_failed
None,,nan,,CurationIssue.rdkit_failed
None,,nan,,CurationIssue.rdkit_failed
None,,nan,,CurationIssue.rdkit_failed
None,,nan,,CurationIssue.rdkit_failed
None,,nan,,CurationIssue.rdkit_failed
None,,nan,,CurationIssue.rdkit_failed
None,,nan,,CurationIssue.rdkit_failed
None,,nan,,CurationIssue.rdkit_failed
None,,nan,,CurationIssue.rdkit_failed
None,,nan,,CurationIssue.rdkit_failed
CCOC(=O)Nc1ccc(C(=O)Oc2ccccc2)c(O)c1,CHEMBL1536129,0.0,CurationNote.canonical,
Cc1cc2c(C(C)C)c(O)c(O)c(C=O)c2c(O)c1-c1c(C)cc2c(C(C)C)c(O)c(O)c(C=O)c2c1O,CHEMBL51483,0.0,CurationNote.canonical,
CCN=c1ccc(Br)cc(C(=O)/C=C/c2ccc3c(c2)OCO3)c1O,CHEMBL1340514,1.0,CurationNote.canonical,
Cl/C(=N\c1cccc2ccccc12)N(c1ccccc1)c1ccccc1,CHEMBL1327793,1.0,CurationNote.canonical,
CC(=O)NCCNc1nc(-c2ccccc2Cl)nc2ccccc12,CHEMBL1473405,0.0,CurationNote.canonical,
Cn1cc([N+](=O)[O-])c(C(=O)Nc2cc(Oc3cccnc3)cc([N+](=O)[O-])c2)n1,CHEMBL1480192,0.0,CurationNote.canonical,
O=C(c1csnn1)N1CCC2(CC1)CN(Cc1ccncc1)C2,CHEMBL1590968,1.0,CurationNote.canonical,
None,,nan,,CurationIssue.rdkit_failed
None,,nan,,CurationIssue.rdkit_failed
None,,nan,,CurationIssue.rdkit_failed
None,,nan,,CurationIssue.rdkit_failed
None,,nan,,CurationIssue.rdkit_failed
None,,nan,,CurationIssue.rdkit_failed
None,,nan,,CurationIssue.rdkit_failed
None,,nan,,CurationIssue.rdkit_failed
None,,nan,,CurationIssue.rdkit_failed
None,,nan,,CurationIssue.rdkit_failed
None,,nan,,CurationIssue.rdkit_failed
None,,nan,,CurationIssue.rdkit_failed
None,,nan,,CurationIssue.rdkit_failed
None,GW7647,nan,,CurationIssue.rdkit_failed
None,PROCARBAZINE,nan,,CurationIssue.rdkit_failed
None,DEXTROFLOXACINE,nan,,CurationIssue.rdkit_failed
COc1cccc(-c2cncnc2NCc2cccs2)c1,CHEMBL1366732,0.0,CurationNote.canonical,
CCOC(=O)/C(C#N)=C1/SC(CC)C(=O)N1c1ccc(Br)cc1,CHEMBL1425063,0.0,CurationNote.canonical,
Cc1ccc(C)c(C(=O)CN2C(=O)c3ccccc3S2(=O)=O)c1,CHEMBL1582432,1.0,CurationNote.canonical,
c1cc(CN2CCCCC2)cc(OCCCNc2nc3ccccc3s2)c1,CHEMBL419296,0.0,CurationNote.canonical,
Cn1c(SCC(=O)N2CCN(S(=O)(=O)c3ccccc3)CC2)nc2ccccc21,CHEMBL1530955,0.0,CurationNote.canonical,
None,,nan,,CurationIssue.rdkit_failed
Cc1ccc(S(=O)(=O)O[C@H]2CN3CCC2CC3)cc1,CHEMBL1448005,1.0,CurationNote.canonical,
None,,nan,,CurationIssue.rdkit_failed
None,,nan,,CurationIssue.rdkit_failed
COc1ccccc1CNc1ncncc1-c1ccccc1C,CHEMBL1601163,1.0,CurationNote.canonical,
None,,nan,,CurationIssue.rdkit_failed
None,,nan,,CurationIssue.rdkit_failed
CC(C)(CNC(=O)c1ccc([N+](=O)[O-])c(Cl)c1)CNC(=O)c1ccc([N+](=O)[O-])c(Cl)c1,CHEMBL1541518,1.0,CurationNote.canonical,
None,,nan,,CurationIssue.rdkit_failed
None,,nan,,CurationIssue.rdkit_failed
None,,nan,,CurationIssue.rdkit_failed
None,,nan,,CurationIssue.rdkit_failed
None,,nan,,CurationIssue.rdkit_failed
None,,nan,,CurationIssue.rdkit_failed
None,,nan,,CurationIssue.rdkit_failed
None,,nan,,CurationIssue.rdkit_failed
None,,nan,,CurationIssue.rdkit_failed
None,,nan,,CurationIssue.rdkit_failed
None,,nan,,CurationIssue.rdkit_failed
None,,nan,,CurationIssue.rdkit_failed
None,,nan,,CurationIssue.rdkit_failed
None,,nan,,CurationIssue.rdkit_failed
None,,nan,,CurationIssue.rdkit_failed
None,,nan,,CurationIssue.rdkit_failed
CC(C)NC1(C(N)=O)CCN(Cc2ccccc2)CC1,CHEMBL1325282,1.0,CurationNote.canonical,
CCCCNc1c(CN)cnc2cc(Cl)ccc12,CHEMBL187216,1.0,CurationNote.canonical,
COc1ccc2[nH]cc(CCNc3ccnc(-c4cccnc4)n3)c2c1,CHEMBL1404451,1.0,CurationNote.canonical,
C/N=C1\N[C@H](c2ccccc2)N(c2ccccc2)S1,CHEMBL1357674,0.0,CurationNote.canonical,
Nc1nc(N)c(-c2cccc(C(F)(F)F)c2)c(Cc2cccc(C(F)(F)F)c2)n1,CHEMBL1408604,1.0,CurationNote.canonical,
None,,nan,,CurationIssue.rdkit_failed
None,,nan,,CurationIssue.rdkit_failed
None,,nan,,CurationIssue.rdkit_failed
None,,nan,,CurationIssue.rdkit_failed
None,,nan,,CurationIssue.rdkit_failed
C#CCOC(=O)C1=CCCN(C)C1,CHEMBL128365,0.0,CurationNote.canonical,
None,,nan,,CurationIssue.rdkit_failed
None,,nan,,CurationIssue.rdkit_failed
None,,nan,,CurationIssue.rdkit_failed
None,,nan,,CurationIssue.rdkit_failed
None,,nan,,CurationIssue.rdkit_failed
None,,nan,,CurationIssue.rdkit_failed
None,,nan,,CurationIssue.rdkit_failed
None,,nan,,CurationIssue.rdkit_failed
None,,nan,,CurationIssue.rdkit_failed
None,,nan,,CurationIssue.rdkit_failed
None,,nan,,CurationIssue.rdkit_failed
None,,nan,,CurationIssue.rdkit_failed
None,,nan,,CurationIssue.rdkit_failed
None,,nan,,CurationIssue.rdkit_failed
None,,nan,,CurationIssue.rdkit_failed
None,,nan,,CurationIssue.rdkit_failed
None,,nan,,CurationIssue.rdkit_failed
None,,nan,,CurationIssue.rdkit_failed
C[C@H](NC[C@H](O)CP(=O)(O)Cc1ccccc1)c1ccc(Cl)c(Cl)c1,CHEMBL455185,1.0,CurationNote.canonical,
Cc1ccccc1-c1nc(C[S+]([O-])CC(=O)NCCN2CCN(Cc3ccccc3)CC2)c(C)o1,CHEMBL1524127,0.0,CurationNote.canonical,
None,,nan,,CurationIssue.rdkit_failed
None,,nan,,CurationIssue.rdkit_failed
None,,nan,,CurationIssue.rdkit_failed
None,,nan,,CurationIssue.rdkit_failed
None,,nan,,CurationIssue.rdkit_failed
None,,nan,,CurationIssue.rdkit_failed
None,,nan,,CurationIssue.rdkit_failed
None,,nan,,CurationIssue.rdkit_failed
None,,nan,,CurationIssue.rdkit_failed
None,,nan,,CurationIssue.rdkit_failed
None,,nan,,CurationIssue.rdkit_failed
None,,nan,,CurationIssue.rdkit_failed
None,,nan,,CurationIssue.rdkit_failed
None,,nan,,CurationIssue.rdkit_failed
None,,nan,,CurationIssue.rdkit_failed
None,,nan,,CurationIssue.rdkit_failed
None,,nan,,CurationIssue.rdkit_failed
None,GERANIOL,nan,,CurationIssue.rdkit_failed
None,,nan,,CurationIssue.rdkit_failed
None,,nan,,CurationIssue.rdkit_failed
None,,nan,,CurationIssue.rdkit_failed
None,,nan,,CurationIssue.rdkit_failed
None,,nan,,CurationIssue.rdkit_failed
None,,nan,,CurationIssue.rdkit_failed
None,,nan,,CurationIssue.rdkit_failed
None,,nan,,CurationIssue.rdkit_failed
None,,nan,,CurationIssue.rdkit_failed
CN(C)CCC[C@@]1(c2ccc(F)cc2)OCc2cc(C#N)ccc21,CHEMBL1508,0.0,CurationNote.canonical,CurationIssue.disagreeing_duplicate
None,,nan,,CurationIssue.rdkit_failed
CC(=O)c1cccc(NC(=O)Cc2ccc3c(c2)CCCC3)c1,CHEMBL1448354,1.0,CurationNote.canonical,
CN(C)c1ccc(/N=N\c2cccc3ccoc23)cc1,CHEMBL1410407,1.0,CurationNote.canonical,
Cc1noc(C)c1-c1ccc2ncnc(NCc3ccccc3)c2c1,CHEMBL1450716,0.0,CurationNote.canonical,
Cc1cc2ccccn2c1C(=O)c1ccc(Cl)cc1,CHEMBL1309244,0.0,CurationNote.canonical,
CCOc1ccccc1/C=N/NC(=O)Cc1csc(Nc2cccc(C(F)(F)F)c2)n1,CHEMBL3212789,0.0,CurationNote.canonical,
None,,nan,,CurationIssue.rdkit_failed
None,,nan,,CurationIssue.rdkit_failed
None,RILUZOLE,nan,,CurationIssue.rdkit_failed
None,,nan,,CurationIssue.rdkit_failed
None,,nan,,CurationIssue.rdkit_failed
None,,nan,,CurationIssue.rdkit_failed
None,,nan,,CurationIssue.rdkit_failed
None,,nan,,CurationIssue.rdkit_failed
None,,nan,,CurationIssue.rdkit_failed
None,CANAVANINE,nan,,CurationIssue.rdkit_failed
None,,nan,,CurationIssue.rdkit_failed
None,,nan,,CurationIssue.rdkit_failed
None,,nan,,CurationIssue.rdkit_failed
None,,nan,,CurationIssue.rdkit_failed
None,,nan,,CurationIssue.rdkit_failed
Cc1ccc2[nH]c(CSc3nc(C)cc(C)c3C#N)nc2c1,CHEMBL1501374,0.0,CurationNote.canonical,CurationIssue.inorganic
None,,nan,,CurationIssue.rdkit_failed
None,,nan,,CurationIssue.rdkit_failed
None,,nan,,CurationIssue.rdkit_failed
None,,nan,,CurationIssue.rdkit_failed
CCOC(=O)C(/C=N/c1ncccc1C)=C(/O)OCC,CHEMBL3197350,1.0,CurationNote.canonical,
None,,nan,,CurationIssue.rdkit_failed
None,,nan,,CurationIssue.rdkit_failed
None,,nan,,CurationIssue.rdkit_failed
None,,nan,,CurationIssue.rdkit_failed
O=C(CSc1nccn1-c1ccccc1)c1ccc(Cl)cc1,CHEMBL1493838,1.0,CurationNote.canonical,CurationIssue.inorganic
CCO[C@H]1O[C@@H]([C@H](COCc2ccccc2)OCc2ccccc2)[C@@H](OCc2ccccc2)[C@H]1O,CHEMBL1446743,0.0,CurationNote.canonical,
COc1ccc(NC(=O)CCOc2ccccc2)cc1,CHEMBL1328688,0.0,CurationNote.canonical,
Cc1ccc(-n2c(C)cc(C(=S)N3CCOCC3)c2C)cc1C,CHEMBL1603445,0.0,CurationNote.canonical,
CC(=O)[O-].CCN(CC)CC[n+]1ccc2c(C)c3[nH]c4ccccc4c3c(C)c2c1,CHEMBL1789988,1.0,CurationNote.canonical,CurationIssue.mixture
O=S(=O)(c1ccccc1)N1CCC2(CCCN(c3ccccn3)C2)CC1,CHEMBL1591460,0.0,CurationNote.canonical,
O=C1NCC2=C1C(c1ccc(Br)cc1)Nc1ccccc1N2,CHEMBL1380712,1.0,CurationNote.canonical,
None,,nan,,CurationIssue.rdkit_failed
None,,nan,,CurationIssue.rdkit_failed
c1cncc(CNc2ncnc3ccc(-c4cccnc4)cc23)c1,CHEMBL1355644,1.0,CurationNote.canonical,
CC(C)CN(C)c1nc(N)c(C(=O)N=C(N)N)nc1Cl,CHEMBL1256180,0.0,CurationNote.canonical,
None,,nan,,CurationIssue.rdkit_failed
None,,nan,,CurationIssue.rdkit_failed
None,,nan,,CurationIssue.rdkit_failed
None,,nan,,CurationIssue.rdkit_failed
None,,nan,,CurationIssue.rdkit_failed
None,,nan,,CurationIssue.rdkit_failed
None,,nan,,CurationIssue.rdkit_failed
None,,nan,,CurationIssue.rdkit_failed
None,,nan,,CurationIssue.rdkit_failed
None,,nan,,CurationIssue.rdkit_failed
None,,nan,,CurationIssue.rdkit_failed
None,,nan,,CurationIssue.rdkit_failed
None,,nan,,CurationIssue.rdkit_failed
None,,nan,,CurationIssue.rdkit_failed
None,,nan,,CurationIssue.rdkit_failed
None,,nan,,CurationIssue.rdkit_failed
None,,nan,,CurationIssue.rdkit_failed
None,,nan,,CurationIssue.rdkit_failed
None,,nan,,CurationIssue.rdkit_failed
None,,nan,,CurationIssue.rdkit_failed
None,,nan,,CurationIssue.rdkit_failed
None,,nan,,CurationIssue.rdkit_failed
None,,nan,,CurationIssue.rdkit_failed
None,,nan,,CurationIssue.rdkit_failed
None,,nan,,CurationIssue.rdkit_failed
None,,nan,,CurationIssue.rdkit_failed
None,,nan,,CurationIssue.rdkit_failed
None,PIMOZIDE,nan,,CurationIssue.rdkit_failed
COc1ccc([C@@H]2CC(=O)c3c(O)cc(O)cc3O2)cc1O,CHEMBL399121,1.0,CurationNote.canonical,
FC(F)(F)c1ccccc1-c1cncnc1Nc1ccccc1,CHEMBL1440943,0.0,CurationNote.canonical,
Cc1ccc(C(=O)c2c[nH]nc2-c2cc(Cl)ccc2O)cc1,CHEMBL1337991,0.0,CurationNote.canonical,
Cc1cnc(CNc2ccnc(-c3cccnc3)n2)cn1,CHEMBL1477982,0.0,CurationNote.canonical,
COc1ccc(NC2=NCC(=O)N2Cc2cccs2)cc1.Cl,CHEMBL1480840,0.0,CurationNote.canonical,CurationIssue.mixture
c1ccc(-c2nnc(SCc3nc4ccccc4[nH]3)n2Cc2ccco2)cc1,CHEMBL1445233,1.0,CurationNote.canonical,
CC(C)(C)c1ccc([C@@H](O)CCCN2CCC(C(O)(c3ccccc3)c3ccccc3)CC2)cc1,CHEMBL432527,1.0,CurationNote.canonical,
O=C(CNC(=O)c1cccs1)NCC(=O)OCc1ccc(Cl)cc1,CHEMBL1732963,0.0,CurationNote.canonical,
C=C1C(=O)C=C2CN(C(=O)c3ccccc3)[C@@](Cc3ccc(F)cc3)(C(=O)OC)[C@@H]12,CHEMBL1569585,0.0,CurationNote.canonical,
CCCN(CCC)CCc1c[nH]c2ccc(C(N)=O)cc12,CHEMBL1332062,0.0,CurationNote.canonical,
O=C(NCCc1cccs1)C1CC(c2c(Cl)cccc2Cl)=NO1,CHEMBL1543887,1.0,CurationNote.canonical,
None,,nan,,CurationIssue.rdkit_failed
None,,nan,,CurationIssue.rdkit_failed
None,,nan,,CurationIssue.rdkit_failed
None,,nan,,CurationIssue.rdkit_failed
None,,nan,,CurationIssue.rdkit_failed
None,,nan,,CurationIssue.rdkit_failed
S[C@@H]1CCCN(Cc2ccccc2)C1,CHEMBL1318066,1.0,CurationNote.canonical,
None,,nan,,CurationIssue.rdkit_failed
Cc1nc(NC(=O)c2ccccc2)sc1-c1csc(Nc2cccc(Cl)c2)n1,CHEMBL1463543,1.0,CurationNote.canonical,
None,,nan,,CurationIssue.rdkit_failed
None,,nan,,CurationIssue.rdkit_failed
None,,nan,,CurationIssue.rdkit_failed
None,,nan,,CurationIssue.rdkit_failed
None,,nan,,CurationIssue.rdkit_failed
Oc1cc2c(c(Cl)c1O)CCNC[C@H]2c1ccccc1,CHEMBL1317463,1.0,CurationNote.canonical,CurationIssue.duplicate
CC(C)c1nc2ccccn2c1NC1CCCCC1,CHEMBL1550866,1.0,CurationNote.canonical,
CN(C(=O)CN(CCO)CC(=O)N(C)C(C)(C)Cc1ccccc1)C(C)(C)Cc1ccccc1,CHEMBL127592,1.0,CurationNote.canonical,
O=c1cc(-c2ccc(O)cc2)oc2cc(O)cc(O)c12,CHEMBL28,0.0,CurationNote.canonical,
COc1ccc(CNn2c(C)nc3ccccc3c2=O)cc1,CHEMBL1510151,0.0,CurationNote.canonical,
O=C(CSc1nnnn1-c1ccccc1)NCc1cccs1,CHEMBL1427548,1.0,CurationNote.canonical,CurationIssue.inorganic
COc1ccc(CNc2cc(-c3cccc(C#N)c3)ncn2)c(OC)c1,CHEMBL1447663,0.0,CurationNote.canonical,
O=c1c(CCc2ccccc2)nc2cncnc2n1C1CC1,CHEMBL1592760,0.0,CurationNote.canonical,
O=C(CC(=O)c1ccncc1)c1ccccc1,CHEMBL1443628,1.0,CurationNote.canonical,
CC(C)(C)C1CCC(OCC(O)CN2CCN(c3ccccc3)CC2)CC1.Cl,CHEMBL1304686,1.0,CurationNote.canonical,CurationIssue.mixture
C=CCNC(=O)/C(=C\c1ccc2c(c1)OCO2)NC(=O)c1ccc(Br)cc1,CHEMBL1309131,0.0,CurationNote.canonical,
None,,nan,,CurationIssue.rdkit_failed
None,,nan,,CurationIssue.rdkit_failed
None,,nan,,CurationIssue.rdkit_failed
None,,nan,,CurationIssue.rdkit_failed
None,,nan,,CurationIssue.rdkit_failed
CS(=O)(=O)Nc1cccc(-c2nc(N3CCNCC3)c3ccccc3n2)c1,CHEMBL1322686,1.0,CurationNote.canonical,
CC(=O)NCCNc1nc(-c2ccccc2C)nc2ccccc12,CHEMBL1515366,1.0,CurationNote.canonical,
CCN(CC)c1ccc(/C=C/c2nc3ccccc3s2)cc1,CHEMBL1561718,0.0,CurationNote.canonical,
Cc1ccc(-n2c(O)cnc2Nc2nc(C)cc(C)n2)cc1,CHEMBL1557279,0.0,CurationNote.canonical,
CCC(CC)C(=O)NCc1ccc2c(c1)cc(C)n2C,CHEMBL1609519,0.0,CurationNote.canonical,
COC(=O)C1(Cc2ccccc2)C=C2C(=C(C)C(=O)C2C)CN1,CHEMBL1436992,0.0,CurationNote.canonical,
CC(C)(C=O)Cc1cc(C(C)(C)C)c(O)c(C(C)(C)C)c1,CHEMBL1256746,0.0,CurationNote.canonical,
COc1cccc(-c2nccc(NCc3cccs3)n2)c1,CHEMBL1436355,1.0,CurationNote.canonical,
COC1=C(OC)C(=O)c2ccccc2C1=O,CHEMBL402468,0.0,CurationNote.canonical,
None,,nan,,CurationIssue.rdkit_failed
None,,nan,,CurationIssue.rdkit_failed
None,,nan,,CurationIssue.rdkit_failed
None,,nan,,CurationIssue.rdkit_failed
None,,nan,,CurationIssue.rdkit_failed
None,,nan,,CurationIssue.rdkit_failed
None,,nan,,CurationIssue.rdkit_failed
None,,nan,,CurationIssue.rdkit_failed
None,,nan,,CurationIssue.rdkit_failed
COc1cc2c(CCNC(C)=O)c[nH]c2cc1O,CHEMBL127421,0.0,CurationNote.canonical,
O=C(NNC(=O)c1ccccc1O)c1ccc(Cl)cc1,CHEMBL1332887,1.0,CurationNote.canonical,
None,,nan,,CurationIssue.rdkit_failed
None,,nan,,CurationIssue.rdkit_failed
None,,nan,,CurationIssue.rdkit_failed
None,,nan,,CurationIssue.rdkit_failed
None,,nan,,CurationIssue.rdkit_failed
CC(C)N1CCN(c2ccncc2S(=O)(=O)N2CCCCC2)CC1,CHEMBL1364372,1.0,CurationNote.canonical,
None,TYRAMINE,nan,,CurationIssue.rdkit_failed
None,,nan,,CurationIssue.rdkit_failed
None,,nan,,CurationIssue.rdkit_failed
None,,nan,,CurationIssue.rdkit_failed
None,,nan,,CurationIssue.rdkit_failed
None,,nan,,CurationIssue.rdkit_failed
None,,nan,,CurationIssue.rdkit_failed
None,,nan,,CurationIssue.rdkit_failed
O=C(Nc1nc2ccccc2s1)C1COc2ccccc2O1,CHEMBL1352528,0.0,CurationNote.canonical,
None,,nan,,CurationIssue.rdkit_failed
None,,nan,,CurationIssue.rdkit_failed
None,,nan,,CurationIssue.rdkit_failed
None,,nan,,CurationIssue.rdkit_failed
None,,nan,,CurationIssue.rdkit_failed
None,CYCLOSERINE,nan,,CurationIssue.rdkit_failed
None,,nan,,CurationIssue.rdkit_failed
None,,nan,,CurationIssue.rdkit_failed
None,,nan,,CurationIssue.rdkit_failed
None,,nan,,CurationIssue.rdkit_failed
None,,nan,,CurationIssue.rdkit_failed
None,,nan,,CurationIssue.rdkit_failed
None,,nan,,CurationIssue.rdkit_failed
None,DEXFOSFOSERINE,nan,,CurationIssue.rdkit_failed
None,,nan,,CurationIssue.rdkit_failed
None,,nan,,CurationIssue.rdkit_failed
None,,nan,,CurationIssue.rdkit_failed
None,ACETAZOLAMIDE,nan,,CurationIssue.rdkit_failed
None,,nan,,CurationIssue.rdkit_failed
None,,nan,,CurationIssue.rdkit_failed
None,,nan,,CurationIssue.rdkit_failed
None,,nan,,CurationIssue.rdkit_failed
None,,nan,,CurationIssue.rdkit_failed
None,,nan,,CurationIssue.rdkit_failed
None,,nan,,CurationIssue.rdkit_failed
None,,nan,,CurationIssue.rdkit_failed
None,,nan,,CurationIssue.rdkit_failed
None,,nan,,CurationIssue.rdkit_failed
None,,nan,,CurationIssue.rdkit_failed
None,,nan,,CurationIssue.rdkit_failed
None,,nan,,CurationIssue.rdkit_failed
None,,nan,,CurationIssue.rdkit_failed
None,,nan,,CurationIssue.rdkit_failed
None,,nan,,CurationIssue.rdkit_failed
None,,nan,,CurationIssue.rdkit_failed
None,,nan,,CurationIssue.rdkit_failed
None,,nan,,CurationIssue.rdkit_failed
CC(=O)Nc1c(NCC(C)C)c2ccccc2oc1=O,CHEMBL3208526,1.0,CurationNote.canonical,
CNC(=O)C(=O)NCCc1ccc(Cl)cc1,CHEMBL1505836,0.0,CurationNote.canonical,
CCCCOc1cc(C(=O)NCCN(CC)CC)c2ccccc2n1,CHEMBL1086,1.0,CurationNote.canonical,
None,,nan,,CurationIssue.rdkit_failed
CC1=C/C(=C(/c2ccc(O)c(C)c2)c2ccccc2C(=O)O)C=CC1=O,CHEMBL1437054,1.0,CurationNote.canonical,
O[C@@H]1CCCC[C@H]1N1CCC(c2ccccc2)CC1,CHEMBL20730,1.0,CurationNote.canonical,
None,,nan,,CurationIssue.rdkit_failed
None,,nan,,CurationIssue.rdkit_failed
None,,nan,,CurationIssue.rdkit_failed
None,,nan,,CurationIssue.rdkit_failed
None,,nan,,CurationIssue.rdkit_failed
None,,nan,,CurationIssue.rdkit_failed
None,,nan,,CurationIssue.rdkit_failed
None,,nan,,CurationIssue.rdkit_failed
None,,nan,,CurationIssue.rdkit_failed
None,,nan,,CurationIssue.rdkit_failed
None,,nan,,CurationIssue.rdkit_failed
C[C@@H](CN(C)C)CN1c2ccccc2CCc2ccccc21,CHEMBL1435477,0.0,CurationNote.canonical,CurationIssue.duplicate
COc1ccc(-c2ccc3c(n2)CCCN3C[C@H](O)CN2CCCc3nc(C)c(C)cc32)cc1,CHEMBL1571995,1.0,CurationNote.canonical,
None,,nan,,CurationIssue.rdkit_failed
None,,nan,,CurationIssue.rdkit_failed
None,,nan,,CurationIssue.rdkit_failed
O=C(Nc1ccccc1)N[C@H]1C[C@H](C(=O)O)Nc2cc(Cl)cc(Cl)c21,CHEMBL287327,0.0,CurationNote.canonical,
Cc1ccc(SCc2ccc(C(=O)Nc3cc([N+](=O)[O-])ccc3C)cc2)cc1,CHEMBL1544918,1.0,CurationNote.canonical,
COC(=O)N1CCC[C@@]2(CCN(C(c3ccccc3)c3ccccc3)C2)C1,CHEMBL1358583,1.0,CurationNote.canonical,
CN(C)S(=O)(=O)Oc1ccsc1C(=O)Nc1ccc(Cl)cc1,CHEMBL1387681,0.0,CurationNote.canonical,
COCC(C)NCc1cccc([N+](=O)[O-])c1.O=C(O)C(=O)O,CHEMBL1581951,0.0,CurationNote.canonical,CurationIssue.mixture
CC1CC(C)CN(C(=O)CNS(=O)(=O)c2ccc(Br)s2)C1,CHEMBL1542467,1.0,CurationNote.canonical,
COc1ccc(O[C@H]2C=C[C@@H](c3ccccc3)O[C@H]2COC(=O)CC/C(C)=N\O[C@@H](C)CN2CCCCc3nc(C)c(C)cc32)cc1,CHEMBL1595729,1.0,CurationNote.canonical,
CCCN(CCC)CCCNC(=O)c1ccc2c(c1)N(CC)C(=O)c1ccccc1[S+]2[O-],CHEMBL1329194,0.0,CurationNote.canonical,
COc1ccccc1/C=C/C(=O)c1ccc(Cl)cc1,CHEMBL1400132,0.0,CurationNote.canonical,
COc1cc2c(cc1O)C[C@@H]1c3c(cc(O)c(OC)c3-2)CCN1C,CHEMBL1437753,1.0,CurationNote.canonical,
COc1ccccc1CNc1ccnc(-c2ccc(C(=O)N(C)C)cc2)n1,CHEMBL1472753,0.0,CurationNote.canonical,
COc1ccc(OC)c2nc(O)c(CCNS(=O)(=O)c3ccc(Cl)cc3)cc12,CHEMBL1362669,0.0,CurationNote.canonical,
CS(=O)(=O)N1CCC[C@@]2(CCN(C(c3ccccc3)c3ccccc3)C2)C1,CHEMBL1435079,1.0,CurationNote.canonical,
CCSc1nnc(NC(=O)CSc2nc3c(cc2C#N)CCCC3)s1,CHEMBL1370244,1.0,CurationNote.canonical,CurationIssue.inorganic
Cc1cc(C)cc(N(CC(=O)NCCSc2ccccn2)S(=O)(=O)c2ccccc2)c1,CHEMBL1426826,0.0,CurationNote.canonical,CurationIssue.inorganic
Cl.N=c1sccn1CC(=O)Nc1cccc(Oc2ccccc2)c1,CHEMBL1607646,1.0,CurationNote.canonical,CurationIssue.mixture
None,,nan,,CurationIssue.rdkit_failed
None,,nan,,CurationIssue.rdkit_failed
COc1c(Cl)cc(Cl)cc1CNCCNCC(C)O.Cl,CHEMBL1542458,1.0,CurationNote.canonical,CurationIssue.mixture
CC(C)Oc1ccc(N2CC(C(=O)OCC(=O)NCc3ccccc3)CC2=O)cc1,CHEMBL1562101,0.0,CurationNote.canonical,
None,AGMATINE,nan,,CurationIssue.rdkit_failed
None,,nan,,CurationIssue.rdkit_failed
None,,nan,,CurationIssue.rdkit_failed
None,,nan,,CurationIssue.rdkit_failed
None,,nan,,CurationIssue.rdkit_failed
None,,nan,,CurationIssue.rdkit_failed
CN(C)c1ncnc2ccc(-c3cccnc3)cc12,CHEMBL1475487,0.0,CurationNote.canonical,
COc1cccc(C2NC(c3cccc(OC)c3O)C(C)C(=O)C2C)c1O,CHEMBL1379350,1.0,CurationNote.canonical,
Cc1cc2c(nc1C)CCCN2C[C@H](O)CN1CCCc2nc(-c3ccc(Br)cc3)ccc21,CHEMBL1395634,1.0,CurationNote.canonical,
CSC1(SC2=NCCN2)SC2(NCCN2)S1,CHEMBL1335862,1.0,CurationNote.canonical,
CN1CCN(c2ncncc2-c2ccccc2Cl)CC1,CHEMBL1396561,0.0,CurationNote.canonical,
CS(=O)(=O)Nc1ccc([N+](=O)[O-])cc1OC1CCCCC1,CHEMBL7162,1.0,CurationNote.canonical,
COc1ccccc1CNc1nc(-c2ccc(C(=O)N(C)C)cc2)nc2ccccc12,CHEMBL1318045,0.0,CurationNote.canonical,
None,,nan,,CurationIssue.rdkit_failed
CNC(=O)Oc1ccc2c(c1)[C@@]1(C)CCN(C)[C@@H]1N2C,CHEMBL1243269,1.0,CurationNote.canonical,CurationIssue.duplicate
Clc1ccc2[nH]cc(-c3nnnn3-c3ccccc3)c2c1,CHEMBL1399844,0.0,CurationNote.canonical,
CN1CCc2cccc(Cl)c2CC1,CHEMBL123349,0.0,CurationNote.canonical,
FC(F)(F)c1nc2nc(Cl)c(Cl)nc2n1CCCN1CCOCC1,CHEMBL1489359,1.0,CurationNote.canonical,
COC(=O)C/C=C\[C@@H](C)[C@@H](/C=N\O[C@@H](C)CN1CCCc2nc(C)c(C)cc21)NS(=O)(=O)c1ccc(C)cc1,CHEMBL1554141,1.0,CurationNote.canonical,
CCCN(CCC)[C@@H]1CCc2ccc(O)cc2C1,CHEMBL301559,1.0,CurationNote.canonical,
Fc1ccccc1OCCCCCCN1CCCC1,CHEMBL1412557,0.0,CurationNote.canonical,
O=C(c1csnn1)N1CCC2(CCCN(c3ccccc3)C2)CC1,CHEMBL1435080,0.0,CurationNote.canonical,
COCCNc1nc(-c2ccccc2OC)nc2ccccc12,CHEMBL1565360,0.0,CurationNote.canonical,
COc1ccccc1CNc1ncnc2ccc(-c3cccc(C#N)c3)cc12,CHEMBL491748,1.0,CurationNote.canonical,
FC(F)(F)c1ccccc1-c1nc(Nc2ccncc2)c2ccccc2n1,CHEMBL1554976,0.0,CurationNote.canonical,
CCCOc1ccc(OCCNC2CCCC2)cc1,CHEMBL1573244,1.0,CurationNote.canonical,
Cc1cccc(CNc2nc(-c3ccc4c(c3)OCO4)nc3ccccc23)c1,CHEMBL1396374,0.0,CurationNote.canonical,
Cc1cc(/C=N/n2cnnc2)c(C)n1-c1ccc(OCc2ccccc2F)cc1,CHEMBL2006154,0.0,CurationNote.canonical,
CN1CCc2c(c3ccccc3n2Cc2ccccc2)C1.CN1CCc2c(c3ccccc3n2Cc2ccccc2)C1.O=S(=O)(O)c1cccc2c(S(=O)(=O)O)cccc12,CHEMBL1324326,1.0,CurationNote.canonical,CurationIssue.mixture
COc1cccc(-c2nc(NCCNC(C)=O)c3ccccc3n2)c1,CHEMBL1445893,1.0,CurationNote.canonical,
O=C(CCCN1C(=O)c2cccc3cccc(c23)C1=O)N1CCc2ccccc2C1,CHEMBL1530672,0.0,CurationNote.canonical,
CO/C(O)=C1\C(C)=NC(C)=C([N+](=O)[O-])[C@@H]1c1ccccc1C(F)(F)F,CHEMBL105672,1.0,CurationNote.canonical,
Clc1ccc(CC[C@H](Cn2ccnc2)Sc2c(Cl)cccc2Cl)cc1,CHEMBL1317950,1.0,CurationNote.canonical,CurationIssue.inorganic
Cc1ccc2c(c1)N(CCC(=O)NCc1cccnc1)C(=O)CO2,CHEMBL1529694,1.0,CurationNote.canonical,
CCN=C(S)NC1CC2CCCC(C1)N2Cc1ccco1,CHEMBL1522972,1.0,CurationNote.canonical,
None,,nan,,CurationIssue.rdkit_failed
None,,nan,,CurationIssue.rdkit_failed
None,PD-168,077,nan,,CurationIssue.rdkit_failed
None,,nan,,CurationIssue.rdkit_failed
None,,nan,,CurationIssue.rdkit_failed
Cc1cccc(OCC(=O)NNC(=O)CSc2ncc(C#N)c(N)n2)c1,CHEMBL1723995,1.0,CurationNote.canonical,CurationIssue.inorganic
CN(C)c1ccc(-c2cc(N(C)Cc3ccco3)ncn2)cc1,CHEMBL1366926,1.0,CurationNote.canonical,
FC(F)(F)c1ccccc1-c1cncnc1NCc1cccnc1,CHEMBL1594405,0.0,CurationNote.canonical,
Cc1ccc(NC(=O)Cn2cnc3c(cnn3C(C)(C)C)c2=O)cc1,CHEMBL1353611,0.0,CurationNote.canonical,
Cc1cc(C)nc(NC(=O)/C=C/c2ccc(Cl)cc2Cl)c1,CHEMBL1605940,0.0,CurationNote.canonical,
COc1cccc(-c2cc(N(C)Cc3ccco3)ncn2)c1,CHEMBL1317358,0.0,CurationNote.canonical,
Cc1ccc(N(C(=O)Cn2nnc(-c3ccc(F)cc3)n2)C(CC(C)C)C(=O)NCC2CCCO2)cc1,CHEMBL1378878,0.0,CurationNote.canonical,
O=C(CSCc1cccc(Cl)c1)N/N=C/c1ccc(OCC(=O)N2CCCCC2)cc1,CHEMBL3197893,0.0,CurationNote.canonical,
CCNc1ncc2nc(-c3cc(F)cc(F)c3)c(=O)n(-c3ccccc3)c2n1,CHEMBL1317748,1.0,CurationNote.canonical,
O=Nc1c(O)n(Cc2ccc(Cl)c(Cl)c2)c2ccccc12,CHEMBL1518057,0.0,CurationNote.canonical,
COCCn1c(=O)c(-c2ccc(Cl)cc2)nc2cnc(N(C)C)nc21,CHEMBL1314956,1.0,CurationNote.canonical,
None,,nan,,CurationIssue.rdkit_failed
None,,nan,,CurationIssue.rdkit_failed
None,,nan,,CurationIssue.rdkit_failed
None,,nan,,CurationIssue.rdkit_failed
None,,nan,,CurationIssue.rdkit_failed
None,,nan,,CurationIssue.rdkit_failed
None,,nan,,CurationIssue.rdkit_failed
None,,nan,,CurationIssue.rdkit_failed
None,,nan,,CurationIssue.rdkit_failed
None,,nan,,CurationIssue.rdkit_failed
None,,nan,,CurationIssue.rdkit_failed
None,,nan,,CurationIssue.rdkit_failed
None,,nan,,CurationIssue.rdkit_failed
None,,nan,,CurationIssue.rdkit_failed
None,,nan,,CurationIssue.rdkit_failed
None,,nan,,CurationIssue.rdkit_failed
None,,nan,,CurationIssue.rdkit_failed
None,,nan,,CurationIssue.rdkit_failed
None,,nan,,CurationIssue.rdkit_failed
None,,nan,,CurationIssue.rdkit_failed
None,,nan,,CurationIssue.rdkit_failed
None,,nan,,CurationIssue.rdkit_failed
None,,nan,,CurationIssue.rdkit_failed
None,,nan,,CurationIssue.rdkit_failed
None,,nan,,CurationIssue.rdkit_failed
None,,nan,,CurationIssue.rdkit_failed
None,,nan,,CurationIssue.rdkit_failed
None,,nan,,CurationIssue.rdkit_failed
None,,nan,,CurationIssue.rdkit_failed
None,,nan,,CurationIssue.rdkit_failed
None,,nan,,CurationIssue.rdkit_failed
None,,nan,,CurationIssue.rdkit_failed
None,,nan,,CurationIssue.rdkit_failed
None,,nan,,CurationIssue.rdkit_failed
COc1ccc(/C=N\NC(=O)C2C(=O)NCC2c2ccccc2)cc1O,CHEMBL3195516,1.0,CurationNote.canonical,
COc1cccc(CNCCc2c[nH]c3ccccc23)c1OCc1ccccc1F.Cl,CHEMBL1339696,1.0,CurationNote.canonical,CurationIssue.mixture
COc1ccc2c(c[n+](C)c3c4cc5c(cc4ccc23)OCO5)c1OC,CHEMBL13045,0.0,CurationNote.canonical,
N#Cc1cccc(NC(=O)N2CC[C@@]3(CCCN(S(=O)(=O)c4ccccc4)C3)C2)c1,CHEMBL1365427,0.0,CurationNote.canonical,
CC(C)CN1CCCC2(CCN(C(=O)c3ccncc3)CC2)C1,CHEMBL1434085,0.0,CurationNote.canonical,
CN1CCC(=C2c3ccccc3CC(=O)c3sccc32)CC1,CHEMBL534,1.0,CurationNote.canonical,CurationIssue.duplicate
[O-][S+](Cc1ccccc1)CC(O)(c1ccccc1)c1ccccc1,CHEMBL1741612,1.0,CurationNote.canonical,
CC[C@@]12CCCN3CCc4c(n(c5ccccc45)C(=O)C1)[C@H]32,CHEMBL1318553,1.0,CurationNote.canonical,CurationIssue.duplicate
COc1cccc(/C=N/NC(=O)c2cc(-c3cccn3C)[nH]n2)c1,CHEMBL3189451,1.0,CurationNote.canonical,
CN(CCc1ccccn1)c1ccc2c(c1)C(=O)c1ccccc1-2,CHEMBL1354626,1.0,CurationNote.canonical,
COC(=O)[C@@]1(Cc2ccc(F)cc2)[C@H]2c3cc(C(=O)N4CCCC4)n(CCN4CNCC4=O)c3C[C@H]2CN1C(=O)c1ccccc1,CHEMBL1551122,0.0,CurationNote.canonical,
None,,nan,,CurationIssue.rdkit_failed
c1ccc2sc(C3(N4CCCCC4)CCCCC3)cc2c1,CHEMBL279556,1.0,CurationNote.canonical,CurationIssue.duplicate
Clc1ccccc1-c1cncnc1NCc1cccs1,CHEMBL1474681,1.0,CurationNote.canonical,
COc1ccc(CNC(=O)[C@H](C)[C@@H]2C[C@@]2(C)[C@@H](NC(=O)OCc2ccccc2)c2ccccc2)cc1OC,CHEMBL1364243,1.0,CurationNote.canonical,
None,,nan,,CurationIssue.rdkit_failed
None,,nan,,CurationIssue.rdkit_failed
None,,nan,,CurationIssue.rdkit_failed
COCCNc1nc(-c2cccc(OC)c2)nc2ccccc12,CHEMBL1495854,0.0,CurationNote.canonical,
c1ccc(CNc2ncncc2-c2cccnc2)cc1,CHEMBL1568111,0.0,CurationNote.canonical,
COc1cccc(Nc2ncc3ncc(=O)n(Cc4cccs4)c3n2)c1,CHEMBL1375753,1.0,CurationNote.canonical,
None,,nan,,CurationIssue.rdkit_failed
None,QUISQUALATE,nan,,CurationIssue.rdkit_failed
CCCCCC1=C2CNC(Cc3ccccc3)(C(=O)OC)C=C2C(C)C1=O,CHEMBL1358462,0.0,CurationNote.canonical,
None,,nan,,CurationIssue.rdkit_failed
Cn1c(CN2CCCCC2)nc2cc(NC(=O)c3ccc(Cl)cc3)ccc21,CHEMBL1408140,1.0,CurationNote.canonical,
COc1ccc(CNc2ccnc(-c3cccnc3)n2)c(OC)c1,CHEMBL1437095,1.0,CurationNote.canonical,
O=C1Nc2cc(Cl)c(Cl)cc2N2CCNC[C@H]12,CHEMBL303516,1.0,CurationNote.canonical,
Cc1cc(C(C)(C)C)c(OCCCN2CCOCC2)c(C(C)(C)C)c1,CHEMBL1370726,1.0,CurationNote.canonical,
C[C@@H](CNC1CCCCC1)OC(=O)c1ccccc1,CHEMBL1604244,1.0,CurationNote.canonical,
O=C(Nc1cccc(C(F)(F)F)c1)C1CCCN(S(=O)(=O)c2c[nH]cn2)C1,CHEMBL1484398,1.0,CurationNote.canonical,
None,,nan,,CurationIssue.rdkit_failed
None,,nan,,CurationIssue.rdkit_failed
None,,nan,,CurationIssue.rdkit_failed
None,,nan,,CurationIssue.rdkit_failed
None,,nan,,CurationIssue.rdkit_failed
COc1ccccc1N1CCN(CCN(C(=O)c2ccc(F)cc2)c2ccccn2)CC1,CHEMBL286607,1.0,CurationNote.canonical,
O=C(c1cc(C(F)(F)F)cc(C(F)(F)F)c1)N1CCC2(CC1)CCN(c1ccncc1)CC2,CHEMBL1487898,0.0,CurationNote.canonical,
CC1CCN(c2ccccc2NC(=S)NC(=O)c2cccs2)CC1,CHEMBL1516500,1.0,CurationNote.canonical,
COc1ccc(C2NC(S)=NC3=C2CCc2cc(OC)ccc23)cc1,CHEMBL1308013,1.0,CurationNote.canonical,
C#CCN(C)[C@@H](C)Cc1ccccc1,CHEMBL16857,0.0,CurationNote.canonical,CurationIssue.disagreeing_duplicate
COc1ccccc1CC1C(=O)C2CCN1CC2,CHEMBL1741754,0.0,CurationNote.canonical,
O=C(CCCCCn1c(=S)[nH]c2cc3c(cc2c1=O)OCO3)N1CCN(C2CCCCC2)CC1,CHEMBL1384330,1.0,CurationNote.canonical,
C[C@@H](CCc1ccccc1)N[C@@H](C)[C@H](O)c1ccc(O)cc1,CHEMBL1320485,1.0,CurationNote.canonical,
None,,nan,,CurationIssue.rdkit_failed
None,,nan,,CurationIssue.rdkit_failed
None,,nan,,CurationIssue.rdkit_failed
None,,nan,,CurationIssue.rdkit_failed
None,,nan,,CurationIssue.rdkit_failed
None,,nan,,CurationIssue.rdkit_failed
None,ETOFENAMATE,nan,,CurationIssue.rdkit_failed
None,,nan,,CurationIssue.rdkit_failed
None,,nan,,CurationIssue.rdkit_failed
None,,nan,,CurationIssue.rdkit_failed
None,,nan,,CurationIssue.rdkit_failed
None,,nan,,CurationIssue.rdkit_failed
None,,nan,,CurationIssue.rdkit_failed
None,,nan,,CurationIssue.rdkit_failed
None,,nan,,CurationIssue.rdkit_failed
None,,nan,,CurationIssue.rdkit_failed
None,,nan,,CurationIssue.rdkit_failed
None,NABUMETONE,nan,,CurationIssue.rdkit_failed
None,,nan,,CurationIssue.rdkit_failed
None,,nan,,CurationIssue.rdkit_failed
None,,nan,,CurationIssue.rdkit_failed
None,,nan,,CurationIssue.rdkit_failed
None,,nan,,CurationIssue.rdkit_failed
None,,nan,,CurationIssue.rdkit_failed
None,,nan,,CurationIssue.rdkit_failed
None,,nan,,CurationIssue.rdkit_failed
None,,nan,,CurationIssue.rdkit_failed
None,,nan,,CurationIssue.rdkit_failed
None,MAPROTILINE,nan,,CurationIssue.rdkit_failed
None,,nan,,CurationIssue.rdkit_failed
None,,nan,,CurationIssue.rdkit_failed
CCCc1cc2c(n1Cc1ccc(OC)cc1)C(C)C1CN(C(=O)c3ccccc3)C(C)(C(=O)OC)C21,CHEMBL1520442,0.0,CurationNote.canonical,
CC(C)(C)NS(=O)(=O)c1ccc(NC(=O)NC2CCCCC2)cc1,CHEMBL1586264,0.0,CurationNote.canonical,
COc1cccc(C(=O)Nc2nc3c(s2)CN(C)CC3)c1,CHEMBL1337087,0.0,CurationNote.canonical,
None,,nan,,CurationIssue.rdkit_failed
None,,nan,,CurationIssue.rdkit_failed
None,,nan,,CurationIssue.rdkit_failed
None,,nan,,CurationIssue.rdkit_failed
None,,nan,,CurationIssue.rdkit_failed
None,,nan,,CurationIssue.rdkit_failed
None,,nan,,CurationIssue.rdkit_failed
None,,nan,,CurationIssue.rdkit_failed
None,,nan,,CurationIssue.rdkit_failed
None,,nan,,CurationIssue.rdkit_failed
None,,nan,,CurationIssue.rdkit_failed
None,,nan,,CurationIssue.rdkit_failed
None,,nan,,CurationIssue.rdkit_failed
None,,nan,,CurationIssue.rdkit_failed
None,,nan,,CurationIssue.rdkit_failed
None,,nan,,CurationIssue.rdkit_failed
None,,nan,,CurationIssue.rdkit_failed
None,,nan,,CurationIssue.rdkit_failed
None,,nan,,CurationIssue.rdkit_failed
None,,nan,,CurationIssue.rdkit_failed
None,,nan,,CurationIssue.rdkit_failed
None,OLEAMIDE,nan,,CurationIssue.rdkit_failed
None,,nan,,CurationIssue.rdkit_failed
None,,nan,,CurationIssue.rdkit_failed
None,,nan,,CurationIssue.rdkit_failed
None,,nan,,CurationIssue.rdkit_failed
None,,nan,,CurationIssue.rdkit_failed
None,,nan,,CurationIssue.rdkit_failed
None,,nan,,CurationIssue.rdkit_failed
None,,nan,,CurationIssue.rdkit_failed
None,,nan,,CurationIssue.rdkit_failed
None,,nan,,CurationIssue.rdkit_failed
None,,nan,,CurationIssue.rdkit_failed
None,ZOXAZOLAMINE,nan,,CurationIssue.rdkit_failed
None,MILRINONE,nan,,CurationIssue.rdkit_failed
None,,nan,,CurationIssue.rdkit_failed
None,,nan,,CurationIssue.rdkit_failed
None,,nan,,CurationIssue.rdkit_failed
None,,nan,,CurationIssue.rdkit_failed
CS(=O)(=O)Nc1ccc(Nc2c3ccccc3nc3ccccc23)cc1.CS(=O)(=O)O,CHEMBL1567435,1.0,CurationNote.canonical,CurationIssue.mixture
Cc1cccc(CNc2ccnc(-c3cccc(C#N)c3)n2)c1,CHEMBL1473430,0.0,CurationNote.canonical,
None,,nan,,CurationIssue.rdkit_failed
None,,nan,,CurationIssue.rdkit_failed
Oc1c(C(O)(c2ccccc2)c2ccc3ccccc3c2O)ccc2ccccc12,CHEMBL1367656,1.0,CurationNote.canonical,
None,,nan,,CurationIssue.rdkit_failed
None,,nan,,CurationIssue.rdkit_failed
None,,nan,,CurationIssue.rdkit_failed
None,,nan,,CurationIssue.rdkit_failed
None,,nan,,CurationIssue.rdkit_failed
None,,nan,,CurationIssue.rdkit_failed
None,,nan,,CurationIssue.rdkit_failed
None,,nan,,CurationIssue.rdkit_failed
None,,nan,,CurationIssue.rdkit_failed
None,,nan,,CurationIssue.rdkit_failed
COc1ccc(C(=O)N2CCC3(CC2)CN(c2ccncc2)C3)cc1,CHEMBL1591847,0.0,CurationNote.canonical,
None,,nan,,CurationIssue.rdkit_failed
None,,nan,,CurationIssue.rdkit_failed
None,,nan,,CurationIssue.rdkit_failed
None,,nan,,CurationIssue.rdkit_failed
None,,nan,,CurationIssue.rdkit_failed
None,,nan,,CurationIssue.rdkit_failed
None,,nan,,CurationIssue.rdkit_failed
None,,nan,,CurationIssue.rdkit_failed
None,,nan,,CurationIssue.rdkit_failed
None,,nan,,CurationIssue.rdkit_failed
None,,nan,,CurationIssue.rdkit_failed
None,,nan,,CurationIssue.rdkit_failed
None,,nan,,CurationIssue.rdkit_failed
None,,nan,,CurationIssue.rdkit_failed
None,,nan,,CurationIssue.rdkit_failed
None,S-METHYL-D-THIOCITRULLINE,nan,,CurationIssue.rdkit_failed
None,,nan,,CurationIssue.rdkit_failed
None,,nan,,CurationIssue.rdkit_failed
None,,nan,,CurationIssue.rdkit_failed
None,,nan,,CurationIssue.rdkit_failed
None,,nan,,CurationIssue.rdkit_failed
None,,nan,,CurationIssue.rdkit_failed
None,,nan,,CurationIssue.rdkit_failed
None,,nan,,CurationIssue.rdkit_failed
None,,nan,,CurationIssue.rdkit_failed
None,,nan,,CurationIssue.rdkit_failed
None,,nan,,CurationIssue.rdkit_failed
None,,nan,,CurationIssue.rdkit_failed
None,,nan,,CurationIssue.rdkit_failed
None,,nan,,CurationIssue.rdkit_failed
None,,nan,,CurationIssue.rdkit_failed
None,,nan,,CurationIssue.rdkit_failed
None,,nan,,CurationIssue.rdkit_failed
None,,nan,,CurationIssue.rdkit_failed
None,,nan,,CurationIssue.rdkit_failed
None,,nan,,CurationIssue.rdkit_failed
None,BENZOCAINE,nan,,CurationIssue.rdkit_failed
None,,nan,,CurationIssue.rdkit_failed
None,,nan,,CurationIssue.rdkit_failed
None,,nan,,CurationIssue.rdkit_failed
None,,nan,,CurationIssue.rdkit_failed
None,,nan,,CurationIssue.rdkit_failed
None,,nan,,CurationIssue.rdkit_failed
None,,nan,,CurationIssue.rdkit_failed
None,,nan,,CurationIssue.rdkit_failed
None,MINOXIDIL,nan,,CurationIssue.rdkit_failed
None,,nan,,CurationIssue.rdkit_failed
None,,nan,,CurationIssue.rdkit_failed
None,,nan,,CurationIssue.rdkit_failed
None,,nan,,CurationIssue.rdkit_failed
None,,nan,,CurationIssue.rdkit_failed
None,,nan,,CurationIssue.rdkit_failed
None,,nan,,CurationIssue.rdkit_failed
None,,nan,,CurationIssue.rdkit_failed
None,7-NITROINDAZOLE,nan,,CurationIssue.rdkit_failed
None,,nan,,CurationIssue.rdkit_failed
None,,nan,,CurationIssue.rdkit_failed
None,,nan,,CurationIssue.rdkit_failed
None,,nan,,CurationIssue.rdkit_failed
None,,nan,,CurationIssue.rdkit_failed
None,,nan,,CurationIssue.rdkit_failed
None,,nan,,CurationIssue.rdkit_failed
None,,nan,,CurationIssue.rdkit_failed
None,,nan,,CurationIssue.rdkit_failed
None,CAMPTOTHECIN,nan,,CurationIssue.rdkit_failed
None,,nan,,CurationIssue.rdkit_failed
None,,nan,,CurationIssue.rdkit_failed
None,,nan,,CurationIssue.rdkit_failed
None,,nan,,CurationIssue.rdkit_failed
None,,nan,,CurationIssue.rdkit_failed
None,,nan,,CurationIssue.rdkit_failed
None,,nan,,CurationIssue.rdkit_failed
None,,nan,,CurationIssue.rdkit_failed
None,,nan,,CurationIssue.rdkit_failed
None,,nan,,CurationIssue.rdkit_failed
None,,nan,,CurationIssue.rdkit_failed
None,,nan,,CurationIssue.rdkit_failed
None,,nan,,CurationIssue.rdkit_failed
None,,nan,,CurationIssue.rdkit_failed
None,,nan,,CurationIssue.rdkit_failed
None,,nan,,CurationIssue.rdkit_failed
None,,nan,,CurationIssue.rdkit_failed
None,NIFLUMIC ACID,nan,,CurationIssue.rdkit_failed
O=S(=O)(c1ccccc1)N1CCC2(CCCN(Cc3ccncc3)C2)CC1,CHEMBL1396862,1.0,CurationNote.canonical,
COc1ccc(CNc2nc(-c3ccoc3)nc3ccccc23)c(OC)c1,CHEMBL1445094,0.0,CurationNote.canonical,
O=C(Nc1ccccc1)N1CCCC2(CCN(S(=O)(=O)c3ccccc3)CC2)C1,CHEMBL1337108,0.0,CurationNote.canonical,
O=C(CN1CCN(S(=O)(=O)c2ccc(F)cc2)CC1)Nc1ccc(Cl)c(C(F)(F)F)c1,CHEMBL1452750,0.0,CurationNote.canonical,
Cc1ccc(C)c(N2CCN(C(=O)c3ccc4nc(-c5ccco5)c(-c5ccco5)nc4c3)CC2)c1,CHEMBL1430383,1.0,CurationNote.canonical,
None,,nan,,CurationIssue.rdkit_failed
None,,nan,,CurationIssue.rdkit_failed
None,,nan,,CurationIssue.rdkit_failed
None,,nan,,CurationIssue.rdkit_failed
CCN1C(=O)[C@H]2CC[C@H]3/C(=N\O[C@@H](C)CN4CCCc5nc(C)c(C)cc54)C[C@@H](O)[C@@H](O)[C@@H]3[C@@H]2C1=O,CHEMBL1436237,1.0,CurationNote.canonical,
None,,nan,,CurationIssue.rdkit_failed
CC(=O)Oc1cc(C(C)C)c(OCCN(C)C)cc1C,CHEMBL159226,1.0,CurationNote.canonical,
CN(C)c1cc2c(Nc3ccc4c(cnn4Cc4ccccc4)c3)ncnc2cn1,CHEMBL30432,0.0,CurationNote.canonical,
CCNc1ncc2nc(-c3ccccc3)c(=O)n(CCc3ccccc3)c2n1,CHEMBL1474471,1.0,CurationNote.canonical,
CCOc1ccc(-n2c(C)nc3cc(C(=O)NCc4ccco4)ccc32)cc1,CHEMBL1579133,0.0,CurationNote.canonical,
None,,nan,,CurationIssue.rdkit_failed
None,,nan,,CurationIssue.rdkit_failed
O=C(Cc1cccs1)N1CCC(c2nc(O)c3nnn(Cc4ccccc4Cl)c3n2)CC1,CHEMBL1450977,0.0,CurationNote.canonical,
Cc1noc(C)c1-c1cc(NC2CC2)ncn1,CHEMBL1402827,0.0,CurationNote.canonical,
O=C(/C=C\NCC(=O)c1ccccc1)c1ccc(F)cc1,CHEMBL1308019,0.0,CurationNote.canonical,
None,,nan,,CurationIssue.rdkit_failed
CN1C[C@@H](C(=O)N[C@]2(C)O[C@]3(O)[C@H]4CCCN4C(=O)[C@H](Cc4ccccc4)N3C2=O)C[C@H]2c3cccc4[nH]cc(c34)C[C@@H]21.CS(=O)(=O)O,CHEMBL1514911,0.0,CurationNote.canonical,CurationIssue.mixture
OCc1cc([C@@H](O)CNCCCCCCOCCCCc2ccccc2)ccc1O,CHEMBL230056,1.0,CurationNote.canonical,
O=S1(=O)C=C(SCc2cccc(Cl)c2)Nc2ccccc21,CHEMBL1452436,0.0,CurationNote.canonical,
None,,nan,,CurationIssue.rdkit_failed
None,,nan,,CurationIssue.rdkit_failed
None,,nan,,CurationIssue.rdkit_failed
CNCCc1c[nH]c2ccc(O)cc12,CHEMBL277362,0.0,CurationNote.canonical,
O=C(c1ccccc1Nc1ccc(SC(F)F)cc1)N1CCCCC1,CHEMBL1306134,1.0,CurationNote.canonical,
CS(=O)(=O)O.Cc1c(C(=O)c2cccc3ccccc23)c2cccc3c2n1[C@H](CN1CCOCC1)CO3,CHEMBL1222317,0.0,CurationNote.canonical,CurationIssue.mixture
None,,nan,,CurationIssue.rdkit_failed
None,,nan,,CurationIssue.rdkit_failed
O=C1/C(=C/c2ccccc2)[C@@H](NC2CCCCC2)c2ccccc21,CHEMBL1331122,1.0,CurationNote.canonical,
COc1cccc(-c2ccc3ncnc(NCCc4c[nH]c5ccc(OC)cc45)c3c2)c1,CHEMBL1475366,1.0,CurationNote.canonical,
CCCC(C)NC1=NCCCCC1,CHEMBL1732403,0.0,CurationNote.canonical,
None,,nan,,CurationIssue.rdkit_failed
C[N+]1(C)CCc2cc3c(cc2[C@@H]1[C@@H]1C(=O)Oc2c1ccc1c2OCO1)OCO3,CHEMBL1516476,0.0,CurationNote.canonical,CurationIssue.disagreeing_duplicate
None,,nan,,CurationIssue.rdkit_failed
CN(C)Cc1ccccc1-c1nc(NCc2cccs2)c2ccccc2n1,CHEMBL1473123,0.0,CurationNote.canonical,
None,,nan,,CurationIssue.rdkit_failed
None,,nan,,CurationIssue.rdkit_failed
None,,nan,,CurationIssue.rdkit_failed
Nc1ccccc1C(=O)OCC(=O)Nc1ccc(Br)cc1F,CHEMBL1471064,0.0,CurationNote.canonical,
Cc1c(NC(=O)C(Sc2ccccc2)c2ccccc2)cccc1[N+](=O)[O-],CHEMBL1511129,1.0,CurationNote.canonical,CurationIssue.inorganic
None,,nan,,CurationIssue.rdkit_failed
None,,nan,,CurationIssue.rdkit_failed
None,,nan,,CurationIssue.rdkit_failed
None,,nan,,CurationIssue.rdkit_failed
None,,nan,,CurationIssue.rdkit_failed
None,,nan,,CurationIssue.rdkit_failed
None,,nan,,CurationIssue.rdkit_failed
None,,nan,,CurationIssue.rdkit_failed
None,,nan,,CurationIssue.rdkit_failed
None,,nan,,CurationIssue.rdkit_failed
None,,nan,,CurationIssue.rdkit_failed
None,,nan,,CurationIssue.rdkit_failed
None,,nan,,CurationIssue.rdkit_failed
None,,nan,,CurationIssue.rdkit_failed
None,,nan,,CurationIssue.rdkit_failed
None,,nan,,CurationIssue.rdkit_failed
None,,nan,,CurationIssue.rdkit_failed
None,,nan,,CurationIssue.rdkit_failed
None,,nan,,CurationIssue.rdkit_failed
None,,nan,,CurationIssue.rdkit_failed
None,,nan,,CurationIssue.rdkit_failed
None,,nan,,CurationIssue.rdkit_failed
None,,nan,,CurationIssue.rdkit_failed
None,,nan,,CurationIssue.rdkit_failed
None,,nan,,CurationIssue.rdkit_failed
c1ccc2c(CC3NCCN3)cccc2c1,CHEMBL1567854,1.0,CurationNote.canonical,
CCN(CC(=O)Nc1ccc([N+](=O)[O-])cc1OC)c1ccccc1,CHEMBL1518970,0.0,CurationNote.canonical,
Cc1ccc(C)c(N(CC(=O)Nc2cc(Cl)ccc2Oc2ccccc2)S(C)(=O)=O)c1,CHEMBL1422219,0.0,CurationNote.canonical,
None,,nan,,CurationIssue.rdkit_failed
None,,nan,,CurationIssue.rdkit_failed
None,,nan,,CurationIssue.rdkit_failed
c1ccc(C(c2ccccc2)N2CC[C@@]3(CCCNC3)C2)cc1,CHEMBL1490998,0.0,CurationNote.canonical,
None,,nan,,CurationIssue.rdkit_failed
O=C(c1nn(Cc2ccccc2)c(=O)c2ccccc12)N1CCN(C/C=C/c2ccccc2)CC1,CHEMBL1506687,0.0,CurationNote.canonical,
None,,nan,,CurationIssue.rdkit_failed
N[C@H](C(=O)O)[C@H](OCc1ccccc1)C(=O)O,CHEMBL79140,1.0,CurationNote.canonical,
None,,nan,,CurationIssue.rdkit_failed
COc1cccc(-c2nccc(-n3ccnc3)n2)c1,CHEMBL405912,1.0,CurationNote.canonical,
None,,nan,,CurationIssue.rdkit_failed
FC(F)(F)c1ccccc1-c1cncnc1NCCN1CCOCC1,CHEMBL1405627,0.0,CurationNote.canonical,
None,,nan,,CurationIssue.rdkit_failed
CN(C)CCC=C1c2ccccc2C=Cc2ccccc21,CHEMBL669,0.0,CurationNote.canonical,
None,,nan,,CurationIssue.rdkit_failed
None,,nan,,CurationIssue.rdkit_failed
None,,nan,,CurationIssue.rdkit_failed
None,,nan,,CurationIssue.rdkit_failed
None,,nan,,CurationIssue.rdkit_failed
None,,nan,,CurationIssue.rdkit_failed
O=C(N/N=C1/C[C@@H](O)[C@@H](O)[C@H]2[C@H]1CC[C@H]1C(=O)N(c3ccc(F)cc3F)C(=O)[C@H]21)OCc1ccccc1,CHEMBL1567098,1.0,CurationNote.canonical,
None,,nan,,CurationIssue.rdkit_failed
Cc1ccc(C(c2nnnn2C2CCCC2)N2CCN3CCCC3C2)cc1,CHEMBL1497087,1.0,CurationNote.canonical,
None,,nan,,CurationIssue.rdkit_failed
None,,nan,,CurationIssue.rdkit_failed
None,NEOSTIGMINE,nan,,CurationIssue.rdkit_failed
None,,nan,,CurationIssue.rdkit_failed
Cc1ccccc1CN1CCN(CC(=O)NCCCN2CCN(c3ccc(F)cc3)CC2)C1=O,CHEMBL1458036,1.0,CurationNote.canonical,
CCc1cc2c(nc1CC)CCN(CC/C(C)=N/O[C@@H](C)c1cn([C@H](CO)Cc3ccccc3)nn1)C2,CHEMBL1486821,1.0,CurationNote.canonical,
CC1=CC(=O)N(c2cccc(C(F)(F)F)c2)C1c1ccc(Cl)cc1,CHEMBL1544155,1.0,CurationNote.canonical,
O=C(C1CCC(=O)N1Cc1ccccc1Cl)N1CCN(c2ccc(F)cc2)CC1,CHEMBL1536220,0.0,CurationNote.canonical,
None,,nan,,CurationIssue.rdkit_failed
None,,nan,,CurationIssue.rdkit_failed
Clc1cccc(Cl)c1NC1=NCCN1,CHEMBL134,0.0,CurationNote.canonical,CurationIssue.duplicate
C[C@@H](C(=O)Nc1ccc2ccccc2c1)[C@H]1C[C@]1(C)[C@H](NS(=O)(=O)c1ccc(-c2ccccc2)cc1)c1ccccc1,CHEMBL1319789,1.0,CurationNote.canonical,
N=C(NCc1ccc(Cl)cc1)SCCCc1c[nH]cn1,CHEMBL14690,0.0,CurationNote.canonical,
CN[C@@H]1C[C@@H](c2ccc(Cl)c(Cl)c2)c2ccccc21,CHEMBL341898,1.0,CurationNote.canonical,
O=C(Oc1ccccc1)N1CCC2(CCCN(c3ccccn3)C2)CC1,CHEMBL1477492,0.0,CurationNote.canonical,
None,,nan,,CurationIssue.rdkit_failed
COC(=O)N1CCC2(CCCN(Cc3ccc(C#N)cc3)C2)CC1,CHEMBL1559023,1.0,CurationNote.canonical,
COc1ccccc1CNc1ccnc(-c2cccnc2)n1,CHEMBL1355896,1.0,CurationNote.canonical,
CN1C2CCC1/C(=C\c1ccccc1)C(=O)/C2=C\c1ccccc1,CHEMBL1496663,1.0,CurationNote.canonical,
COc1ccc(Oc2ncc3nc(C)c(=O)n(-c4ccccc4)c3n2)cc1,CHEMBL1314971,0.0,CurationNote.canonical,
O=C(CN1CCCCC1)Nc1ccc(Br)cc1C(=O)c1ccccc1Cl,CHEMBL1471411,0.0,CurationNote.canonical,
COc1ccc(C(=O)NCC(c2ccc(F)cc2)N2CCOCC2)cc1S(=O)(=O)N1CCCC1,CHEMBL1387431,0.0,CurationNote.canonical,
COc1cc(C(=O)OC2C[C@@H]3CC[C@H](C2)N3C)ccc1O,CHEMBL1375175,1.0,CurationNote.canonical,
CN(C)c1ncc2nc(-c3cccc(C#N)c3)c(=O)n(C[C@H]3CCCO3)c2n1,CHEMBL1517643,1.0,CurationNote.canonical,
COC(=O)[C@@]1(Cc2ccc(OC)cc2)[C@H]2c3cc(C(=O)N4CCCC4)n(Cc4c(CO)ncc(C)c4O)c3C[C@H]2CN1C(=O)c1ccccc1,CHEMBL1358560,0.0,CurationNote.canonical,
Cc1nc2sccc2c(=O)n1-c1cccc(Cl)c1,CHEMBL1337584,0.0,CurationNote.canonical,
CS(=O)(=O)Nc1cccc(-c2nc(NCc3ccccc3)c3ccccc3n2)c1,CHEMBL1554622,0.0,CurationNote.canonical,
NNC(=O)CCSc1ccccc1,CHEMBL1437442,1.0,CurationNote.canonical,CurationIssue.inorganic
OCC1CCCN(Cc2ccc(-c3ccccc3)cc2)C1,CHEMBL1587851,1.0,CurationNote.canonical,
O=C(c1cc(C(F)(F)F)cc(C(F)(F)F)c1)N1CCC2(CC1)CN(c1ccccn1)C2,CHEMBL1354119,0.0,CurationNote.canonical,
Cn1cccc1/C=N/NC(=O)c1sc2ccccc2c1Cl,CHEMBL1997220,1.0,CurationNote.canonical,
COc1ccc([N+](=O)[O-])cc1N=C(S)NC(NC(=O)Cc1ccc(OC)c(OC)c1)C(Cl)(Cl)Cl,CHEMBL1415331,1.0,CurationNote.canonical,
Cc1ccc(/N=C/c2cc(C)n(C3CCCC3)c2C)cc1,CHEMBL3209784,0.0,CurationNote.canonical,
COc1ccccc1CNc1ccnc(-c2ccccc2OC)n1,CHEMBL1394499,1.0,CurationNote.canonical,
c1nc(N2CCNCC2)c2cc(-c3ccc4c(c3)OCO4)ccc2n1,CHEMBL1435216,1.0,CurationNote.canonical,
CC(C)c1cc(CN(C)C)c(O)c(C(C)(C)C)c1,CHEMBL1437281,1.0,CurationNote.canonical,
Cc1cc(Br)ccc1NCc1ccccn1.O=C(O)C(=O)O,CHEMBL1407160,0.0,CurationNote.canonical,CurationIssue.mixture
C[N+]1([C@H](CO)Cc2c[nH]c3ccccc23)Cc2ccccc2C1.O=S(=O)([O-])c1ccccc1,CHEMBL1789995,1.0,CurationNote.canonical,CurationIssue.mixture
Cc1ccc(NC(=O)c2cc(Cl)nc3ccccc23)cc1,CHEMBL1380096,1.0,CurationNote.canonical,
COC(=O)[C@@]1(Cc2ccc(F)cc2)[C@H]2c3cc(C(=O)N(C)C)n(Cc4ccc(C)o4)c3C[C@H]2CN1C(=O)c1ccccc1,CHEMBL1605356,0.0,CurationNote.canonical,
Cc1[nH]c2ccc(O)cc2c1CCN,CHEMBL266591,0.0,CurationNote.canonical,CurationIssue.disagreeing_duplicate
CNC(=O)Oc1ccc2c(c1)[C@@]1(C)CCN(C)[C@@H]1N2C,CHEMBL1243269,1.0,CurationNote.canonical,CurationIssue.duplicate
CCCC[C@H](CC)CN1CN(C[C@@H](CC)CCCC)CC(C)(N)C1,CHEMBL1315459,1.0,CurationNote.canonical,
CN(C)Cc1ccccc1-c1cc(Nc2ccccc2)ncn1,CHEMBL1317869,0.0,CurationNote.canonical,
CCC(=O)O[C@@](Cc1ccccc1)(c1ccccc1)[C@@H](C)CN(C)C.O=S(=O)(O)c1ccc2ccccc2c1,CHEMBL1593906,1.0,CurationNote.canonical,CurationIssue.mixture
ON(CCc1ccncc1)Cc1ccccc1,CHEMBL1371698,1.0,CurationNote.canonical,
COc1cccc2c1C(=N)c1c(O)c3c(c(O)c1C2=O)C[C@](O)(C(C)=O)C[C@@H]3O[C@H]1C[C@H](N)[C@@H](O)[C@H](C)O1,CHEMBL1417445,1.0,CurationNote.canonical,
CC(C)CNCC(=O)N1c2ccccc2Sc2ccccc21.O=C(O)C(=O)O,CHEMBL1579123,0.0,CurationNote.canonical,CurationIssue.mixture
CC(C)=CCC1=C(OCC(=O)O)C(=O)c2ccccc2C1=O,CHEMBL1403154,1.0,CurationNote.canonical,
FC(F)(F)c1nc2ccccc2nc1N/N=C\c1ccccc1,CHEMBL3196162,0.0,CurationNote.canonical,
COc1c2c(cc3c1OCO3)CCN(C)C2,CHEMBL1606295,1.0,CurationNote.canonical,
COc1cc(CNC(=O)CCCC/C=C\C(C)C)ccc1O,CHEMBL313971,1.0,CurationNote.canonical,
CCC(Sc1nc2cc3c(cc2c(=O)n1Cc1ccco1)OCO3)C(=O)Nc1cccc(OC)c1,CHEMBL1540956,1.0,CurationNote.canonical,CurationIssue.inorganic
NNCCc1ccccc1,CHEMBL1089,1.0,CurationNote.canonical,
None,,nan,,CurationIssue.rdkit_failed
None,,nan,,CurationIssue.rdkit_failed
None,,nan,,CurationIssue.rdkit_failed
None,,nan,,CurationIssue.rdkit_failed
None,,nan,,CurationIssue.rdkit_failed
None,,nan,,CurationIssue.rdkit_failed
None,,nan,,CurationIssue.rdkit_failed
None,,nan,,CurationIssue.rdkit_failed
None,,nan,,CurationIssue.rdkit_failed
None,,nan,,CurationIssue.rdkit_failed
None,,nan,,CurationIssue.rdkit_failed
None,,nan,,CurationIssue.rdkit_failed
None,,nan,,CurationIssue.rdkit_failed
None,,nan,,CurationIssue.rdkit_failed
Cl.O=C1c2cccc3cccc(c23)C(=O)N1CC1CCN(CC(O)COc2ccc3ccccc3c2)CC1,CHEMBL1380969,1.0,CurationNote.canonical,CurationIssue.mixture
C=CCn1c(COc2ccccc2)nnc1SCC(=O)N/N=C/c1ccc(C)cc1,CHEMBL3197172,0.0,CurationNote.canonical,
C/C=C(C(=C\C)\c1ccc(O)cc1)/c1ccc(O)cc1,CHEMBL1450936,0.0,CurationNote.canonical,
O=C(c1csnn1)N1CCC[C@@]2(CCN(C(c3ccccc3)c3ccccc3)C2)C1,CHEMBL1473990,1.0,CurationNote.canonical,
None,,nan,,CurationIssue.rdkit_failed
None,,nan,,CurationIssue.rdkit_failed
None,,nan,,CurationIssue.rdkit_failed
Cc1cc(CNC(=O)[C@H](C)[C@@H]2C[C@@]2(C)[C@@H](NC(=O)OCc2ccccc2)c2ccccc2)nn1C,CHEMBL1565342,0.0,CurationNote.canonical,
None,,nan,,CurationIssue.rdkit_failed
COc1ccccc1CNc1ncncc1-c1cccnc1,CHEMBL1474114,0.0,CurationNote.canonical,
CC(C)=NO[C@@H](C)CN1CCCCc2nc(C)c(C)cc21,CHEMBL1593796,1.0,CurationNote.canonical,
COc1ccc(OC)c(N2CC(=O)C(c3nc4ccccc4s3)=C2N)c1,CHEMBL1403831,1.0,CurationNote.canonical,
COc1ccccc1CN1CCC2(CC1)CCN(C(=O)c1csnn1)CC2,CHEMBL1552098,1.0,CurationNote.canonical,
Cc1ccc(-c2ccc(=O)n(CC(=O)NCCN3CCCCC3C)n2)cc1,CHEMBL1482437,1.0,CurationNote.canonical,
CCNc1ncc2nc(-c3ccc(F)cc3)c(=O)n(-c3ccccc3)c2n1,CHEMBL1595142,1.0,CurationNote.canonical,
COc1ccc(CNc2ccnc(-c3cccc(NS(C)(=O)=O)c3)n2)c(OC)c1,CHEMBL1473472,0.0,CurationNote.canonical,
None,,nan,,CurationIssue.rdkit_failed
None,,nan,,CurationIssue.rdkit_failed
None,,nan,,CurationIssue.rdkit_failed
None,,nan,,CurationIssue.rdkit_failed
None,,nan,,CurationIssue.rdkit_failed
None,,nan,,CurationIssue.rdkit_failed
None,,nan,,CurationIssue.rdkit_failed
None,,nan,,CurationIssue.rdkit_failed
None,,nan,,CurationIssue.rdkit_failed
None,,nan,,CurationIssue.rdkit_failed
None,,nan,,CurationIssue.rdkit_failed
None,,nan,,CurationIssue.rdkit_failed
None,,nan,,CurationIssue.rdkit_failed
None,,nan,,CurationIssue.rdkit_failed
None,,nan,,CurationIssue.rdkit_failed
None,,nan,,CurationIssue.rdkit_failed
None,,nan,,CurationIssue.rdkit_failed
None,,nan,,CurationIssue.rdkit_failed
None,,nan,,CurationIssue.rdkit_failed
None,,nan,,CurationIssue.rdkit_failed
None,,nan,,CurationIssue.rdkit_failed
None,,nan,,CurationIssue.rdkit_failed
None,,nan,,CurationIssue.rdkit_failed
None,,nan,,CurationIssue.rdkit_failed
None,,nan,,CurationIssue.rdkit_failed
None,,nan,,CurationIssue.rdkit_failed
None,,nan,,CurationIssue.rdkit_failed
None,,nan,,CurationIssue.rdkit_failed
None,,nan,,CurationIssue.rdkit_failed
None,,nan,,CurationIssue.rdkit_failed
None,ZARDAVERINE,nan,,CurationIssue.rdkit_failed
None,,nan,,CurationIssue.rdkit_failed
None,,nan,,CurationIssue.rdkit_failed
None,,nan,,CurationIssue.rdkit_failed
None,GUANFACINE,nan,,CurationIssue.rdkit_failed
None,,nan,,CurationIssue.rdkit_failed
None,,nan,,CurationIssue.rdkit_failed
None,,nan,,CurationIssue.rdkit_failed
None,,nan,,CurationIssue.rdkit_failed
O=P(O)(CCc1ccccc1)C(O)c1ccccc1,CHEMBL1444778,0.0,CurationNote.canonical,
Cc1ncsc1CCCl,CHEMBL315795,0.0,CurationNote.canonical,
Cc1ccc2c(c1)N(CC(=O)NC1CCCc3ccccc31)C(=O)CO2,CHEMBL1349227,0.0,CurationNote.canonical,
COc1ccc(C(=O)NCCCN2CCOCC2)cc1OC,CHEMBL1528578,1.0,CurationNote.canonical,
CC(=O)N1CCN(c2ccc(OCC3COC(Cn4ccnc4)(c4ccc(Cl)cc4Cl)O3)cc2)CC1,CHEMBL157101,0.0,CurationNote.canonical,CurationIssue.duplicate
None,,nan,,CurationIssue.rdkit_failed
None,,nan,,CurationIssue.rdkit_failed
COc1ccc([N+](=O)[O-])cc1NCc1ccccc1C,CHEMBL1383146,0.0,CurationNote.canonical,
N=c1nc(N)nc(N)n1-c1ccc(S(N)(=O)=O)cc1,CHEMBL1328292,1.0,CurationNote.canonical,
None,,nan,,CurationIssue.rdkit_failed
None,,nan,,CurationIssue.rdkit_failed
None,,nan,,CurationIssue.rdkit_failed
None,,nan,,CurationIssue.rdkit_failed
Cc1ccc(C(=O)Nc2ccc(Cc3ccncc3)cc2)cc1[N+](=O)[O-],CHEMBL1364298,1.0,CurationNote.canonical,
C[C@H]1C[C@@H]2[C@H]3CCC4=CC(=O)C=C[C@@]4(C)[C@@]3(Cl)[C@@H](O)C[C@]2(C)[C@]1(OC(=O)c1ccco1)C(=O)CCl,CHEMBL1354966,1.0,CurationNote.canonical,
Clc1ccc2c(c1)C(c1cccs1)=NNC(c1cccnc1)=N2,CHEMBL1392455,1.0,CurationNote.canonical,
CC(=O)N[C@H](c1ccccc1)[C@@]1(C)C[C@@H]1[C@@H](C)C(=O)Nc1ccc2ccccc2c1,CHEMBL1410865,1.0,CurationNote.canonical,
CC(N)Cc1ccccc1Sc1ccc(O)cc1.O=C(O)C(=O)O,CHEMBL1574393,1.0,CurationNote.canonical,CurationIssue.mixture
None,,nan,,CurationIssue.rdkit_failed
Cc1cccc(NC(=O)CCSc2nc(C)cc(C)n2)c1,CHEMBL1730483,0.0,CurationNote.canonical,CurationIssue.inorganic
CN(C)CCCN1c2ccccc2Sc2ccccc21,CHEMBL564,1.0,CurationNote.canonical,CurationIssue.inorganic
COc1ccc(CN(C(=O)Cc2cccs2)C(C(=O)NC2CCCC2)c2ccncc2)cc1,CHEMBL1433021,1.0,CurationNote.canonical,
N#Cc1nc(-c2cccs2)oc1NCc1ccccc1,CHEMBL1311630,1.0,CurationNote.canonical,
None,,nan,,CurationIssue.rdkit_failed
None,,nan,,CurationIssue.rdkit_failed
None,,nan,,CurationIssue.rdkit_failed
None,,nan,,CurationIssue.rdkit_failed
None,,nan,,CurationIssue.rdkit_failed
None,AMSACRINE,nan,,CurationIssue.rdkit_failed
None,,nan,,CurationIssue.rdkit_failed
None,,nan,,CurationIssue.rdkit_failed
None,,nan,,CurationIssue.rdkit_failed
None,,nan,,CurationIssue.rdkit_failed
None,,nan,,CurationIssue.rdkit_failed
None,,nan,,CurationIssue.rdkit_failed
None,,nan,,CurationIssue.rdkit_failed
None,,nan,,CurationIssue.rdkit_failed
None,,nan,,CurationIssue.rdkit_failed
None,,nan,,CurationIssue.rdkit_failed
None,,nan,,CurationIssue.rdkit_failed
None,,nan,,CurationIssue.rdkit_failed
None,,nan,,CurationIssue.rdkit_failed
None,,nan,,CurationIssue.rdkit_failed
None,,nan,,CurationIssue.rdkit_failed
None,,nan,,CurationIssue.rdkit_failed
None,,nan,,CurationIssue.rdkit_failed
None,,nan,,CurationIssue.rdkit_failed
None,,nan,,CurationIssue.rdkit_failed
None,,nan,,CurationIssue.rdkit_failed
None,,nan,,CurationIssue.rdkit_failed
None,,nan,,CurationIssue.rdkit_failed
None,,nan,,CurationIssue.rdkit_failed
None,,nan,,CurationIssue.rdkit_failed
None,,nan,,CurationIssue.rdkit_failed
None,,nan,,CurationIssue.rdkit_failed
None,,nan,,CurationIssue.rdkit_failed
None,,nan,,CurationIssue.rdkit_failed
None,,nan,,CurationIssue.rdkit_failed
None,,nan,,CurationIssue.rdkit_failed
COc1ccccc1-c1nccc(-n2ccnc2)n1,CHEMBL1361656,0.0,CurationNote.canonical,
COc1ccc(NC(=O)NCCCN2CCCCC2C)cc1,CHEMBL1595944,1.0,CurationNote.canonical,
None,,nan,,CurationIssue.rdkit_failed
None,,nan,,CurationIssue.rdkit_failed
None,,nan,,CurationIssue.rdkit_failed
None,,nan,,CurationIssue.rdkit_failed
None,,nan,,CurationIssue.rdkit_failed
None,,nan,,CurationIssue.rdkit_failed
CNC(=O)/C=C1\NC(C)(C)Cc2c1ccc1ccccc21,CHEMBL1507862,0.0,CurationNote.canonical,
None,,nan,,CurationIssue.rdkit_failed
Cc1ccc(C(=N)c2ccccc2Cc2cccc3ccccc23)c2ccccc12,CHEMBL1288014,1.0,CurationNote.canonical,
None,,nan,,CurationIssue.rdkit_failed
None,,nan,,CurationIssue.rdkit_failed
COc1ccc(CNc2ncncc2-c2ccccc2C)c(OC)c1,CHEMBL491976,0.0,CurationNote.canonical,
C[C@@H](C(=O)O)c1ccc(C(=O)c2ccccc2)s1,CHEMBL1362630,1.0,CurationNote.canonical,
Ic1cncc(OC[C@@H]2CCN2)c1,CHEMBL123433,0.0,CurationNote.canonical,
O=C(Nc1cccc2ccccc12)c1cn(-c2ccccc2)nc1-c1cccs1,CHEMBL1328562,1.0,CurationNote.canonical,
C[n+]1cc2c3c(ccc2c2ccc4cc5c(cc4c21)OCO5)OCO3,CHEMBL417799,1.0,CurationNote.canonical,
None,,nan,,CurationIssue.rdkit_failed
None,,nan,,CurationIssue.rdkit_failed
None,,nan,,CurationIssue.rdkit_failed
None,,nan,,CurationIssue.rdkit_failed
None,,nan,,CurationIssue.rdkit_failed
None,,nan,,CurationIssue.rdkit_failed
None,,nan,,CurationIssue.rdkit_failed
None,,nan,,CurationIssue.rdkit_failed
None,,nan,,CurationIssue.rdkit_failed
O=[N+]([O-])c1cc2c(cc1/C=N/c1ccccc1)OCO2,CHEMBL3195211,0.0,CurationNote.canonical,
COc1ccccc1CN1CCCC2(CCNCC2)C1,CHEMBL1436664,0.0,CurationNote.canonical,
CC1(C)[C@@H]2CC[C@@]1(CS(=O)(=O)O)C(=O)C2.CN1[C@H](c2ccccc2)C/C(=N/O)C[C@@H]1c1ccccc1,CHEMBL1408347,1.0,CurationNote.canonical,CurationIssue.mixture
None,,nan,,CurationIssue.rdkit_failed
None,SKIMMIANINE,nan,,CurationIssue.rdkit_failed
None,,nan,,CurationIssue.rdkit_failed
None,,nan,,CurationIssue.rdkit_failed
None,ETOFYLLINE,nan,,CurationIssue.rdkit_failed
None,,nan,,CurationIssue.rdkit_failed
None,,nan,,CurationIssue.rdkit_failed
None,,nan,,CurationIssue.rdkit_failed
None,,nan,,CurationIssue.rdkit_failed
None,BMY-7378,nan,,CurationIssue.rdkit_failed
None,,nan,,CurationIssue.rdkit_failed
None,,nan,,CurationIssue.rdkit_failed
None,,nan,,CurationIssue.rdkit_failed
None,,nan,,CurationIssue.rdkit_failed
None,,nan,,CurationIssue.rdkit_failed
Cc1ccc(NS(=O)(=O)c2cc(C(=O)NCc3ccccn3)ccc2Cl)cc1C,CHEMBL1555896,1.0,CurationNote.canonical,
COc1ccccc1CN1CCCC2(CCN(C(=O)c3ccncc3)CC2)C1,CHEMBL1474876,1.0,CurationNote.canonical,
COc1ccc(CNc2ncncc2-c2ccoc2)c(OC)c1,CHEMBL1552985,1.0,CurationNote.canonical,
O=C(Nc1ccc(F)cc1)c1cc(S(=O)(=O)N2CCCCC2)cs1,CHEMBL1440329,0.0,CurationNote.canonical,
CC(=O)NCCNc1ncnc2ccc(-c3ccccc3Cl)cc12,CHEMBL1395850,0.0,CurationNote.canonical,
None,,nan,,CurationIssue.rdkit_failed
None,,nan,,CurationIssue.rdkit_failed
None,,nan,,CurationIssue.rdkit_failed
None,,nan,,CurationIssue.rdkit_failed
None,,nan,,CurationIssue.rdkit_failed
None,,nan,,CurationIssue.rdkit_failed
None,,nan,,CurationIssue.rdkit_failed
None,,nan,,CurationIssue.rdkit_failed
None,,nan,,CurationIssue.rdkit_failed
None,,nan,,CurationIssue.rdkit_failed
None,,nan,,CurationIssue.rdkit_failed
None,,nan,,CurationIssue.rdkit_failed
None,,nan,,CurationIssue.rdkit_failed
None,,nan,,CurationIssue.rdkit_failed
None,,nan,,CurationIssue.rdkit_failed
None,,nan,,CurationIssue.rdkit_failed
None,,nan,,CurationIssue.rdkit_failed
None,,nan,,CurationIssue.rdkit_failed
None,,nan,,CurationIssue.rdkit_failed
None,,nan,,CurationIssue.rdkit_failed
None,,nan,,CurationIssue.rdkit_failed
None,,nan,,CurationIssue.rdkit_failed
None,,nan,,CurationIssue.rdkit_failed
None,ARCTIGENIN,nan,,CurationIssue.rdkit_failed
None,,nan,,CurationIssue.rdkit_failed
None,,nan,,CurationIssue.rdkit_failed
None,,nan,,CurationIssue.rdkit_failed
None,,nan,,CurationIssue.rdkit_failed
None,,nan,,CurationIssue.rdkit_failed
N#Cc1cccc(-c2nc3cnc(Nc4ccccc4)nc3n(C[C@H]3CCCO3)c2=O)c1,CHEMBL1322743,1.0,CurationNote.canonical,
CN[C@H](Cc1ccccc1)c1cccc(OC)c1O,CHEMBL1438867,1.0,CurationNote.canonical,
COC(=O)[C@@H]1CC[C@H](C)[C@@H](c2ccc(C)cc2)N1C(=O)c1ccc(/C=N\OC[C@@H](C)[C@H](OCc2ccccc2)C(C)C)cc1,CHEMBL1592876,1.0,CurationNote.canonical,
COc1cccc(C(=O)NNC2=CC(=O)CC(C)(C)C2)c1,CHEMBL3212476,0.0,CurationNote.canonical,
FC(F)(F)c1ccccc1-c1cncnc1-n1ccnc1,CHEMBL1551777,0.0,CurationNote.canonical,
None,,nan,,CurationIssue.rdkit_failed
C[C@H](CN(C)C)C(O)(c1ccccc1)c1ccccc1,CHEMBL1335466,1.0,CurationNote.canonical,
None,,nan,,CurationIssue.rdkit_failed
None,,nan,,CurationIssue.rdkit_failed
None,,nan,,CurationIssue.rdkit_failed
None,,nan,,CurationIssue.rdkit_failed
None,,nan,,CurationIssue.rdkit_failed
None,,nan,,CurationIssue.rdkit_failed
None,,nan,,CurationIssue.rdkit_failed
None,,nan,,CurationIssue.rdkit_failed
c1ccc2c(c1)-c1ccccc1C2N1C[C@H]2CC[C@H](CC2)C1,CHEMBL1379086,1.0,CurationNote.canonical,
O=S(=O)(c1ccccc1)N1CCC2(CCN(Cc3nccs3)CC2)CC1,CHEMBL1480161,0.0,CurationNote.canonical,
None,,nan,,CurationIssue.rdkit_failed
None,,nan,,CurationIssue.rdkit_failed
COc1ccc(C(=O)N2CCC3(CCCN(Cc4ccncc4)C3)CC2)cc1,CHEMBL1334652,0.0,CurationNote.canonical,
Cc1nnc2nc(SCC(=O)NCC3CCCO3)n(-c3ccc(Br)cc3)c(N)c1-2,CHEMBL1374050,1.0,CurationNote.canonical,
COc1cccc(-c2cc(NCc3ccc(OC)cc3OC)ncn2)c1,CHEMBL1314799,0.0,CurationNote.canonical,
None,,nan,,CurationIssue.rdkit_failed
None,,nan,,CurationIssue.rdkit_failed
COc1ccccc1-c1cncnc1NCc1cccc(C)c1,CHEMBL522311,0.0,CurationNote.canonical,
CC(C)(Oc1ccc(Cl)cc1)C(=O)Nc1ccncc1,CHEMBL1319717,1.0,CurationNote.canonical,
Cn1c(Sc2ccc(-c3cccnc3)n2C)ccc1-c1cccnc1,CHEMBL1408138,1.0,CurationNote.canonical,CurationIssue.inorganic
CN(C)C(=O)c1ccc(-c2cc(-n3ccnc3)ncn2)cc1,CHEMBL1447909,0.0,CurationNote.canonical,
c1ccc(Nc2ncncc2-c2ccoc2)cc1,CHEMBL1555713,0.0,CurationNote.canonical,
O=S(=O)(NCCNS(=O)(=O)c1cccs1)c1cccs1,CHEMBL1548218,0.0,CurationNote.canonical,
CN(C)c1ccc(-c2cncnc2NCCN2CCOCC2)cc1,CHEMBL1520216,0.0,CurationNote.canonical,
CN(C)c1ccc(-c2nccc(NCc3cccs3)n2)cc1,CHEMBL1356135,1.0,CurationNote.canonical,
O=C(CSc1nnc(-c2ccncc2)n1Cc1ccccc1)Nc1nccs1,CHEMBL1393933,0.0,CurationNote.canonical,CurationIssue.inorganic
Cc1cccc(CNc2ncnc3ccc(-c4ccc5c(c4)OCO5)cc23)c1,CHEMBL565856,1.0,CurationNote.canonical,
None,,nan,,CurationIssue.rdkit_failed
None,,nan,,CurationIssue.rdkit_failed
None,,nan,,CurationIssue.rdkit_failed
None,NAPROXEN SODIUM,nan,,CurationIssue.rdkit_failed
None,,nan,,CurationIssue.rdkit_failed
None,LEVODOPA,nan,,CurationIssue.rdkit_failed
None,,nan,,CurationIssue.rdkit_failed
None,,nan,,CurationIssue.rdkit_failed
None,,nan,,CurationIssue.rdkit_failed
None,SOBUZOXANE,nan,,CurationIssue.rdkit_failed
None,,nan,,CurationIssue.rdkit_failed
None,,nan,,CurationIssue.rdkit_failed
None,,nan,,CurationIssue.rdkit_failed
None,,nan,,CurationIssue.rdkit_failed
None,,nan,,CurationIssue.rdkit_failed
None,,nan,,CurationIssue.rdkit_failed
None,,nan,,CurationIssue.rdkit_failed
None,,nan,,CurationIssue.rdkit_failed
None,,nan,,CurationIssue.rdkit_failed
None,,nan,,CurationIssue.rdkit_failed
None,,nan,,CurationIssue.rdkit_failed
None,PYRIDOXAMINE,nan,,CurationIssue.rdkit_failed
None,,nan,,CurationIssue.rdkit_failed
None,,nan,,CurationIssue.rdkit_failed
None,,nan,,CurationIssue.rdkit_failed
None,,nan,,CurationIssue.rdkit_failed
CSc1ccc(Cl)c(C(=O)NCCOc2cc(C)ccc2C(C)C)c1,CHEMBL1467643,0.0,CurationNote.canonical,CurationIssue.inorganic
O=C(c1ccc(OCCN2CCCCC2)cc1)c1c(-c2ccc(O)cc2)sc2cc(O)ccc12,CHEMBL81,1.0,CurationNote.canonical,
N=C(N)SCc1nc(-c2ccc(Cl)cc2)no1,CHEMBL1562612,1.0,CurationNote.canonical,
COc1cc(CNC2CCCC2)cc(Cl)c1OCc1ccccc1Cl.Cl,CHEMBL1328118,1.0,CurationNote.canonical,CurationIssue.mixture
COC(=O)c1ccc(NC(=O)N2CCC(O)(c3cccnc3)CC2)cc1,CHEMBL1466432,0.0,CurationNote.canonical,
Nc1n[nH]c(SCC(=O)Nc2ccccc2Sc2ccc(Cl)cc2)n1,CHEMBL1611048,0.0,CurationNote.canonical,CurationIssue.inorganic
COc1ccc(/C=N/Nc2nonc2N)cc1,CHEMBL3212851,0.0,CurationNote.canonical,
C=CCN(CC=C)C(=S)NC(=O)c1ccc(OC)c(Br)c1,CHEMBL1454660,1.0,CurationNote.canonical,
N=C(N)N/N=C(/c1ccccc1)c1ccc(O)cc1O,CHEMBL1434975,1.0,CurationNote.canonical,
CN1CCN(CCCN2c3ccccc3Sc3ccc(Cl)cc32)CC1,CHEMBL728,1.0,CurationNote.canonical,CurationIssue.inorganic
CN(C)C(=O)c1ccc(-c2ccc3ncnc(N(C)Cc4ccco4)c3c2)cc1,CHEMBL1442458,0.0,CurationNote.canonical,
CCCNC(=O)CSc1nc(-c2cccs2)cc(C(F)(F)F)n1,CHEMBL1439148,1.0,CurationNote.canonical,CurationIssue.inorganic
CC1(C)N=C(N)N=C(N)N1c1cccc(OCc2cccc(N)c2)c1,CHEMBL1486844,1.0,CurationNote.canonical,
CNCCC=C1c2ccccc2CCc2ccccc21,CHEMBL445,0.0,CurationNote.canonical,
CCNc1ncc2nc(-c3cccc(C#N)c3)c(=O)n(C)c2n1,CHEMBL1554763,1.0,CurationNote.canonical,
c1ccc(CNc2ncnc3ccc(-c4ccoc4)cc23)cc1,CHEMBL1552519,0.0,CurationNote.canonical,
CCOC(=O)c1sc2nc(CC(=O)OC)nc(NCc3ccc(F)cc3)c2c1C,CHEMBL1414438,0.0,CurationNote.canonical,
Nc1ccc(S(=O)(=O)[N-]c2ncccn2)cc1.[Ag+],CHEMBL1382627,1.0,CurationNote.canonical,CurationIssue.mixture
CN1[C@H]2CC[C@@H]1C[C@H](OC(=O)c1c[nH]c3ccccc13)C2,CHEMBL56564,0.0,CurationNote.canonical,
O=C(c1csnn1)N1CCC2(CC1)CCN(c1ccccn1)CC2,CHEMBL1591573,0.0,CurationNote.canonical,
Clc1ccccc1-c1nccc(NCc2cccs2)n1,CHEMBL1366020,0.0,CurationNote.canonical,
Cc1nn(-c2ccccc2)c2c1C(=O)N(Cc1ccccc1)C(=O)C(C)(C)C2,CHEMBL1598878,1.0,CurationNote.canonical,
CCCCCCCCCCCCCCCCCC(=O)NC[C@@H](COP(=O)([O-])OCC[N+](C)(C)C)OCC,CHEMBL1517187,0.0,CurationNote.canonical,
COc1ccc(S(=O)(=O)N2CCCN(CC(=O)Nc3ccc(OC)c(Cl)c3)CC2)cc1,CHEMBL1527911,0.0,CurationNote.canonical,
CCCCOc1ccc(/C=C/C(=O)NCCc2nc3ccccc3[nH]2)cc1,CHEMBL1544437,0.0,CurationNote.canonical,
COC(=O)N1CCC2(CCCN(Cc3ccccc3)C2)CC1,CHEMBL1553939,1.0,CurationNote.canonical,
CCCCc1[nH]nc2c1/C(=N/O)CC(c1ccccc1)C2,CHEMBL3212912,0.0,CurationNote.canonical,
C/C(=C\C(=O)c1ccc(Br)cc1)NCc1ccc2c(c1)OCO2,CHEMBL3196775,1.0,CurationNote.canonical,
COc1ccc2[nH]cc(CCNc3nc(-c4ccccc4CN(C)C)nc4ccccc34)c2c1,CHEMBL1437690,0.0,CurationNote.canonical,
N#Cc1ccc(CN2CCCC3(CCN(C(=O)c4cnccn4)CC3)C2)cc1,CHEMBL1354713,1.0,CurationNote.canonical,
COc1ccc(-n2c(=O)c(CCc3ccccc3)nc3cnc(OC)nc32)cc1,CHEMBL1513740,0.0,CurationNote.canonical,
c1ccc(CNc2ncnc3[nH]cnc23)cc1,CHEMBL228862,0.0,CurationNote.canonical,
None,,nan,,CurationIssue.rdkit_failed
None,,nan,,CurationIssue.rdkit_failed
None,,nan,,CurationIssue.rdkit_failed
None,,nan,,CurationIssue.rdkit_failed
None,,nan,,CurationIssue.rdkit_failed
None,,nan,,CurationIssue.rdkit_failed
None,LEVDOBUTAMINE,nan,,CurationIssue.rdkit_failed
None,,nan,,CurationIssue.rdkit_failed
None,,nan,,CurationIssue.rdkit_failed
None,,nan,,CurationIssue.rdkit_failed
None,,nan,,CurationIssue.rdkit_failed
None,,nan,,CurationIssue.rdkit_failed
None,,nan,,CurationIssue.rdkit_failed
None,,nan,,CurationIssue.rdkit_failed
None,,nan,,CurationIssue.rdkit_failed
None,,nan,,CurationIssue.rdkit_failed
O=C(NC(NC(=S)Nc1ccccc1)C(Cl)(Cl)Cl)c1cccc(Cl)c1,CHEMBL1363275,0.0,CurationNote.canonical,
CC(C)NC[C@@H](O)COc1ccccc1-n1cccc1,CHEMBL1592679,0.0,CurationNote.canonical,
COc1cc(C(=O)OC(C)C(=O)Nc2ccc3c(c2)OCO3)ccc1OCc1c(C)noc1C,CHEMBL1511553,0.0,CurationNote.canonical,
CCNc1ncc2nc(-c3cc(F)cc(F)c3)c(=O)n(C3CC3)c2n1,CHEMBL1523900,1.0,CurationNote.canonical,
CN(C)CCCN1c2ccc3ccccc3c2Sc2cccc(Cl)c21,CHEMBL1600497,1.0,CurationNote.canonical,CurationIssue.inorganic
CCN(CC)CCOC(=O)C(c1ccccc1)c1ccccc1,CHEMBL353846,1.0,CurationNote.canonical,
O=C(Nc1ccccc1)N1CCCC2(CCN(C(=O)Oc3ccccc3)CC2)C1,CHEMBL1436160,0.0,CurationNote.canonical,
None,,nan,,CurationIssue.rdkit_failed
COc1ccc(CNc2nc(-c3cccnc3)nc3ccccc23)c(OC)c1,CHEMBL1454049,1.0,CurationNote.canonical,
CCCCNCCOCCOc1ccc(C)cc1[N+](=O)[O-].O=C(O)C(=O)O,CHEMBL1367733,1.0,CurationNote.canonical,CurationIssue.mixture
COc1cccc(-c2nccc(NCc3cccnc3)n2)c1,CHEMBL1435077,0.0,CurationNote.canonical,
CCOC(=O)Cn1c(=O)oc2cc(S(=O)(=O)NCCc3ccc(OCC)c(OCC)c3)ccc21,CHEMBL1401073,0.0,CurationNote.canonical,
CCCNC(=O)OC[C@@H]1O[C@H](CCO/N=C(\C)CCN2CCCCc3nc(C)c(C)cc32)C=C[C@@H]1Oc1ccc(OC)cc1,CHEMBL1449726,1.0,CurationNote.canonical,
COC(=O)N1CCN(C(=O)Cc2ccc(Cl)c(Cl)c2)[C@H](CN2CCCC2)C1,CHEMBL277863,0.0,CurationNote.canonical,CurationIssue.disagreeing_duplicate
O=C(Nc1nnc(C2CC2)s1)C1Cc2ccccc2CN1S(=O)(=O)c1ccccc1F,CHEMBL1536326,0.0,CurationNote.canonical,
CC(C)n1nnnc1SCC(=O)NCc1ccc2c(c1)OCO2,CHEMBL1440867,0.0,CurationNote.canonical,
Cc1cccc(CNc2cc(-c3ccoc3)ncn2)c1,CHEMBL1338985,0.0,CurationNote.canonical,
CCc1c2c(nc3cccc(SC)c13)COC2,CHEMBL1606892,0.0,CurationNote.canonical,
CS(=O)(=O)Nc1ccc(Cc2noc(-c3ccc4[nH]cc(CCN)c4c3)n2)cc1,CHEMBL39317,1.0,CurationNote.canonical,
CNCC[C@H](Oc1ccccc1OC)c1ccccc1,CHEMBL1409777,1.0,CurationNote.canonical,
O=C(/C=C\c1ccc(Cl)cc1)N[C@@]12CCC(=O)[C@@H]3Oc4c(O)ccc5c4[C@@]31CCN(CC1CC1)[C@@H]2C5,CHEMBL1591508,1.0,CurationNote.canonical,
CCC(C)N1C(=O)S/C(=C/c2ccc(Sc3nc4ccccc4[nH]3)o2)C1=O,CHEMBL1611902,1.0,CurationNote.canonical,CurationIssue.inorganic
CC(C)NC[C@@H](O)COc1cccc2[nH]ccc12,CHEMBL1530633,1.0,CurationNote.canonical,CurationIssue.duplicate
Cc1ccc(C(=O)c2oc3nc(C)cc(C)c3c2N)cc1,CHEMBL1481746,1.0,CurationNote.canonical,
None,INDOMETHACIN MORPHOLINYLAMIDE,nan,,CurationIssue.rdkit_failed
None,,nan,,CurationIssue.rdkit_failed
None,ACETAMIDE,nan,,CurationIssue.rdkit_failed
None,,nan,,CurationIssue.rdkit_failed
None,,nan,,CurationIssue.rdkit_failed
None,,nan,,CurationIssue.rdkit_failed
None,,nan,,CurationIssue.rdkit_failed
None,,nan,,CurationIssue.rdkit_failed
None,,nan,,CurationIssue.rdkit_failed
None,,nan,,CurationIssue.rdkit_failed
None,,nan,,CurationIssue.rdkit_failed
CCn1c(=O)[nH]c2cc(Cl)c(Cl)cc21,CHEMBL1255655,0.0,CurationNote.canonical,
CN(C)CCCc1cc(C(=O)Nc2ccc(-c3ccncc3)cc2)ccc1O,CHEMBL119264,1.0,CurationNote.canonical,
None,,nan,,CurationIssue.rdkit_failed
None,,nan,,CurationIssue.rdkit_failed
None,EHNA,nan,,CurationIssue.rdkit_failed
None,,nan,,CurationIssue.rdkit_failed
None,,nan,,CurationIssue.rdkit_failed
None,,nan,,CurationIssue.rdkit_failed
None,,nan,,CurationIssue.rdkit_failed
None,,nan,,CurationIssue.rdkit_failed
O=C(O)CC[P+](c1ccccc1)(c1ccccc1)c1ccccc1,CHEMBL1354112,1.0,CurationNote.canonical,
None,,nan,,CurationIssue.rdkit_failed
None,,nan,,CurationIssue.rdkit_failed
c1csc(CNc2ccnc(-c3ccc4c(c3)OCO4)n2)c1,CHEMBL1558843,1.0,CurationNote.canonical,
O=C(COc1cccc(NC(=O)c2cccc([N+](=O)[O-])c2)c1)c1ccc(Br)cc1,CHEMBL1327912,1.0,CurationNote.canonical,
O=C1[C@@H]2C=CC=CC2=NC(=S)N1CCN1CCC(=C(c2ccc(F)cc2)c2ccc(F)cc2)CC1,CHEMBL1373139,0.0,CurationNote.canonical,
None,,nan,,CurationIssue.rdkit_failed
None,,nan,,CurationIssue.rdkit_failed
None,,nan,,CurationIssue.rdkit_failed
None,,nan,,CurationIssue.rdkit_failed
None,,nan,,CurationIssue.rdkit_failed
None,,nan,,CurationIssue.rdkit_failed
None,,nan,,CurationIssue.rdkit_failed
None,,nan,,CurationIssue.rdkit_failed
None,,nan,,CurationIssue.rdkit_failed
None,L-NIL,nan,,CurationIssue.rdkit_failed
None,,nan,,CurationIssue.rdkit_failed
None,,nan,,CurationIssue.rdkit_failed
None,,nan,,CurationIssue.rdkit_failed
None,,nan,,CurationIssue.rdkit_failed
None,,nan,,CurationIssue.rdkit_failed
None,,nan,,CurationIssue.rdkit_failed
None,,nan,,CurationIssue.rdkit_failed
None,PRAZIQUANTEL, (R)-,nan,,CurationIssue.rdkit_failed
None,,nan,,CurationIssue.rdkit_failed
None,,nan,,CurationIssue.rdkit_failed
None,,nan,,CurationIssue.rdkit_failed
None,,nan,,CurationIssue.rdkit_failed
O=C(Cc1ccc(Br)cc1)Nc1ccccc1Sc1ccccc1,CHEMBL1528076,0.0,CurationNote.canonical,CurationIssue.inorganic
Cc1c(-c2ccccc2)oc2c(C(=O)OCCN3CCCCC3)cccc2c1=O,CHEMBL1493,1.0,CurationNote.canonical,
None,,nan,,CurationIssue.rdkit_failed
None,,nan,,CurationIssue.rdkit_failed
None,,nan,,CurationIssue.rdkit_failed
None,(R)-MELPHALAN,nan,,CurationIssue.rdkit_failed
None,,nan,,CurationIssue.rdkit_failed
None,,nan,,CurationIssue.rdkit_failed
None,,nan,,CurationIssue.rdkit_failed
None,,nan,,CurationIssue.rdkit_failed
None,,nan,,CurationIssue.rdkit_failed
None,,nan,,CurationIssue.rdkit_failed
None,,nan,,CurationIssue.rdkit_failed
None,,nan,,CurationIssue.rdkit_failed
None,,nan,,CurationIssue.rdkit_failed
None,,nan,,CurationIssue.rdkit_failed
None,GABAZINE,nan,,CurationIssue.rdkit_failed
None,,nan,,CurationIssue.rdkit_failed
None,,nan,,CurationIssue.rdkit_failed
None,,nan,,CurationIssue.rdkit_failed
None,,nan,,CurationIssue.rdkit_failed
Cc1ccc(CCN2CC(C(=O)NCCN3CCCCCC3)CC2=O)cc1,CHEMBL1565852,0.0,CurationNote.canonical,
None,,nan,,CurationIssue.rdkit_failed
None,,nan,,CurationIssue.rdkit_failed
None,LEVISOPRENALINE,nan,,CurationIssue.rdkit_failed
None,,nan,,CurationIssue.rdkit_failed
None,,nan,,CurationIssue.rdkit_failed
None,,nan,,CurationIssue.rdkit_failed
None,,nan,,CurationIssue.rdkit_failed
None,,nan,,CurationIssue.rdkit_failed
None,,nan,,CurationIssue.rdkit_failed
None,,nan,,CurationIssue.rdkit_failed
None,,nan,,CurationIssue.rdkit_failed
None,,nan,,CurationIssue.rdkit_failed
None,,nan,,CurationIssue.rdkit_failed
None,,nan,,CurationIssue.rdkit_failed
None,,nan,,CurationIssue.rdkit_failed
None,,nan,,CurationIssue.rdkit_failed
None,,nan,,CurationIssue.rdkit_failed
None,,nan,,CurationIssue.rdkit_failed
None,,nan,,CurationIssue.rdkit_failed
None,,nan,,CurationIssue.rdkit_failed
None,PRAZOSIN,nan,,CurationIssue.rdkit_failed
None,,nan,,CurationIssue.rdkit_failed
None,,nan,,CurationIssue.rdkit_failed
None,,nan,,CurationIssue.rdkit_failed
None,,nan,,CurationIssue.rdkit_failed
None,,nan,,CurationIssue.rdkit_failed
None,,nan,,CurationIssue.rdkit_failed
None,,nan,,CurationIssue.rdkit_failed
None,,nan,,CurationIssue.rdkit_failed
None,,nan,,CurationIssue.rdkit_failed
None,,nan,,CurationIssue.rdkit_failed
None,,nan,,CurationIssue.rdkit_failed
None,,nan,,CurationIssue.rdkit_failed
None,,nan,,CurationIssue.rdkit_failed
None,,nan,,CurationIssue.rdkit_failed
None,,nan,,CurationIssue.rdkit_failed
None,,nan,,CurationIssue.rdkit_failed
None,,nan,,CurationIssue.rdkit_failed
None,,nan,,CurationIssue.rdkit_failed
None,,nan,,CurationIssue.rdkit_failed
None,,nan,,CurationIssue.rdkit_failed
None,,nan,,CurationIssue.rdkit_failed
None,,nan,,CurationIssue.rdkit_failed
None,,nan,,CurationIssue.rdkit_failed
None,,nan,,CurationIssue.rdkit_failed
None,,nan,,CurationIssue.rdkit_failed
None,,nan,,CurationIssue.rdkit_failed
None,,nan,,CurationIssue.rdkit_failed
None,,nan,,CurationIssue.rdkit_failed
None,,nan,,CurationIssue.rdkit_failed
None,,nan,,CurationIssue.rdkit_failed
None,,nan,,CurationIssue.rdkit_failed
None,,nan,,CurationIssue.rdkit_failed
None,,nan,,CurationIssue.rdkit_failed
None,,nan,,CurationIssue.rdkit_failed
None,,nan,,CurationIssue.rdkit_failed
None,,nan,,CurationIssue.rdkit_failed
None,GF-109203,nan,,CurationIssue.rdkit_failed
None,N- (9-FLUORENYLMETHOXYCARBONYL)-L-LEUCINE,nan,,CurationIssue.rdkit_failed
None,,nan,,CurationIssue.rdkit_failed
None,,nan,,CurationIssue.rdkit_failed
None,,nan,,CurationIssue.rdkit_failed
None,,nan,,CurationIssue.rdkit_failed
None,,nan,,CurationIssue.rdkit_failed
None,,nan,,CurationIssue.rdkit_failed
None,,nan,,CurationIssue.rdkit_failed
CC[C@]1(c2ncc[nH]2)Cc2ccccc2O1,CHEMBL1315417,1.0,CurationNote.canonical,
O=C(CCCCn1c(=S)[nH]c2ccsc2c1=O)NCc1ccco1,CHEMBL1311840,0.0,CurationNote.canonical,
CS(=O)(=O)Nc1cccc(-c2cncnc2Nc2ccccc2)c1,CHEMBL1394854,0.0,CurationNote.canonical,
CCN(CC)CCn1c(=S)[nH]c2cc3c(cc2c1=O)OCO3,CHEMBL1566202,1.0,CurationNote.canonical,
Cc1ccccc1-c1cncnc1Nc1ccccc1,CHEMBL1475789,0.0,CurationNote.canonical,
CN1CCCC2(CCN(C(=O)c3ccncc3)CC2)C1,CHEMBL1568129,1.0,CurationNote.canonical,
CCC(C)(C(=O)NC1CCCC1)N(CC1CCCO1)C(=O)c1ccc2c(c1)OCO2,CHEMBL1352096,0.0,CurationNote.canonical,
C/C(=C\C(=O)c1ccccc1)Nc1ccc(Br)c(Cl)c1,CHEMBL3213666,0.0,CurationNote.canonical,
None,,nan,,CurationIssue.rdkit_failed
None,,nan,,CurationIssue.rdkit_failed
None,,nan,,CurationIssue.rdkit_failed
None,METHSCOPOLAMINE,nan,,CurationIssue.rdkit_failed
None,,nan,,CurationIssue.rdkit_failed
None,,nan,,CurationIssue.rdkit_failed
None,DIMAPRIT,nan,,CurationIssue.rdkit_failed
None,,nan,,CurationIssue.rdkit_failed
None,,nan,,CurationIssue.rdkit_failed
None,,nan,,CurationIssue.rdkit_failed
None,,nan,,CurationIssue.rdkit_failed
None,,nan,,CurationIssue.rdkit_failed
None,,nan,,CurationIssue.rdkit_failed
None,,nan,,CurationIssue.rdkit_failed
None,,nan,,CurationIssue.rdkit_failed
None,,nan,,CurationIssue.rdkit_failed
None,,nan,,CurationIssue.rdkit_failed
None,,nan,,CurationIssue.rdkit_failed
None,,nan,,CurationIssue.rdkit_failed
None,,nan,,CurationIssue.rdkit_failed
None,,nan,,CurationIssue.rdkit_failed
CCCOc1ccc(C(=O)OCCN(CC)CC)cc1N,CHEMBL1196,1.0,CurationNote.canonical,
None,,nan,,CurationIssue.rdkit_failed
CS(=O)(=O)Nc1cccc(-c2ccc3ncnc(Nc4ccc(F)cc4)c3c2)c1,CHEMBL1366433,0.0,CurationNote.canonical,
None,,nan,,CurationIssue.rdkit_failed
O=C(NNC(=O)c1cc(-c2ccc(Cl)c(Cl)c2)nc2ccccc12)Nc1ccccc1,CHEMBL1511739,0.0,CurationNote.canonical,
None,,nan,,CurationIssue.rdkit_failed
None,,nan,,CurationIssue.rdkit_failed
None,,nan,,CurationIssue.rdkit_failed
None,,nan,,CurationIssue.rdkit_failed
None,,nan,,CurationIssue.rdkit_failed
None,,nan,,CurationIssue.rdkit_failed
None,,nan,,CurationIssue.rdkit_failed
None,,nan,,CurationIssue.rdkit_failed
None,,nan,,CurationIssue.rdkit_failed
None,,nan,,CurationIssue.rdkit_failed
None,,nan,,CurationIssue.rdkit_failed
None,,nan,,CurationIssue.rdkit_failed
None,,nan,,CurationIssue.rdkit_failed
None,NIMUSTINE,nan,,CurationIssue.rdkit_failed
None,,nan,,CurationIssue.rdkit_failed
None,,nan,,CurationIssue.rdkit_failed
None,,nan,,CurationIssue.rdkit_failed
None,,nan,,CurationIssue.rdkit_failed
None,,nan,,CurationIssue.rdkit_failed
None,,nan,,CurationIssue.rdkit_failed
None,,nan,,CurationIssue.rdkit_failed
None,,nan,,CurationIssue.rdkit_failed
None,,nan,,CurationIssue.rdkit_failed
None,,nan,,CurationIssue.rdkit_failed
None,,nan,,CurationIssue.rdkit_failed
None,,nan,,CurationIssue.rdkit_failed
None,,nan,,CurationIssue.rdkit_failed
None,,nan,,CurationIssue.rdkit_failed
None,,nan,,CurationIssue.rdkit_failed
None,,nan,,CurationIssue.rdkit_failed
None,,nan,,CurationIssue.rdkit_failed
None,,nan,,CurationIssue.rdkit_failed
None,,nan,,CurationIssue.rdkit_failed
None,,nan,,CurationIssue.rdkit_failed
None,,nan,,CurationIssue.rdkit_failed
None,,nan,,CurationIssue.rdkit_failed
None,,nan,,CurationIssue.rdkit_failed
None,,nan,,CurationIssue.rdkit_failed
None,,nan,,CurationIssue.rdkit_failed
c1csc(CNc2nc(-c3ccoc3)nc3ccccc23)c1,CHEMBL1438371,1.0,CurationNote.canonical,
COc1cccc(-c2cc(NCc3cnc(C)cn3)ncn2)c1,CHEMBL1514719,0.0,CurationNote.canonical,
Cc1noc(C)c1C(=O)N1CCC[C@@]2(CCN(c3ccccn3)C2)C1,CHEMBL1610387,1.0,CurationNote.canonical,
Cc1cccc(CSCCNC(=O)CSCc2ccc([N+](=O)[O-])cc2)c1,CHEMBL1497925,1.0,CurationNote.canonical,
CC1CCN(CCc2nc3cc(NC(=O)NC4CCCCC4)ccc3n2C)CC1,CHEMBL1443961,0.0,CurationNote.canonical,
CN(Cc1ccco1)c1ncnc2ccc(-c3ccc4c(c3)OCO4)cc12,CHEMBL1374544,1.0,CurationNote.canonical,
COc1ccccc1CNCc1cccs1.Cl,CHEMBL1741952,1.0,CurationNote.canonical,CurationIssue.mixture
CC1=NC(C)(C)Cc2ccccc21.O=C(O)c1ccccc1O,CHEMBL1499204,0.0,CurationNote.canonical,CurationIssue.mixture
Oc1ccc([C@@H]2CNCCc3c2cc(O)c(O)c3Cl)cc1,CHEMBL1161520,1.0,CurationNote.canonical,
COc1ccccc1CNc1ncncc1-c1ccoc1,CHEMBL1566780,0.0,CurationNote.canonical,
CCCCCC/C(C)=C1/SC(=S)NC1=O,CHEMBL1545539,0.0,CurationNote.canonical,
COc1cccc(Cn2c(=O)cnc3cnc(N4CCN(C)CC4)nc32)c1,CHEMBL1363467,0.0,CurationNote.canonical,
C=CCNc1nc(-c2ccc(Cl)cc2)cs1,CHEMBL1326533,0.0,CurationNote.canonical,
CCc1ccccc1OC[C@H](O)CN[C@@H]1CCc2ccccc2C1,CHEMBL1322875,1.0,CurationNote.canonical,
O=C(c1csnn1)N1CCC[C@@]2(CCN(Cc3nccs3)C2)C1,CHEMBL1437778,1.0,CurationNote.canonical,
None,,nan,,CurationIssue.rdkit_failed
None,,nan,,CurationIssue.rdkit_failed
None,,nan,,CurationIssue.rdkit_failed
CN1CCc2cc(Cl)c(O)cc2[C@H](c2ccccc2)C1,CHEMBL63321,1.0,CurationNote.canonical,
None,,nan,,CurationIssue.rdkit_failed
CCN(CC)CCOC(=O)C1(c2ccc([N+](=O)[O-])cc2)CCCC1,CHEMBL1192187,1.0,CurationNote.canonical,
COc1ccc(C(=O)N2CCC3(CC2)CN(c2ccc(-c4ccccc4)cc2)C3)cc1,CHEMBL1434098,0.0,CurationNote.canonical,
N#CC(C#N)=Cc1ccc(O)c(O)c1,CHEMBL76904,0.0,CurationNote.canonical,
O=C(/C=C/c1cccnc1)c1ccc(NC(=O)c2cccc(Br)c2)cc1,CHEMBL1509145,1.0,CurationNote.canonical,
Br.COc1ccc2c(c1)[C@]13CCCC[C@@H]1[C@H](C2)N(C)CC3.O,CHEMBL1256818,1.0,CurationNote.canonical,CurationIssue.mixture
Clc1ccc([C@H](Cn2ccnc2)OCc2c(Cl)cccc2Cl)c(Cl)c1,CHEMBL1327203,1.0,CurationNote.canonical,
Br.CC[C@H]1CN2CC[C@@H]1C[C@H]2[C@@H](O)c1ccnc2ccc(OC)cc12.O,CHEMBL1314427,1.0,CurationNote.canonical,CurationIssue.mixture
CC(=O)c1cn(CC(=O)Nc2ccccc2C)c2ccccc12,CHEMBL1607115,1.0,CurationNote.canonical,
None,,nan,,CurationIssue.rdkit_failed
None,,nan,,CurationIssue.rdkit_failed
None,,nan,,CurationIssue.rdkit_failed
None,,nan,,CurationIssue.rdkit_failed
None,,nan,,CurationIssue.rdkit_failed
None,,nan,,CurationIssue.rdkit_failed
None,,nan,,CurationIssue.rdkit_failed
None,,nan,,CurationIssue.rdkit_failed
None,,nan,,CurationIssue.rdkit_failed
None,,nan,,CurationIssue.rdkit_failed
O=C(Cn1cc(C(F)(F)F)ccc1=O)N1CCN(S(=O)(=O)c2ccccc2)CC1,CHEMBL1303347,0.0,CurationNote.canonical,
CCN1CCC[C@@H]1CNC(=O)c1c(O)c(Cl)cc(Cl)c1OC.O=C(O)C(O)C(O)C(=O)O,CHEMBL2062333,0.0,CurationNote.canonical,CurationIssue.mixture
COc1cc(O)oc1/C=N/c1ccc(Cl)cc1,CHEMBL3213185,0.0,CurationNote.canonical,
None,,nan,,CurationIssue.rdkit_failed
None,,nan,,CurationIssue.rdkit_failed
None,,nan,,CurationIssue.rdkit_failed
None,,nan,,CurationIssue.rdkit_failed
None,,nan,,CurationIssue.rdkit_failed
None,,nan,,CurationIssue.rdkit_failed
None,,nan,,CurationIssue.rdkit_failed
None,,nan,,CurationIssue.rdkit_failed
None,,nan,,CurationIssue.rdkit_failed
None,,nan,,CurationIssue.rdkit_failed
None,,nan,,CurationIssue.rdkit_failed
None,,nan,,CurationIssue.rdkit_failed
COc1ccc(C(C(=O)Nc2ccc(F)cc2)N(C(=O)Cn2nnc3ccccc32)C2CC2)cc1,CHEMBL1579981,0.0,CurationNote.canonical,
Cc1cc(/C=C2\SC(=S)N(Cc3ccco3)C2=O)c(C)n1-c1cccnc1,CHEMBL1308386,0.0,CurationNote.canonical,
Cl.Fc1ccc(SCCc2ccncc2)cc1,CHEMBL1430026,1.0,CurationNote.canonical,CurationIssue.mixture
CCCCOC(=O)c1ccc(O)cc1,CHEMBL459008,0.0,CurationNote.canonical,
CCOc1ccc2nc(O)c(CN(CCCO)Cc3nnnn3CCc3ccccc3)cc2c1,CHEMBL1472036,0.0,CurationNote.canonical,
None,,nan,,CurationIssue.rdkit_failed
None,,nan,,CurationIssue.rdkit_failed
None,,nan,,CurationIssue.rdkit_failed
None,,nan,,CurationIssue.rdkit_failed
None,,nan,,CurationIssue.rdkit_failed
None,,nan,,CurationIssue.rdkit_failed
None,,nan,,CurationIssue.rdkit_failed
None,,nan,,CurationIssue.rdkit_failed
None,,nan,,CurationIssue.rdkit_failed
None,,nan,,CurationIssue.rdkit_failed
None,,nan,,CurationIssue.rdkit_failed
None,,nan,,CurationIssue.rdkit_failed
None,,nan,,CurationIssue.rdkit_failed
None,,nan,,CurationIssue.rdkit_failed
None,,nan,,CurationIssue.rdkit_failed
None,,nan,,CurationIssue.rdkit_failed
None,,nan,,CurationIssue.rdkit_failed
None,,nan,,CurationIssue.rdkit_failed
None,,nan,,CurationIssue.rdkit_failed
None,,nan,,CurationIssue.rdkit_failed
None,,nan,,CurationIssue.rdkit_failed
None,,nan,,CurationIssue.rdkit_failed
None,,nan,,CurationIssue.rdkit_failed
None,(-)-EPICATECHIN,nan,,CurationIssue.rdkit_failed
None,,nan,,CurationIssue.rdkit_failed
None,,nan,,CurationIssue.rdkit_failed
None,,nan,,CurationIssue.rdkit_failed
None,,nan,,CurationIssue.rdkit_failed
None,,nan,,CurationIssue.rdkit_failed
None,,nan,,CurationIssue.rdkit_failed
None,,nan,,CurationIssue.rdkit_failed
None,,nan,,CurationIssue.rdkit_failed
None,DUP-697,nan,,CurationIssue.rdkit_failed
None,,nan,,CurationIssue.rdkit_failed
None,,nan,,CurationIssue.rdkit_failed
None,,nan,,CurationIssue.rdkit_failed
Cc1cc(OC(C)C)nc(NCc2ccccc2)n1,CHEMBL1407089,1.0,CurationNote.canonical,
CCCCCCCCCCCCCCCC(=O)O[C@H](CC(=O)[O-])C[N+](C)(C)C,CHEMBL3392050,0.0,CurationNote.canonical,
OC(CNCc1ccc(F)cc1)(c1ccc(F)cc1)c1ccc(F)cc1,CHEMBL1384477,1.0,CurationNote.canonical,
COc1cccc(-c2nc(NCc3cccnc3)c3ccccc3n2)c1,CHEMBL1439401,0.0,CurationNote.canonical,
CCCS(=O)(=O)N1CCCC(C(=O)NCCCN2CCN(c3cccc(Cl)c3)CC2)C1,CHEMBL1538008,1.0,CurationNote.canonical,
COc1cccc(Cn2c(=O)c(-c3cc(F)cc(F)c3)nc3cnc(N4CCNCC4)nc32)c1,CHEMBL1455438,0.0,CurationNote.canonical,
CCS(=O)(=O)N1CCC(C(=O)NCCCN2CCN(c3ccccc3F)CC2)CC1,CHEMBL1741473,0.0,CurationNote.canonical,
,CHEMBL1334965,1.0,CurationNote.canonical,CurationIssue.duplicate
CS(=O)(=O)N1CCC[C@@]2(CCN(Cc3ccccc3)C2)C1,CHEMBL1324151,1.0,CurationNote.canonical,
CCOC(=O)c1ccc(NC(=NS(=O)(=O)c2ccccc2C)c2ccccc2)cc1,CHEMBL1455802,0.0,CurationNote.canonical,
Cc1ccccc1OCCNC(=O)c1ccccc1Sc1ccccc1C#N,CHEMBL1414668,0.0,CurationNote.canonical,CurationIssue.inorganic
CN(C(=O)c1cnc(N2CCN(c3ncccn3)CC2)c2ccccc12)c1ccc(Cl)cc1,CHEMBL1508906,0.0,CurationNote.canonical,
Cc1cccc([C@H](C)c2c[nH]cn2)c1C,CHEMBL778,0.0,CurationNote.canonical,
COc1ccc(CNc2ncnc3ccc(-c4cccc(NS(C)(=O)=O)c4)cc23)c(OC)c1,CHEMBL491547,1.0,CurationNote.canonical,
O=C(Nc1ccc(Oc2ccccc2)cc1)C1CCN(c2c3c(nc4ncnn24)CCC3)CC1,CHEMBL1429297,0.0,CurationNote.canonical,
CCNc1ncc2nc(-c3ccc(Cl)cc3)c(=O)n(C)c2n1,CHEMBL1495694,0.0,CurationNote.canonical,
COC(=O)N1CCC2(CCCN(C(c3ccccc3)c3ccccc3)C2)CC1,CHEMBL1435276,1.0,CurationNote.canonical,
COc1ccc2[nH]cc(CCNc3nc(-c4cccnc4)nc4ccccc34)c2c1,CHEMBL1553694,1.0,CurationNote.canonical,
CSc1ccc2c(c1)[C@H](N1CCN(C)CC1)Cc1ccccc1S2,CHEMBL273490,1.0,CurationNote.canonical,CurationIssue.inorganic
Cc1cc(C)c2c(-n3cccc3)[nH]nc2n1,CHEMBL1742280,0.0,CurationNote.canonical,
,CHEMBL1475433,0.0,CurationNote.canonical,CurationIssue.duplicate
Br.N=C1c2ccccc2CN1NC(=O)c1ccc(Cl)cc1,CHEMBL1384429,1.0,CurationNote.canonical,CurationIssue.mixture
Cc1cccc(CNc2nc(-c3cccnc3)nc3ccccc23)c1,CHEMBL1434882,0.0,CurationNote.canonical,
,CHEMBL1433499,1.0,CurationNote.canonical,CurationIssue.duplicate
COc1ccccc1-c1nc(NCCc2cnc[nH]2)c2ccccc2n1,CHEMBL1316656,1.0,CurationNote.canonical,
Fc1cccc(C2NC(S)=NC3=C2N2CCC3CC2)c1,CHEMBL1485081,1.0,CurationNote.canonical,
C[N+](C)(C)/N=C\c1ccc(O)c(O)c1.[I-],CHEMBL1480984,1.0,CurationNote.canonical,CurationIssue.mixture
CC1CCN(C2CCN(S(=O)(=O)c3ccc(F)cc3)CC2)CC1.O=C(O)C(=O)O,CHEMBL1571211,1.0,CurationNote.canonical,CurationIssue.mixture
COC(=O)[C@@]1(Cc2ccc(F)cc2)[C@H]2c3cc(C(=O)N(C)C)n(Cc4ccc(OC)c(OC)c4)c3C[C@H]2CN1C(=O)c1ccccc1,CHEMBL1332759,0.0,CurationNote.canonical,
None,,nan,,CurationIssue.rdkit_failed
None,,nan,,CurationIssue.rdkit_failed
None,,nan,,CurationIssue.rdkit_failed
None,,nan,,CurationIssue.rdkit_failed
None,,nan,,CurationIssue.rdkit_failed
None,,nan,,CurationIssue.rdkit_failed
None,,nan,,CurationIssue.rdkit_failed
None,,nan,,CurationIssue.rdkit_failed
None,,nan,,CurationIssue.rdkit_failed
None,,nan,,CurationIssue.rdkit_failed
None,,nan,,CurationIssue.rdkit_failed
None,,nan,,CurationIssue.rdkit_failed
None,,nan,,CurationIssue.rdkit_failed
None,,nan,,CurationIssue.rdkit_failed
None,,nan,,CurationIssue.rdkit_failed
None,,nan,,CurationIssue.rdkit_failed
None,,nan,,CurationIssue.rdkit_failed
None,LEVOSALBUTAMOL,nan,,CurationIssue.rdkit_failed
None,,nan,,CurationIssue.rdkit_failed
None,,nan,,CurationIssue.rdkit_failed
None,,nan,,CurationIssue.rdkit_failed
None,,nan,,CurationIssue.rdkit_failed
None,,nan,,CurationIssue.rdkit_failed
None,,nan,,CurationIssue.rdkit_failed
None,,nan,,CurationIssue.rdkit_failed
None,,nan,,CurationIssue.rdkit_failed
None,IMIDAZOLE ACETIC ACID,nan,,CurationIssue.rdkit_failed
None,,nan,,CurationIssue.rdkit_failed
None,,nan,,CurationIssue.rdkit_failed
Cc1ccccc1Cn1cnc2c(cnn2C(C)(C)C)c1=O,CHEMBL1459858,0.0,CurationNote.canonical,
COc1cccc(-c2ccc3ncnc(N(C)Cc4ccco4)c3c2)c1,CHEMBL1399528,1.0,CurationNote.canonical,
CCCn1c(-c2cc(OC)c(OC)c(OC)c2)nc2nc3ccccc3nc21,CHEMBL1387098,1.0,CurationNote.canonical,
None,,nan,,CurationIssue.rdkit_failed
None,,nan,,CurationIssue.rdkit_failed
None,,nan,,CurationIssue.rdkit_failed
None,SERINE,nan,,CurationIssue.rdkit_failed
None,,nan,,CurationIssue.rdkit_failed
None,ETHACRYNIC ACID,nan,,CurationIssue.rdkit_failed
None,,nan,,CurationIssue.rdkit_failed
None,,nan,,CurationIssue.rdkit_failed
None,,nan,,CurationIssue.rdkit_failed
None,,nan,,CurationIssue.rdkit_failed
None,SUXAMETHONIUM,nan,,CurationIssue.rdkit_failed
None,,nan,,CurationIssue.rdkit_failed
None,,nan,,CurationIssue.rdkit_failed
None,,nan,,CurationIssue.rdkit_failed
None,,nan,,CurationIssue.rdkit_failed
None,,nan,,CurationIssue.rdkit_failed
CN(C)CCCN1c2ccccc2CCc2ccc(Cl)cc21,CHEMBL415,1.0,CurationNote.canonical,CurationIssue.duplicate
CCOc1ccc(OC(=O)NC(c2ccccc2)C(Cl)(Cl)Cl)cc1,CHEMBL1601482,0.0,CurationNote.canonical,
CC(C)N1CCC(=NNC(=O)c2ccc(Br)o2)CC1,CHEMBL1383394,1.0,CurationNote.canonical,
CCn1c(SCC(=O)NC2CCCCC2)nc2c(c1=O)SC(C)C2,CHEMBL1544930,1.0,CurationNote.canonical,
Cc1nc2n(c(=O)c1CCN1CCC(c3noc4cc(F)ccc34)CC1)CCCC2,CHEMBL85,1.0,CurationNote.canonical,
CC[C@H](CO)NC(=O)[C@H]1C=C2c3cccc4[nH]cc(c34)C[C@@H]2N(C)C1,CHEMBL1521789,1.0,CurationNote.canonical,
None,,nan,,CurationIssue.rdkit_failed
None,,nan,,CurationIssue.rdkit_failed
None,,nan,,CurationIssue.rdkit_failed
Cc1cc(C(C)(C)C)c(O)c(C)c1CC1=NCCN1,CHEMBL762,1.0,CurationNote.canonical,CurationIssue.duplicate
CCNc1ncc2nc(-c3ccc(F)cc3)c(=O)n(CCC#N)c2n1,CHEMBL1317306,1.0,CurationNote.canonical,
CCN1CCN(C(c2ccccn2)c2c(NC(=O)c3ccccc3)sc(C)c2C)CC1,CHEMBL1470690,0.0,CurationNote.canonical,
CCn1c(SCc2nc3ccccc3[nH]2)nnc1-c1ccc(OC)cc1,CHEMBL1422980,0.0,CurationNote.canonical,
None,,nan,,CurationIssue.rdkit_failed
None,,nan,,CurationIssue.rdkit_failed
None,,nan,,CurationIssue.rdkit_failed
None,,nan,,CurationIssue.rdkit_failed
None,,nan,,CurationIssue.rdkit_failed
None,,nan,,CurationIssue.rdkit_failed
None,,nan,,CurationIssue.rdkit_failed
None,,nan,,CurationIssue.rdkit_failed
None,,nan,,CurationIssue.rdkit_failed
None,,nan,,CurationIssue.rdkit_failed
None,,nan,,CurationIssue.rdkit_failed
None,,nan,,CurationIssue.rdkit_failed
None,,nan,,CurationIssue.rdkit_failed
None,,nan,,CurationIssue.rdkit_failed
None,,nan,,CurationIssue.rdkit_failed
None,,nan,,CurationIssue.rdkit_failed
None,,nan,,CurationIssue.rdkit_failed
None,,nan,,CurationIssue.rdkit_failed
CCOc1ccc(OCCOCCN2CCc3ccccc3C2)cc1,CHEMBL1550370,1.0,CurationNote.canonical,
None,,nan,,CurationIssue.rdkit_failed
None,,nan,,CurationIssue.rdkit_failed
None,,nan,,CurationIssue.rdkit_failed
None,,nan,,CurationIssue.rdkit_failed
None,,nan,,CurationIssue.rdkit_failed
None,,nan,,CurationIssue.rdkit_failed
None,,nan,,CurationIssue.rdkit_failed
None,,nan,,CurationIssue.rdkit_failed
None,,nan,,CurationIssue.rdkit_failed
None,,nan,,CurationIssue.rdkit_failed
None,,nan,,CurationIssue.rdkit_failed
None,,nan,,CurationIssue.rdkit_failed
None,,nan,,CurationIssue.rdkit_failed
None,,nan,,CurationIssue.rdkit_failed
None,,nan,,CurationIssue.rdkit_failed
None,,nan,,CurationIssue.rdkit_failed
None,,nan,,CurationIssue.rdkit_failed
C=CC[N+]1(CC#CCOC(c2ccccc2)c2ccccc2)CCOCC1.[Cl-],CHEMBL1585838,1.0,CurationNote.canonical,CurationIssue.mixture
CN(C)c1ccc(-c2cncnc2-n2ccnc2)cc1,CHEMBL1606199,0.0,CurationNote.canonical,
CCN(CC)CCN1C(=O)C(O)=C(C(=O)c2ccc(OC)cc2)C1c1cccs1,CHEMBL1309130,0.0,CurationNote.canonical,
None,,nan,,CurationIssue.rdkit_failed
None,,nan,,CurationIssue.rdkit_failed
None,,nan,,CurationIssue.rdkit_failed
None,,nan,,CurationIssue.rdkit_failed
None,,nan,,CurationIssue.rdkit_failed
None,,nan,,CurationIssue.rdkit_failed
None,,nan,,CurationIssue.rdkit_failed
None,,nan,,CurationIssue.rdkit_failed
None,,nan,,CurationIssue.rdkit_failed
None,,nan,,CurationIssue.rdkit_failed
None,,nan,,CurationIssue.rdkit_failed
None,,nan,,CurationIssue.rdkit_failed
None,,nan,,CurationIssue.rdkit_failed
None,,nan,,CurationIssue.rdkit_failed
None,,nan,,CurationIssue.rdkit_failed
S=C(Nc1ccc2cn[nH]c2c1)Nc1ccc2cn[nH]c2c1,CHEMBL1269022,1.0,CurationNote.canonical,
None,,nan,,CurationIssue.rdkit_failed
None,AMIFOSTINE,nan,,CurationIssue.rdkit_failed
None,,nan,,CurationIssue.rdkit_failed
None,,nan,,CurationIssue.rdkit_failed
None,,nan,,CurationIssue.rdkit_failed
None,,nan,,CurationIssue.rdkit_failed
None,,nan,,CurationIssue.rdkit_failed
None,,nan,,CurationIssue.rdkit_failed
None,,nan,,CurationIssue.rdkit_failed
None,,nan,,CurationIssue.rdkit_failed
None,,nan,,CurationIssue.rdkit_failed
None,,nan,,CurationIssue.rdkit_failed
None,,nan,,CurationIssue.rdkit_failed
None,,nan,,CurationIssue.rdkit_failed
None,,nan,,CurationIssue.rdkit_failed
None,,nan,,CurationIssue.rdkit_failed
None,,nan,,CurationIssue.rdkit_failed
None,NICLOSAMIDE,nan,,CurationIssue.rdkit_failed
None,,nan,,CurationIssue.rdkit_failed
None,,nan,,CurationIssue.rdkit_failed
None,NIFEDIPINE,nan,,CurationIssue.rdkit_failed
CN(Cc1ccco1)c1nc(-c2ccccc2Cl)nc2ccccc12,CHEMBL1395098,1.0,CurationNote.canonical,
None,,nan,,CurationIssue.rdkit_failed
None,,nan,,CurationIssue.rdkit_failed
None,,nan,,CurationIssue.rdkit_failed
None,,nan,,CurationIssue.rdkit_failed
None,,nan,,CurationIssue.rdkit_failed
None,,nan,,CurationIssue.rdkit_failed
None,,nan,,CurationIssue.rdkit_failed
None,,nan,,CurationIssue.rdkit_failed
None,,nan,,CurationIssue.rdkit_failed
CCN=C(Nc1cccc(F)c1)SC1CC(=O)N(c2ccc(OC)cc2)C1=O,CHEMBL1530213,0.0,CurationNote.canonical,
CCCc1cc2c(cc1NC(=O)c1ccccc1Cl)OCO2,CHEMBL1392865,0.0,CurationNote.canonical,
COc1ccccc1CNc1cc(-c2ccc(C(=O)N(C)C)cc2)ncn1,CHEMBL1317712,0.0,CurationNote.canonical,
None,,nan,,CurationIssue.rdkit_failed
COc1cccc(OC)c1OCCNC[C@@H]1CSc2ccccc2O1,CHEMBL448784,1.0,CurationNote.canonical,CurationIssue.inorganic
c1ccc(CNc2ncnc3ccc(-c4cccnc4)cc23)cc1,CHEMBL1489182,1.0,CurationNote.canonical,
CCN(CC)CCOC(=O)C1(C2CCCCC2)CCCCC1,CHEMBL1123,1.0,CurationNote.canonical,CurationIssue.duplicate
None,,nan,,CurationIssue.rdkit_failed
None,,nan,,CurationIssue.rdkit_failed
None,,nan,,CurationIssue.rdkit_failed
None,,nan,,CurationIssue.rdkit_failed
None,,nan,,CurationIssue.rdkit_failed
None,,nan,,CurationIssue.rdkit_failed
None,,nan,,CurationIssue.rdkit_failed
None,,nan,,CurationIssue.rdkit_failed
None,,nan,,CurationIssue.rdkit_failed
None,,nan,,CurationIssue.rdkit_failed
None,,nan,,CurationIssue.rdkit_failed
None,,nan,,CurationIssue.rdkit_failed
None,,nan,,CurationIssue.rdkit_failed
None,PIRFENIDONE,nan,,CurationIssue.rdkit_failed
None,,nan,,CurationIssue.rdkit_failed
None,,nan,,CurationIssue.rdkit_failed
None,,nan,,CurationIssue.rdkit_failed
None,,nan,,CurationIssue.rdkit_failed
None,,nan,,CurationIssue.rdkit_failed
None,,nan,,CurationIssue.rdkit_failed
None,,nan,,CurationIssue.rdkit_failed
None,,nan,,CurationIssue.rdkit_failed
None,,nan,,CurationIssue.rdkit_failed
None,,nan,,CurationIssue.rdkit_failed
None,,nan,,CurationIssue.rdkit_failed
None,,nan,,CurationIssue.rdkit_failed
None,,nan,,CurationIssue.rdkit_failed
None,,nan,,CurationIssue.rdkit_failed
None,6-NITROQUIPAZINE,nan,,CurationIssue.rdkit_failed
None,ESATENOLOL,nan,,CurationIssue.rdkit_failed
COc1cccc(Cn2c(=O)c(-c3cccs3)nc3cnc(N4CCNCC4)nc32)c1,CHEMBL1437007,0.0,CurationNote.canonical,
COc1ccccc1CNc1ncnc2ccc(-c3ccc(C(=O)N(C)C)cc3)cc12,CHEMBL491952,0.0,CurationNote.canonical,
NC[C@@H]1O[C@H](C23CC4CC(CC(C4)C2)C3)Cc2c1ccc(O)c2O,CHEMBL291143,0.0,CurationNote.canonical,
CCc1ccc(N2C(=O)/C(=C/c3cccs3)N(CC(=O)OC)C2=S)cc1,CHEMBL1523995,1.0,CurationNote.canonical,
CC(C)c1ccc(NC(=O)C(c2ccccc2)N2CCN(C=O)CC2)cc1,CHEMBL1376097,0.0,CurationNote.canonical,
O=C(NCCN1CCCC1)C1(S(=O)(=O)c2ccc(Cl)cc2)CC1,CHEMBL1534755,0.0,CurationNote.canonical,
CO[C@@H]1/C=C\O[C@@]2(C)Oc3c(C)c(O)c4c(c3C2=O)/C(=N/[C@H]2CC[C@H](O)O[C@@H]2C)C=C(NC(=O)/C(C)=C\C(=O)[C@@H]2C[C@@H]2[C@@H](O)[C@H](C)[C@@H](O)[C@H](C)[C@H](OC(C)=O)[C@@H]1C)C4=O,CHEMBL1589942,1.0,CurationNote.canonical,
Cc1cccc(CNc2ncncc2-c2ccccc2C)c1,CHEMBL523283,1.0,CurationNote.canonical,
O=C(CN1C(=O)c2ccccc2S1(=O)=O)Nc1ccccc1,CHEMBL1384802,0.0,CurationNote.canonical,
CO[C@@]12C[C@@H](COC(=O)c3cncc(Br)c3)CN(C)[C@H]1Cc1cn(C)c3cccc2c13,CHEMBL1377111,1.0,CurationNote.canonical,
C=CC[C@@H]1C=C[C@H](O/N=C(\C)CCN2CCCc3nc(C)c(C)cc32)[C@H](CO)O1,CHEMBL1571138,1.0,CurationNote.canonical,
Cc1c(NC(=O)CCCOc2ccccc2)cccc1[N+](=O)[O-],CHEMBL1301521,1.0,CurationNote.canonical,
O=S(=O)(c1ccccc1)N1CCC2(CC1)CN(C(c1ccccc1)c1ccccc1)C2,CHEMBL1474241,1.0,CurationNote.canonical,
CCN1CCN(c2nc3ccccc3nc2C(C#N)C(=O)OC2CCCCC2)CC1,CHEMBL1476741,0.0,CurationNote.canonical,
Nc1nc(=O)c2nc(Br)n([C@@H]3O[C@H]4COP(=O)(O)O[C@H]4[C@@H]3O)c2[nH]1,CHEMBL1567163,0.0,CurationNote.canonical,
None,,nan,,CurationIssue.rdkit_failed
None,,nan,,CurationIssue.rdkit_failed
O=c1c2ccccc2c(-c2ccccc2)nn1Cc1ccc(Cl)cc1,CHEMBL1401960,0.0,CurationNote.canonical,
O=C(/C=C/c1ccc2c(c1)OCO2)NCCSCc1cccc(Cl)c1,CHEMBL1445795,1.0,CurationNote.canonical,
c1ccc(-c2cccc(N3CCC4(CCNCC4)CC3)c2)cc1,CHEMBL1315991,0.0,CurationNote.canonical,
COc1ccc(NC(=O)N2CCC3(CC2)CCN(C(=O)Oc2ccccc2)CC3)cc1,CHEMBL1317820,1.0,CurationNote.canonical,
CN(C)c1ncc2nc(-c3ccc(F)cc3)c(=O)n(-c3ccccc3)c2n1,CHEMBL1435009,1.0,CurationNote.canonical,
O=C(CN(c1ccccc1)S(=O)(=O)c1ccccc1[N+](=O)[O-])NN=C1CCCCCCC1,CHEMBL1483545,1.0,CurationNote.canonical,
COc1ccccc1-c1cc(NCc2cccc(C)c2)ncn1,CHEMBL1355256,0.0,CurationNote.canonical,
CCOC(=O)NC(=O)CSc1nc2cc(OCC)ccc2[nH]1,CHEMBL1300098,1.0,CurationNote.canonical,CurationIssue.inorganic
COc1ccc(CCNC(=O)CCN2C(=O)COc3ccc(C)cc32)cc1OC,CHEMBL1741914,0.0,CurationNote.canonical,
None,,nan,,CurationIssue.rdkit_failed
None,,nan,,CurationIssue.rdkit_failed
None,,nan,,CurationIssue.rdkit_failed
None,,nan,,CurationIssue.rdkit_failed
None,,nan,,CurationIssue.rdkit_failed
Cc1ncn(-c2ccccc2O)c1C,CHEMBL1448228,1.0,CurationNote.canonical,
CN(Cc1ccco1)c1ncnc2ccc(-c3ccoc3)cc12,CHEMBL1332033,1.0,CurationNote.canonical,
COc1ccccc1-c1nccc(NCc2cccs2)n1,CHEMBL1555348,1.0,CurationNote.canonical,
None,,nan,,CurationIssue.rdkit_failed
CCC/C=C(\CCC)C(NC(=O)Cc1ccccc1)c1ccc(C(=O)OC)cc1,CHEMBL1338163,1.0,CurationNote.canonical,
COc1ccc(CCC(C)NC2C3CC4CC(C3)CC2C4)cc1,CHEMBL1509513,1.0,CurationNote.canonical,
Cc1c(C(=O)O)oc2ccc(S(=O)(=O)NCc3ccc4c(c3)OCO4)cc12,CHEMBL1342714,0.0,CurationNote.canonical,
None,,nan,,CurationIssue.rdkit_failed
None,,nan,,CurationIssue.rdkit_failed
None,,nan,,CurationIssue.rdkit_failed
None,,nan,,CurationIssue.rdkit_failed
None,,nan,,CurationIssue.rdkit_failed
CCn1c2ccccc2c2cc(NS(=O)(=O)c3ccccc3C)ccc21,CHEMBL1506638,1.0,CurationNote.canonical,
Fc1ccc(N=C(S)NCCc2ccccc2)c(F)c1F,CHEMBL1563772,0.0,CurationNote.canonical,
O=C(Nc1ccc(N2CCCCC2)cc1)c1cncc(Br)c1,CHEMBL1333282,0.0,CurationNote.canonical,
CCOC(=O)CC1C(=O)NCCN1S(=O)(=O)c1ccccc1Cl,CHEMBL1717461,1.0,CurationNote.canonical,
COC(=O)Sc1nnc(-c2ccc(Br)cc2)o1,CHEMBL1464821,0.0,CurationNote.canonical,CurationIssue.inorganic
CCC[C@@H]1C[C@@]1(CCC)C(NC(=O)c1ccccc1)c1cccc(Cl)c1,CHEMBL1608975,1.0,CurationNote.canonical,
COc1ccccc1CNc1nc(-c2cccc(C#N)c2)nc2ccccc12,CHEMBL1316055,1.0,CurationNote.canonical,
CC(C)CN1CCC2(CC1)CCN(C(=O)c1ccncc1)CC2,CHEMBL1355788,1.0,CurationNote.canonical,
O=S(=O)(c1ccccc1)N1N=C(c2cccs2)CC1c1ccc(Br)cc1,CHEMBL1498694,1.0,CurationNote.canonical,
COc1ccc(C(=O)N2CCC3(CC2)CCN(c2ncccn2)CC3)cc1,CHEMBL1591964,0.0,CurationNote.canonical,
CC(C)(C)c1ccc(C(=O)c2c[nH]c(C(=O)NCCCn3ccnc3)c2)cc1,CHEMBL1497504,1.0,CurationNote.canonical,
CCCNC[C@H](O)COc1ccccc1C(=O)CCc1ccccc1,CHEMBL1322675,1.0,CurationNote.canonical,CurationIssue.duplicate
c1ccc2c(c1)CCC[C@@H]2C1=NCCN1,CHEMBL1534501,1.0,CurationNote.canonical,
CN1CC(c2ccccc2)C2(COc3ccccc3C2=O)C12C(=O)Nc1ccccc12,CHEMBL1539897,0.0,CurationNote.canonical,
CSc1ccc2c(c1)N(CCCN(C)C)c1ccccc1S2,CHEMBL53206,1.0,CurationNote.canonical,CurationIssue.inorganic
COc1ccc(C(=O)NCC2OCCc3ccccc32)cc1,CHEMBL1409825,1.0,CurationNote.canonical,
None,,nan,,CurationIssue.rdkit_failed
None,,nan,,CurationIssue.rdkit_failed
N#CCSc1nc(N)c(C#N)c(C2CCCCC2)c1C#N,CHEMBL1523520,0.0,CurationNote.canonical,CurationIssue.inorganic
CC[C@@H](CO)NC(=O)[C@H]1C=C2c3cccc4c3c(cn4C)C[C@H]2N(C)C1,CHEMBL1397576,0.0,CurationNote.canonical,
None,,nan,,CurationIssue.rdkit_failed
O=C1c2ccccc2NC(c2ccc(Cl)cc2Cl)N1O,CHEMBL1417610,0.0,CurationNote.canonical,
Cc1ccccc1-c1nc(N2CCN(C)CC2)c2ccccc2n1,CHEMBL1473752,0.0,CurationNote.canonical,
Fc1ccc(Nc2ccnc(-c3ccccc3C(F)(F)F)n2)cc1,CHEMBL1552329,0.0,CurationNote.canonical,
None,,nan,,CurationIssue.rdkit_failed
None,,nan,,CurationIssue.rdkit_failed
None,,nan,,CurationIssue.rdkit_failed
CN(C)c1ccc(-c2cncnc2N(C)Cc2ccco2)cc1,CHEMBL1524520,0.0,CurationNote.canonical,
None,,nan,,CurationIssue.rdkit_failed
None,,nan,,CurationIssue.rdkit_failed
None,,nan,,CurationIssue.rdkit_failed
None,,nan,,CurationIssue.rdkit_failed
None,ALLOXAZINE,nan,,CurationIssue.rdkit_failed
None,,nan,,CurationIssue.rdkit_failed
None,,nan,,CurationIssue.rdkit_failed
CCC[C@@H]1C[C@@]1(CCC)C(NC(=O)c1ccco1)c1ccc(Cl)cc1,CHEMBL1454052,1.0,CurationNote.canonical,
Cc1ccccc1CSc1nsc(N)n1,CHEMBL1459535,0.0,CurationNote.canonical,CurationIssue.inorganic
NCCC(=O)NCCc1c[nH]cn1,CHEMBL461024,1.0,CurationNote.canonical,CurationIssue.duplicate
O=C(c1cccs1)N1CCN(C(=O)C(c2ccccc2)c2ccccc2)CC1,CHEMBL1335777,1.0,CurationNote.canonical,
N=C(N)N/N=C\c1c(Cl)cccc1Cl,CHEMBL1331786,1.0,CurationNote.canonical,CurationIssue.duplicate
CC(C)COc1ccc(C2(C#N)CC[N+](C)(C)CC2)cc1.[Br-],CHEMBL1573507,0.0,CurationNote.canonical,CurationIssue.mixture
NNCCc1ccccc1,CHEMBL1089,1.0,CurationNote.canonical,CurationIssue.duplicate
O=C(c1csnn1)N1CCC2(CCCN(c3ccncc3)C2)CC1,CHEMBL1396615,0.0,CurationNote.canonical,
COc1ccc([C@@H](Nc2ncccn2)c2cc3c(cc2O)OCO3)cc1,CHEMBL1594947,1.0,CurationNote.canonical,
CCN(CC)c1ncnc2c1ncn2[C@@H]1O[C@@H](COP(=O)(O)OP(=O)(O)C(Br)(Br)P(=O)(O)O)[C@H](O)[C@H]1O,CHEMBL1368632,1.0,CurationNote.canonical,
CCCn1c(=O)c2nc(-c3ccc(OCC(=O)Nc4ccc(C(C)=O)cc4)cc3)[nH]c2n(CCC)c1=O,CHEMBL17002,1.0,CurationNote.canonical,
COc1ccc2cc3[n+](cc2c1OC)CCc1cc2c(cc1-3)OCO2,CHEMBL295124,1.0,CurationNote.canonical,
None,,nan,,CurationIssue.rdkit_failed
None,,nan,,CurationIssue.rdkit_failed
None,CHELIDAMIC ACID,nan,,CurationIssue.rdkit_failed
None,MECLOFENOXATE,nan,,CurationIssue.rdkit_failed
None,,nan,,CurationIssue.rdkit_failed
COC(=O)[C@@]1(Cc2ccc(OC)cc2)[C@H]2c3cc(C(=O)N(C)C)n(CCc4ccc(OC)c(Br)c4)c3C[C@H]2CN1C(=O)c1ccccc1,CHEMBL1409320,1.0,CurationNote.canonical,
CS(=O)(=O)Nc1cccc(-c2nccc(NCc3cccs3)n2)c1,CHEMBL1597474,0.0,CurationNote.canonical,
None,,nan,,CurationIssue.rdkit_failed
None,,nan,,CurationIssue.rdkit_failed
None,PURVALANOLA,nan,,CurationIssue.rdkit_failed
None,,nan,,CurationIssue.rdkit_failed
None,,nan,,CurationIssue.rdkit_failed
None,,nan,,CurationIssue.rdkit_failed
None,,nan,,CurationIssue.rdkit_failed
None,,nan,,CurationIssue.rdkit_failed
None,,nan,,CurationIssue.rdkit_failed
None,,nan,,CurationIssue.rdkit_failed
None,,nan,,CurationIssue.rdkit_failed
None,,nan,,CurationIssue.rdkit_failed
None,,nan,,CurationIssue.rdkit_failed
None,,nan,,CurationIssue.rdkit_failed
None,,nan,,CurationIssue.rdkit_failed
None,,nan,,CurationIssue.rdkit_failed
None,,nan,,CurationIssue.rdkit_failed
None,,nan,,CurationIssue.rdkit_failed
None,,nan,,CurationIssue.rdkit_failed
None,,nan,,CurationIssue.rdkit_failed
None,,nan,,CurationIssue.rdkit_failed
None,,nan,,CurationIssue.rdkit_failed
None,,nan,,CurationIssue.rdkit_failed
O=C(OCc1ccccn1)c1ccc(COc2ccccc2Cl)o1,CHEMBL1490198,0.0,CurationNote.canonical,
CC(C)(C)NC(=O)[C@@H]1C[C@H]2CCCC[C@@H]2CN1C[C@H](O)[C@H](Cc1ccccc1)NC(=O)[C@@H](CC(N)=O)NC(=O)c1ccc2ccccc2n1.CS(=O)(=O)O,CHEMBL1354734,0.0,CurationNote.canonical,CurationIssue.mixture
CC(C)CN1CC2(CCN(C(=O)c3ccncc3)CC2)C1,CHEMBL1433601,1.0,CurationNote.canonical,
COc1ccc(-n2c(=O)c(-c3cc(F)cc(F)c3)nc3cnc(N4CCOCC4)nc32)cc1,CHEMBL1570413,0.0,CurationNote.canonical,
Cc1ccc(CSC2=CS(=O)(=O)c3ccccc3N2)cc1,CHEMBL1522433,1.0,CurationNote.canonical,
Cc1ccc(COc2ccc(Br)cc2/C=N/O)cc1,CHEMBL3189663,0.0,CurationNote.canonical,
O=C(c1csnn1)N1CCC2(CC1)CN(c1ccccc1)C2,CHEMBL1334543,0.0,CurationNote.canonical,
CCC/C=C(\CCC)C(NS(=O)(=O)c1ccc(C(F)(F)F)cc1)c1ccccc1,CHEMBL1531070,0.0,CurationNote.canonical,
Cc1cc(C(=O)Nc2ccc(N3CCOCC3)cc2)c2ccccc2n1,CHEMBL1339627,0.0,CurationNote.canonical,
Cc1nn(-c2ccc(F)cc2)c(C)c1NS(=O)(=O)c1ccc2ccccc2c1,CHEMBL1558076,0.0,CurationNote.canonical,
CC(C)(C)c1ccccc1OCCN1CCCC1,CHEMBL1558538,1.0,CurationNote.canonical,
FC(F)(F)c1ccccc1-c1nc(NCc2cccnc2)c2ccccc2n1,CHEMBL1317494,0.0,CurationNote.canonical,
None,,nan,,CurationIssue.rdkit_failed
None,,nan,,CurationIssue.rdkit_failed
None,,nan,,CurationIssue.rdkit_failed
CCc1c(C)nc2ncnn2c1NCCc1ccc(OC)cc1,CHEMBL1407572,0.0,CurationNote.canonical,
Clc1cccc(Nc2nnc(-c3ccccc3)c3ccccc23)c1,CHEMBL332898,1.0,CurationNote.canonical,
CCc1cc2c(nc1CC)CCN(CC/C(C)=N/O[C@@H](C)c1cn([C@@H]3COC[C@@H]3O)nn1)C2,CHEMBL1356023,1.0,CurationNote.canonical,
N#Cc1ccc(CN2CC3(CCN(C(=O)c4cc(C(F)(F)F)cc(C(F)(F)F)c4)CC3)C2)cc1,CHEMBL1396907,0.0,CurationNote.canonical,
COc1cccc(-c2nc(N3CCNCC3)c3ccccc3n2)c1,CHEMBL1610228,1.0,CurationNote.canonical,
COc1ccccc1CN1CCC2(CC1)CCN(C(=O)c1cccc(F)c1)CC2,CHEMBL1449884,1.0,CurationNote.canonical,
CC(C)NC(=O)N1CCCC2(CCN(C(=O)c3ccco3)CC2)C1,CHEMBL1476227,1.0,CurationNote.canonical,
c1ccc(C(c2ccccc2)N2CC3(CCNCC3)C2)cc1,CHEMBL1473715,1.0,CurationNote.canonical,
None,,nan,,CurationIssue.rdkit_failed
None,,nan,,CurationIssue.rdkit_failed
CCn1c(COc2ccc(OC)cc2)nc2ccccc21,CHEMBL1411457,0.0,CurationNote.canonical,
None,,nan,,CurationIssue.rdkit_failed
None,MILRINONE,nan,,CurationIssue.rdkit_failed
None,,nan,,CurationIssue.rdkit_failed
None,,nan,,CurationIssue.rdkit_failed
None,,nan,,CurationIssue.rdkit_failed
None,,nan,,CurationIssue.rdkit_failed
None,,nan,,CurationIssue.rdkit_failed
None,,nan,,CurationIssue.rdkit_failed
None,,nan,,CurationIssue.rdkit_failed
None,,nan,,CurationIssue.rdkit_failed
None,,nan,,CurationIssue.rdkit_failed
None,,nan,,CurationIssue.rdkit_failed
None,,nan,,CurationIssue.rdkit_failed
None,,nan,,CurationIssue.rdkit_failed
None,,nan,,CurationIssue.rdkit_failed
None,,nan,,CurationIssue.rdkit_failed
None,,nan,,CurationIssue.rdkit_failed
None,,nan,,CurationIssue.rdkit_failed
None,,nan,,CurationIssue.rdkit_failed
None,,nan,,CurationIssue.rdkit_failed
None,,nan,,CurationIssue.rdkit_failed
None,,nan,,CurationIssue.rdkit_failed
None,,nan,,CurationIssue.rdkit_failed
None,,nan,,CurationIssue.rdkit_failed
None,,nan,,CurationIssue.rdkit_failed
None,,nan,,CurationIssue.rdkit_failed
None,,nan,,CurationIssue.rdkit_failed
None,,nan,,CurationIssue.rdkit_failed
None,DILOXANIDE FUROATE,nan,,CurationIssue.rdkit_failed
None,,nan,,CurationIssue.rdkit_failed
None,,nan,,CurationIssue.rdkit_failed
None,,nan,,CurationIssue.rdkit_failed
None,,nan,,CurationIssue.rdkit_failed
None,FUROSEMIDE,nan,,CurationIssue.rdkit_failed
None,TETRACAINE,nan,,CurationIssue.rdkit_failed
None,,nan,,CurationIssue.rdkit_failed
None,,nan,,CurationIssue.rdkit_failed
None,,nan,,CurationIssue.rdkit_failed
None,,nan,,CurationIssue.rdkit_failed
None,,nan,,CurationIssue.rdkit_failed
None,,nan,,CurationIssue.rdkit_failed
CCN1CCN(CC(=O)N2c3ccccc3CC2C)CC1.O=C(O)C(=O)O,CHEMBL1584003,0.0,CurationNote.canonical,CurationIssue.mixture
O=C(c1cccc(F)c1)N1CCC[C@@]2(CCN(c3ncccn3)C2)C1,CHEMBL1555122,0.0,CurationNote.canonical,
COC(=O)C1=C(C)NC(C)=C(C(=O)OCCCN2CCC(c3ccccc3)(c3ccccc3)CC2)[C@H]1c1cccc([N+](=O)[O-])c1,CHEMBL405355,1.0,CurationNote.canonical,CurationIssue.duplicate
COc1ccc(OC)c([C@H](O)[C@H](C)N)c1,CHEMBL1481402,1.0,CurationNote.canonical,
CN(C)c1ccc(-c2nc(N(C)Cc3ccco3)c3ccccc3n2)cc1,CHEMBL1514071,0.0,CurationNote.canonical,
CC(=O)NCCn1c(SCC(=O)NCc2ccco2)nc2ccccc2c1=O,CHEMBL1567805,1.0,CurationNote.canonical,
COc1ccc(CNC(=O)C2CCN(C(=O)N3CCOc4ccc(C)cc43)CC2)cc1,CHEMBL1406391,0.0,CurationNote.canonical,
C[C@H](C(=O)[O-])c1cccc(Oc2ccccc2)c1.C[C@H](C(=O)[O-])c1cccc(Oc2ccccc2)c1.O.O.[Ca+2],CHEMBL1564113,0.0,CurationNote.canonical,CurationIssue.mixture
Cc1c(/N=C/c2ccco2)n(Cc2ccccc2)c2ccccc12,CHEMBL3213131,1.0,CurationNote.canonical,
O=C(Nc1ccc(Cl)cc1)OCc1cc(-c2ccccc2)on1,CHEMBL1323434,1.0,CurationNote.canonical,
N=C1/C(=C/c2cccs2)C(=O)N=C2SN=C(SCc3ccccc3)N12,CHEMBL1518285,0.0,CurationNote.canonical,
C/C(CCC(=O)OC[C@@H]1O[C@H](C#Cc2ccccc2)C=C[C@@H]1Oc1ccc(C)cc1)=N/O[C@@H](C)CN1CCCCc2nc(C)c(C)cc21,CHEMBL1417217,1.0,CurationNote.canonical,
COc1ccc(NC(=O)c2c(C(F)(F)F)nn(C)c2SCc2ccccc2)cc1,CHEMBL1511940,0.0,CurationNote.canonical,
c1ccc(SCCc2ccncc2)cc1,CHEMBL1365701,1.0,CurationNote.canonical,
O=[N+]([O-])c1ccc(-c2c[nH]c(SCc3ccccc3Cl)n2)cc1,CHEMBL1607650,0.0,CurationNote.canonical,
CC[C@H]1[C@H](O)N2[C@H]3C[C@@H]1[C@@H]1[C@@H]2C[C@@]2(c4ccccc4N(C)[C@H]32)[C@H]1O,CHEMBL1515845,1.0,CurationNote.canonical,
NC(=Nc1ccccc1C(F)(F)F)Nc1nc(O)c2c(n1)CCC2,CHEMBL1499076,1.0,CurationNote.canonical,
CC1CCCC(C)N1C(=O)c1ccccc1Nc1ccc(SC(F)F)cc1,CHEMBL1559248,1.0,CurationNote.canonical,
CC[C@H]1CN2CCc3cc(OC)c(OC)cc3[C@H]2C[C@@H]1C[C@H]1NCCc2c1[nH]c1ccc(O)cc21,CHEMBL1369261,1.0,CurationNote.canonical,
None,,nan,,CurationIssue.rdkit_failed
None,,nan,,CurationIssue.rdkit_failed
None,,nan,,CurationIssue.rdkit_failed
None,(R)-SUPROFEN,nan,,CurationIssue.rdkit_failed
None,,nan,,CurationIssue.rdkit_failed
None,,nan,,CurationIssue.rdkit_failed
None,,nan,,CurationIssue.rdkit_failed
None,,nan,,CurationIssue.rdkit_failed
None,,nan,,CurationIssue.rdkit_failed
None,,nan,,CurationIssue.rdkit_failed
None,,nan,,CurationIssue.rdkit_failed
None,,nan,,CurationIssue.rdkit_failed
None,,nan,,CurationIssue.rdkit_failed
None,,nan,,CurationIssue.rdkit_failed
None,,nan,,CurationIssue.rdkit_failed
None,,nan,,CurationIssue.rdkit_failed
None,,nan,,CurationIssue.rdkit_failed
None,,nan,,CurationIssue.rdkit_failed
Cc1cc(C)c(C#N)c(SCc2cc3c(cc2Cl)OCO3)n1,CHEMBL1471858,1.0,CurationNote.canonical,
O=C(CSc1nc2ccccc2s1)Nc1nccs1,CHEMBL1352396,1.0,CurationNote.canonical,CurationIssue.inorganic
S=C(NCc1ccco1)N1CCN(C(c2ccccc2)c2ccccc2)CC1,CHEMBL1559877,1.0,CurationNote.canonical,
COc1ccc(CNc2ncncc2-c2cccnc2)c(OC)c1,CHEMBL1327945,0.0,CurationNote.canonical,
O=C(NCc1ccccc1)c1ccc(S(=O)(=O)N2CCCc3ccccc32)cc1,CHEMBL1533658,1.0,CurationNote.canonical,
None,,nan,,CurationIssue.rdkit_failed
None,,nan,,CurationIssue.rdkit_failed
None,,nan,,CurationIssue.rdkit_failed
None,,nan,,CurationIssue.rdkit_failed
CNCCCN1c2ccccc2CCc2ccccc21,CHEMBL72,0.0,CurationNote.canonical,CurationIssue.duplicate
CCOC(=O)c1ccc(Nc2nc(-c3cccnc3)nc3ccccc23)cc1,CHEMBL1420370,1.0,CurationNote.canonical,
COc1ccc(CCNc2ccncn2)cc1.Cl,CHEMBL1485494,1.0,CurationNote.canonical,CurationIssue.mixture
CC(=O)OC[C@@H]1O[C@@H](O/N=C2/C[C@@H](O)[C@@H](O)[C@@H]3[C@@H]4C(=O)N(c5cccc(Oc6ccccc6)c5)C(=O)[C@H]4CC[C@@H]23)[C@H](OC(C)=O)[C@H](OC(C)=O)[C@@H]1OC(C)=O,CHEMBL1590601,1.0,CurationNote.canonical,
COc1ccc(C(=O)Nc2cc(OC)cc(OC)c2)cc1,CHEMBL329872,1.0,CurationNote.canonical,
CNc1cc(-c2ccccc2CN(C)C)ncn1,CHEMBL1327673,1.0,CurationNote.canonical,
CCC(C)[C@H](NC(=O)NC1CCN(Cc2ccccc2)CC1)C(=O)OC,CHEMBL1425874,0.0,CurationNote.canonical,
CN(C)C(=O)c1ccc(-c2cncnc2NCc2cccs2)cc1,CHEMBL1480742,0.0,CurationNote.canonical,
O=c1c(Oc2ccccc2Br)c(C(F)(F)F)oc2c(CN3CCCC3)c(O)ccc12,CHEMBL1706387,0.0,CurationNote.canonical,
None,,nan,,CurationIssue.rdkit_failed
Cc1cccc(CNc2cc(-c3c(C)noc3C)ncn2)c1,CHEMBL1590821,0.0,CurationNote.canonical,
None,,nan,,CurationIssue.rdkit_failed
None,,nan,,CurationIssue.rdkit_failed
None,,nan,,CurationIssue.rdkit_failed
None,,nan,,CurationIssue.rdkit_failed
None,,nan,,CurationIssue.rdkit_failed
None,,nan,,CurationIssue.rdkit_failed
None,,nan,,CurationIssue.rdkit_failed
CCCCCn1c(CN2CCN(c3cc(Cl)ccc3C)CC2)nc2c1c(=O)[nH]c(=O)n2C,CHEMBL1522582,1.0,CurationNote.canonical,
O=C(O)/C=C\C(=O)O.O=c1[nH]c2ccccc2n1CCCN1CCC(n2c(=O)[nH]c3cc(Cl)ccc32)CC1,CHEMBL3436365,1.0,CurationNote.canonical,CurationIssue.mixture
COCC(=O)N1CCC[C@@]2(CCN(Cc3ccccc3OC)C2)C1,CHEMBL1613562,1.0,CurationNote.canonical,
None,,nan,,CurationIssue.rdkit_failed
None,,nan,,CurationIssue.rdkit_failed
None,,nan,,CurationIssue.rdkit_failed
None,,nan,,CurationIssue.rdkit_failed
None,,nan,,CurationIssue.rdkit_failed
None,,nan,,CurationIssue.rdkit_failed
None,,nan,,CurationIssue.rdkit_failed
None,,nan,,CurationIssue.rdkit_failed
None,,nan,,CurationIssue.rdkit_failed
None,,nan,,CurationIssue.rdkit_failed
COc1ncc2nc(CCc3ccccc3)c(=O)n(Cc3cccs3)c2n1,CHEMBL1316760,0.0,CurationNote.canonical,
None,,nan,,CurationIssue.rdkit_failed
None,,nan,,CurationIssue.rdkit_failed
None,,nan,,CurationIssue.rdkit_failed
None,,nan,,CurationIssue.rdkit_failed
O=C(/C=C\c1ccc2c(c1)OCO2)c1ccc(F)cc1,CHEMBL1401627,1.0,CurationNote.canonical,
CC[C@H](NC(C)C)[C@H](O)c1ccc(O)c2[nH]c(=O)ccc12,CHEMBL1478530,0.0,CurationNote.canonical,
O=C(NC12CC3CC(CC(C3)C1)C2)C12CC3CC(C1)CC(n1cnc(Cl)n1)(C3)C2,CHEMBL1595145,0.0,CurationNote.canonical,
c1ccc(CCN2CCN=C2Cc2ccccc2)cc1,CHEMBL1328389,1.0,CurationNote.canonical,
Cc1ccc(C(C(=O)NC2CCCCC2)N(CC2CCCO2)C(=O)CNC(=O)c2cccs2)cc1,CHEMBL1324194,1.0,CurationNote.canonical,
CCN1C(=O)[C@H]2CC[C@@H]3/C(=N\O[C@@H]4O[C@@H](COC(C)=O)[C@@H](OC(C)=O)[C@@H](OC(C)=O)[C@H]4OC(C)=O)C[C@@H](O)[C@@H](O)[C@@H]3[C@@H]2C1=O,CHEMBL1456707,1.0,CurationNote.canonical,
FC(F)(F)c1ccccc1-c1nc(N2CCOCC2)c2ccccc2n1,CHEMBL1528170,0.0,CurationNote.canonical,
Clc1ccccc1-c1nccc(NCc2ccccc2)n1,CHEMBL1411146,0.0,CurationNote.canonical,
COc1ccc(-c2cc(-c3c(O)c(OC)c4occc4c3OC)[nH]n2)cc1OC,CHEMBL1351838,0.0,CurationNote.canonical,
COc1ccccc1CNc1ncnc2ccc(-c3ccccc3C#N)cc12,CHEMBL475198,1.0,CurationNote.canonical,
None,,nan,,CurationIssue.rdkit_failed
None,,nan,,CurationIssue.rdkit_failed
O=C(c1ccc(F)cc1)C1CCN(C(S)=Nc2ccccc2)CC1,CHEMBL1727631,0.0,CurationNote.canonical,
CN1CCC2(CC1)C1CN(C)CC=C1C(C#N)=C(N)C2(C#N)C#N.O.O,CHEMBL1789978,0.0,CurationNote.canonical,CurationIssue.mixture
None,,nan,,CurationIssue.rdkit_failed
None,(-)-ROLIPRAM,nan,,CurationIssue.rdkit_failed
None,,nan,,CurationIssue.rdkit_failed
None,,nan,,CurationIssue.rdkit_failed
CCOC(=O)c1c(-c2ccccc2)cn2ccccc12,CHEMBL1525169,1.0,CurationNote.canonical,
C/C(=C\C(=O)c1ccc(Cl)cc1)NCc1ccc2c(c1)OCO2,CHEMBL3199351,1.0,CurationNote.canonical,
COc1cccc(Cn2c(=O)c(C)nc3cnc(Nc4ccccc4)nc32)c1,CHEMBL1512744,1.0,CurationNote.canonical,
None,,nan,,CurationIssue.rdkit_failed
None,,nan,,CurationIssue.rdkit_failed
None,,nan,,CurationIssue.rdkit_failed
None,,nan,,CurationIssue.rdkit_failed
COc1ccc(Cc2nccc3cc(OC)c(OC)cc23)cc1OC,CHEMBL19224,0.0,CurationNote.canonical,
None,,nan,,CurationIssue.rdkit_failed
None,,nan,,CurationIssue.rdkit_failed
None,,nan,,CurationIssue.rdkit_failed
None,,nan,,CurationIssue.rdkit_failed
None,,nan,,CurationIssue.rdkit_failed
None,,nan,,CurationIssue.rdkit_failed
None,,nan,,CurationIssue.rdkit_failed
None,,nan,,CurationIssue.rdkit_failed
None,,nan,,CurationIssue.rdkit_failed
O=c1ccc(NS(=O)(=O)c2ccccc2)cn1Cc1ccc(Cl)c(Cl)c1,CHEMBL1549831,0.0,CurationNote.canonical,
O=C(CCCN1C=C[C@@H](n2c(=O)[nH]c3ccccc32)CC1)c1ccc(F)cc1,CHEMBL1475507,1.0,CurationNote.canonical,
COc1cccc(Cn2c(=O)c(-c3ccccc3)nc3cnc(N4CCNCC4)nc32)c1,CHEMBL1415465,1.0,CurationNote.canonical,
None,,nan,,CurationIssue.rdkit_failed
None,,nan,,CurationIssue.rdkit_failed
None,,nan,,CurationIssue.rdkit_failed
None,TYRPHOSTIN AG-1478,nan,,CurationIssue.rdkit_failed
None,,nan,,CurationIssue.rdkit_failed
None,,nan,,CurationIssue.rdkit_failed
None,,nan,,CurationIssue.rdkit_failed
None,LUZINDOLE,nan,,CurationIssue.rdkit_failed
None,,nan,,CurationIssue.rdkit_failed
None,,nan,,CurationIssue.rdkit_failed
None,,nan,,CurationIssue.rdkit_failed
None,,nan,,CurationIssue.rdkit_failed
None,,nan,,CurationIssue.rdkit_failed
None,,nan,,CurationIssue.rdkit_failed
None,,nan,,CurationIssue.rdkit_failed
None,,nan,,CurationIssue.rdkit_failed
None,,nan,,CurationIssue.rdkit_failed
None,,nan,,CurationIssue.rdkit_failed
None,,nan,,CurationIssue.rdkit_failed
None,,nan,,CurationIssue.rdkit_failed
None,,nan,,CurationIssue.rdkit_failed
None,,nan,,CurationIssue.rdkit_failed
None,,nan,,CurationIssue.rdkit_failed
None,,nan,,CurationIssue.rdkit_failed
None,,nan,,CurationIssue.rdkit_failed
None,,nan,,CurationIssue.rdkit_failed
None,DIPYRONE SODIUM,nan,,CurationIssue.rdkit_failed
None,,nan,,CurationIssue.rdkit_failed
None,,nan,,CurationIssue.rdkit_failed
None,,nan,,CurationIssue.rdkit_failed
None,,nan,,CurationIssue.rdkit_failed
None,PIRACETAM,nan,,CurationIssue.rdkit_failed
None,,nan,,CurationIssue.rdkit_failed
None,,nan,,CurationIssue.rdkit_failed
None,,nan,,CurationIssue.rdkit_failed
None,,nan,,CurationIssue.rdkit_failed
O=C1Nc2ccccc2C1=Nc1sc2c(c1C(=O)NCCc1ccccc1)CCCC2,CHEMBL1305322,1.0,CurationNote.canonical,
None,,nan,,CurationIssue.rdkit_failed
None,,nan,,CurationIssue.rdkit_failed
None,,nan,,CurationIssue.rdkit_failed
None,,nan,,CurationIssue.rdkit_failed
None,,nan,,CurationIssue.rdkit_failed
None,,nan,,CurationIssue.rdkit_failed
c1ccc(-c2noc(CSc3nnnn3C3CCCCC3)n2)cc1,CHEMBL1472481,0.0,CurationNote.canonical,CurationIssue.inorganic
CCOc1ccc(OCc2ccc(C(=O)NCc3cccnc3)o2)cc1,CHEMBL1451815,1.0,CurationNote.canonical,
None,ACETYLCARNITINE,nan,,CurationIssue.rdkit_failed
None,,nan,,CurationIssue.rdkit_failed
None,,nan,,CurationIssue.rdkit_failed
None,,nan,,CurationIssue.rdkit_failed
None,,nan,,CurationIssue.rdkit_failed
None,,nan,,CurationIssue.rdkit_failed
C=CCc1ccc([N+](C)(C)CCC(=O)CC[N+](C)(C)c2ccc(CC=C)cc2)cc1,CHEMBL1437831,0.0,CurationNote.canonical,
c1ccc2c(c1)OC[C@@H](C1=NCCN1)O2,CHEMBL1410804,1.0,CurationNote.canonical,
None,,nan,,CurationIssue.rdkit_failed
None,,nan,,CurationIssue.rdkit_failed
None,,nan,,CurationIssue.rdkit_failed
None,,nan,,CurationIssue.rdkit_failed
None,,nan,,CurationIssue.rdkit_failed
None,,nan,,CurationIssue.rdkit_failed
None,,nan,,CurationIssue.rdkit_failed
None,,nan,,CurationIssue.rdkit_failed
None,,nan,,CurationIssue.rdkit_failed
None,,nan,,CurationIssue.rdkit_failed
None,,nan,,CurationIssue.rdkit_failed
None,,nan,,CurationIssue.rdkit_failed
None,SUNIFIRAM,nan,,CurationIssue.rdkit_failed
None,,nan,,CurationIssue.rdkit_failed
None,,nan,,CurationIssue.rdkit_failed
None,,nan,,CurationIssue.rdkit_failed
None,,nan,,CurationIssue.rdkit_failed
None,,nan,,CurationIssue.rdkit_failed
None,,nan,,CurationIssue.rdkit_failed
None,,nan,,CurationIssue.rdkit_failed
None,,nan,,CurationIssue.rdkit_failed
None,,nan,,CurationIssue.rdkit_failed
CC1=C(Nc2c(C)cc(O)cc2O)C(=O)C=c2oc3c(c21)C(C)=C(Nc1c(C)cc(O)cc1O)C(=O)C=3,CHEMBL1418094,1.0,CurationNote.canonical,
None,,nan,,CurationIssue.rdkit_failed
None,,nan,,CurationIssue.rdkit_failed
None,,nan,,CurationIssue.rdkit_failed
None,SULFAGUANIDINE,nan,,CurationIssue.rdkit_failed
None,OXOTREMORINE,nan,,CurationIssue.rdkit_failed
None,PIPEMIDIC ACID,nan,,CurationIssue.rdkit_failed
None,,nan,,CurationIssue.rdkit_failed
None,,nan,,CurationIssue.rdkit_failed
None,,nan,,CurationIssue.rdkit_failed
None,,nan,,CurationIssue.rdkit_failed
None,,nan,,CurationIssue.rdkit_failed
None,,nan,,CurationIssue.rdkit_failed
None,,nan,,CurationIssue.rdkit_failed
None,,nan,,CurationIssue.rdkit_failed
None,,nan,,CurationIssue.rdkit_failed
None,,nan,,CurationIssue.rdkit_failed
None,,nan,,CurationIssue.rdkit_failed
None,,nan,,CurationIssue.rdkit_failed
None,,nan,,CurationIssue.rdkit_failed
None,,nan,,CurationIssue.rdkit_failed
None,,nan,,CurationIssue.rdkit_failed
None,,nan,,CurationIssue.rdkit_failed
None,,nan,,CurationIssue.rdkit_failed
None,,nan,,CurationIssue.rdkit_failed
None,,nan,,CurationIssue.rdkit_failed
None,,nan,,CurationIssue.rdkit_failed
None,,nan,,CurationIssue.rdkit_failed
None,,nan,,CurationIssue.rdkit_failed
None,,nan,,CurationIssue.rdkit_failed
None,,nan,,CurationIssue.rdkit_failed
C=CCN1CC[C@]23c4c5ccc(O)c4O[C@@H]2C(=O)CC[C@]3(O)[C@H]1C5,CHEMBL1377090,0.0,CurationNote.canonical,CurationIssue.disagreeing_duplicate
None,,nan,,CurationIssue.rdkit_failed
None,,nan,,CurationIssue.rdkit_failed
None,,nan,,CurationIssue.rdkit_failed
None,,nan,,CurationIssue.rdkit_failed
C[C@H](CO)NC(=O)[C@H](C)[C@H]1C[C@]1(C)[C@H](NC(=O)OCc1ccccc1)c1ccccc1,CHEMBL1567477,0.0,CurationNote.canonical,
None,,nan,,CurationIssue.rdkit_failed
None,,nan,,CurationIssue.rdkit_failed
None,BIS(ETHYL)SPERMINE,nan,,CurationIssue.rdkit_failed
None,,nan,,CurationIssue.rdkit_failed
None,,nan,,CurationIssue.rdkit_failed
None,,nan,,CurationIssue.rdkit_failed
None,CYSTEAMINE,nan,,CurationIssue.rdkit_failed
O=[N+]([O-])c1cc(F)c(N2CCOCC2)cc1N1CCCCC1,CHEMBL1564977,1.0,CurationNote.canonical,
N#Cc1cccc(-c2nccc(NCc3cccs3)n2)c1,CHEMBL1568250,0.0,CurationNote.canonical,
None,(S)-AMPA,nan,,CurationIssue.rdkit_failed
CN1CCC[C@@H]1CCO[C@](C)(c1ccccc1)c1ccc(Cl)cc1,CHEMBL1626,0.0,CurationNote.canonical,
None,,nan,,CurationIssue.rdkit_failed
None,,nan,,CurationIssue.rdkit_failed
None,,nan,,CurationIssue.rdkit_failed
None,,nan,,CurationIssue.rdkit_failed
None,GLIPIZIDE,nan,,CurationIssue.rdkit_failed
None,,nan,,CurationIssue.rdkit_failed
COC(=O)c1ccc2c(c1)C(C)(C)C(/C=C/c1ccc(OC)c(OC)c1OC)=[N+]2C.[I-],CHEMBL1485865,0.0,CurationNote.canonical,CurationIssue.mixture
Oc1cc2c(cc1O)[C@H]1c3ccccc3CN[C@H]1CC2,CHEMBL1224528,1.0,CurationNote.canonical,
CC[C@H](NC(C)C)[C@H](O)c1ccc(O)c(O)c1.CS(=O)(=O)O,CHEMBL1472703,0.0,CurationNote.canonical,CurationIssue.mixture
Cc1[nH]c2ccccc2c1C(c1ccccn1)N1CCC(C)CC1,CHEMBL1517121,0.0,CurationNote.canonical,
CN(C)CCCN1c2ccccc2Sc2ccc(Cl)cc21,CHEMBL71,1.0,CurationNote.canonical,CurationIssue.inorganic
None,,nan,,CurationIssue.rdkit_failed
C=CCc1cccc(C2Nc3ccccc3C(=O)N2O)c1O,CHEMBL1448849,1.0,CurationNote.canonical,
C1COC(NC(C2CC2)C2CC2)=N1,CHEMBL289480,0.0,CurationNote.canonical,
COC(=O)c1[nH]c2ccccc2c1/C=C1\C(=O)NC(=O)N(c2ccc(OC)cc2)C1=O,CHEMBL1546667,0.0,CurationNote.canonical,
CCC/C=C(\CCC)C(NS(=O)(=O)c1ccccc1)c1ccc(C(F)(F)F)cc1,CHEMBL1454793,1.0,CurationNote.canonical,
Cc1cccc(NC(=N)Nc2nc(C)cc(C)n2)c1,CHEMBL1472052,1.0,CurationNote.canonical,
None,,nan,,CurationIssue.rdkit_failed
CCCCCCCCCC[Si](C)(C)CCC(=O)N[C@@H](Cc1ccc(C)cc1)c1ccccc1,CHEMBL1369855,0.0,CurationNote.canonical,CurationIssue.inorganic
None,,nan,,CurationIssue.rdkit_failed
FC(F)(F)c1ccccc1-c1nc(NCc2cccs2)c2ccccc2n1,CHEMBL1529478,0.0,CurationNote.canonical,
None,,nan,,CurationIssue.rdkit_failed
None,,nan,,CurationIssue.rdkit_failed
None,,nan,,CurationIssue.rdkit_failed
None,,nan,,CurationIssue.rdkit_failed
None,,nan,,CurationIssue.rdkit_failed
None,,nan,,CurationIssue.rdkit_failed
None,,nan,,CurationIssue.rdkit_failed
None,,nan,,CurationIssue.rdkit_failed
None,,nan,,CurationIssue.rdkit_failed
None,,nan,,CurationIssue.rdkit_failed
None,,nan,,CurationIssue.rdkit_failed
None,,nan,,CurationIssue.rdkit_failed
None,,nan,,CurationIssue.rdkit_failed
None,,nan,,CurationIssue.rdkit_failed
None,,nan,,CurationIssue.rdkit_failed
None,,nan,,CurationIssue.rdkit_failed
None,,nan,,CurationIssue.rdkit_failed
None,,nan,,CurationIssue.rdkit_failed
None,,nan,,CurationIssue.rdkit_failed
None,,nan,,CurationIssue.rdkit_failed
None,,nan,,CurationIssue.rdkit_failed
None,D-ASPARTATE,nan,,CurationIssue.rdkit_failed
None,,nan,,CurationIssue.rdkit_failed
None,PRALIDOXIME,nan,,CurationIssue.rdkit_failed
None,,nan,,CurationIssue.rdkit_failed
None,,nan,,CurationIssue.rdkit_failed
Cc1c2cnccc2c(C)c2c1c1ccccc1n2CCOC(=O)c1ccccc1,CHEMBL1374334,1.0,CurationNote.canonical,
Cc1ccc(CSc2nnc3c(n2)OC2(Nc4ccccc4-3)C(=O)Nc3ccc(F)cc32)cc1,CHEMBL1429320,0.0,CurationNote.canonical,CurationIssue.inorganic
O=C(Nc1ccc(Cl)cc1)N1CCc2[nH]c3ccccc3c2C1,CHEMBL1384399,0.0,CurationNote.canonical,
CCCCCCCCCCCCCCC[C@H](O)[C@H](N)CO,CHEMBL1487948,0.0,CurationNote.canonical,
Cc1sc2nc(SCc3ccccc3)n(Cc3ccco3)c(=O)c2c1C,CHEMBL1400835,0.0,CurationNote.canonical,
N#Cc1cccc(NC(=O)N2CC3(CCN(C(=O)Oc4ccccc4)CC3)C2)c1,CHEMBL1590038,0.0,CurationNote.canonical,
COc1cccc(Cn2c(=O)c(-c3cccc(F)c3)nc3cncnc32)c1,CHEMBL1479817,0.0,CurationNote.canonical,
FC(F)(F)c1cc(CO[C@H]2CCCN[C@H]2c2ccccc2)cc(C(F)(F)F)c1,CHEMBL27006,1.0,CurationNote.canonical,
C=CCSc1nnc(-c2cc3c(C(F)(F)F)nn(C)c3s2)n1C,CHEMBL1428519,0.0,CurationNote.canonical,CurationIssue.inorganic
CC(=O)n1c(COS(C)(=O)=O)nc2ccccc21,CHEMBL1369140,1.0,CurationNote.canonical,
CCCN(CCO)Cc1ccc(F)c(Br)c1,CHEMBL1497621,1.0,CurationNote.canonical,
COc1cccc(Cn2c(=O)cnc3cnc(Nc4cccc(OC)c4)nc32)c1,CHEMBL1515246,0.0,CurationNote.canonical,
Cc1cc(N)c2ccccc2[n+]1CCCCCCCCCC[n+]1c(C)cc(N)c2ccccc21,CHEMBL333826,0.0,CurationNote.canonical,CurationIssue.duplicate
c1ccc(SCc2nc3ccccc3[nH]2)cc1,CHEMBL234978,1.0,CurationNote.canonical,
COc1ccc(-n2c(=O)c(-c3ccc(Cl)cc3)nc3cnc(N(C)C)nc32)cc1,CHEMBL1399561,1.0,CurationNote.canonical,
Br.CC(C)CC1CC(=O)OC1(C)C(=O)CSc1nc2ccccc2s1,CHEMBL1433173,1.0,CurationNote.canonical,CurationIssue.mixture
CC(C)CN1CCC2(CC1)CCN(S(=O)(=O)c1ccccc1)CC2,CHEMBL1514397,1.0,CurationNote.canonical,
CN(C)CCn1c(=O)n(Cc2ccco2)c(=O)c2c3c(sc21)CCCCC3,CHEMBL1308218,1.0,CurationNote.canonical,
c1ccc2sc(C3(N4CCCCC4)CCCCC3)cc2c1,CHEMBL279556,0.0,CurationNote.canonical,
Fc1ccc(Cn2c(SCc3ccc(F)c(F)c3)nnc2C(F)(F)F)cc1,CHEMBL1497183,0.0,CurationNote.canonical,
CCOC(=O)N1CCN(c2nc(-c3ccco3)cc(C(F)(F)F)n2)CC1,CHEMBL1342791,0.0,CurationNote.canonical,
CN1Cc2c(N)cccc2[C@H](c2ccccc2)C1,CHEMBL51697,1.0,CurationNote.canonical,
None,,nan,,CurationIssue.rdkit_failed
None,,nan,,CurationIssue.rdkit_failed
None,,nan,,CurationIssue.rdkit_failed
None,,nan,,CurationIssue.rdkit_failed
None,,nan,,CurationIssue.rdkit_failed
None,,nan,,CurationIssue.rdkit_failed
None,,nan,,CurationIssue.rdkit_failed
None,,nan,,CurationIssue.rdkit_failed
None,,nan,,CurationIssue.rdkit_failed
CCN(CC)Cc1c(O)c(Cl)cc2c3c(c(=O)oc12)CCCC3,CHEMBL1322914,1.0,CurationNote.canonical,
COC(=O)[C@H]1[C@@H](O)CC[C@H]2CN3CCc4c([nH]c5ccccc45)[C@@H]3C[C@H]21,CHEMBL1327758,1.0,CurationNote.canonical,
Br.COC(=O)Cn1c(=N)n(CCN2CCCCC2)c2ccccc21,CHEMBL1601931,0.0,CurationNote.canonical,CurationIssue.mixture
CC(C)CN1CCCC2(CCN(C(=O)Oc3ccccc3)CC2)C1,CHEMBL1363568,0.0,CurationNote.canonical,
COC(=O)C1=C(C)OC(N)=C(C#N)C1C1CCCCC1,CHEMBL1303450,0.0,CurationNote.canonical,
Cc1ccc(S(=O)(=O)c2cc(C#N)c(O)nc2N)cc1,CHEMBL1390207,0.0,CurationNote.canonical,
O=C(Cc1ccc(Cl)c(Cl)c1)N1CCCC[C@H]1CN1CCCC1,CHEMBL71294,1.0,CurationNote.canonical,CurationIssue.duplicate
None,,nan,,CurationIssue.rdkit_failed
None,,nan,,CurationIssue.rdkit_failed
O=C(NCCNS(=O)(=O)c1ccccc1Cl)c1cc(OCC(F)(F)F)ccc1OCC(F)(F)F,CHEMBL1407215,0.0,CurationNote.canonical,
None,,nan,,CurationIssue.rdkit_failed
CCn1c(SCC(=O)c2ccccc2)nnc1-c1cccs1,CHEMBL1391286,0.0,CurationNote.canonical,
None,,nan,,CurationIssue.rdkit_failed
None,,nan,,CurationIssue.rdkit_failed
None,,nan,,CurationIssue.rdkit_failed
None,LONIDAMINE,nan,,CurationIssue.rdkit_failed
None,,nan,,CurationIssue.rdkit_failed
None,,nan,,CurationIssue.rdkit_failed
None,,nan,,CurationIssue.rdkit_failed
CN(C)c1ncc2ncc(=O)n(CCc3ccccc3)c2n1,CHEMBL1394137,0.0,CurationNote.canonical,
COCC(=O)N1CCC2(CCN(Cc3ccncc3)CC2)CC1,CHEMBL1591876,1.0,CurationNote.canonical,
O=C(Oc1ccccc1)N1CCC2(CCCN(c3ncccn3)C2)CC1,CHEMBL1437325,0.0,CurationNote.canonical,
c1ccc2c(-n3ccnc3)nc(-c3ccoc3)nc2c1,CHEMBL1395344,0.0,CurationNote.canonical,
N=C(N)SCc1ccc(Cl)c2ccccc12.O=[N+]([O-])c1c(O)c(Cl)cc(Cl)c1Cl,CHEMBL1532488,1.0,CurationNote.canonical,CurationIssue.mixture
N#Cc1ccc(C(c2nnnn2C2CCCC2)N2CCC(Cc3ccccc3)CC2)cc1,CHEMBL1547490,1.0,CurationNote.canonical,
COCCNc1ncnc2ccc(-c3cccc(OC)c3)cc12,CHEMBL1396211,0.0,CurationNote.canonical,
CC(C)CN=C(S)NC1CC2CCC(C1)N2Cc1ccccc1,CHEMBL1359298,1.0,CurationNote.canonical,
CSc1ccc(S(=O)(=O)Nc2ccc3c4c(cccc24)CC3)cc1,CHEMBL1362918,0.0,CurationNote.canonical,CurationIssue.inorganic
CCn1c(SC)nnc1C1CCN(S(=O)(=O)c2ccc(OC)cc2)CC1,CHEMBL1510947,1.0,CurationNote.canonical,
O=C1c2ccccc2NC(c2ccc3c(c2)OCO3)N1O,CHEMBL1610687,0.0,CurationNote.canonical,
CN1CCN(c2ccnc(-c3cccnc3)n2)CC1,CHEMBL1396611,1.0,CurationNote.canonical,
Cc1cc(N)c2ccccc2[n+]1CCCCCCCCCC[n+]1c(C)cc(N)c2ccccc21,CHEMBL333826,0.0,CurationNote.canonical,
Cc1cc2ccccc2n1CCNC(=O)c1ccccc1,CHEMBL1530789,1.0,CurationNote.canonical,
O=C(c1csnn1)N1CCC2(CCN(Cc3ccccc3)CC2)CC1,CHEMBL1472649,1.0,CurationNote.canonical,
Cc1cc(Cl)ccc1NC(=O)CN1CCC(C(O)(c2ccccc2)c2ccccc2)CC1,CHEMBL1304114,0.0,CurationNote.canonical,
CN(C(=O)Cc1ccc(Cl)c(Cl)c1)[C@H](CN1CCCC1)c1ccccc1,CHEMBL38576,1.0,CurationNote.canonical,
Cc1ccccc1NS(=O)(=O)c1cc(C(=O)Nc2cccc(N(C)S(C)(=O)=O)c2)ccc1C,CHEMBL1482482,0.0,CurationNote.canonical,
Cc1cc2c(nc1C)CCCCN2C[C@H](O)CN1CCCc2nc(-c3ccc(Br)cc3)ccc21,CHEMBL1601506,1.0,CurationNote.canonical,
CCOC(=O)c1c(C)[nH]c(C(=O)C(C)Sc2ccc(Cl)cc2)c1C,CHEMBL1324528,0.0,CurationNote.canonical,CurationIssue.inorganic
None,,nan,,CurationIssue.rdkit_failed
None,,nan,,CurationIssue.rdkit_failed
CCN1C(=O)[C@H]2CC[C@H]3/C(=N\O[C@@H]4O[C@H](COC(C)=O)[C@@H](OC(C)=O)[C@H](OC(C)=O)[C@H]4OC(C)=O)C[C@@H](O)[C@@H](O)[C@@H]3[C@@H]2C1=O,CHEMBL1411264,1.0,CurationNote.canonical,
C[C@@H]1C[C@H](OC(=O)[C@@H](O)c2ccccc2)CC(C)(C)N1C,CHEMBL1601633,0.0,CurationNote.canonical,
CCc1nnc(NS(=O)(=O)c2ccc(/N=C/c3c(C)nn(-c4ccc(C)cc4)c3O)cc2)s1,CHEMBL3194740,1.0,CurationNote.canonical,
None,,nan,,CurationIssue.rdkit_failed
None,,nan,,CurationIssue.rdkit_failed
CN1C[C@H](CO)C=C2c3cccc4[nH]cc(c34)C[C@@H]21,CHEMBL1331189,1.0,CurationNote.canonical,
Clc1ccc(CSCCc2ccncc2)cc1Cl,CHEMBL1565311,1.0,CurationNote.canonical,
O=C(Cn1cc(C(=O)c2ccco2)c2ccccc21)NCc1ccco1,CHEMBL1500383,0.0,CurationNote.canonical,
C[C@@H]1C[C@@H]2[C@H]3CCC4=CC(=O)C=C[C@]4(C)[C@]3(F)[C@@H](O)C[C@@]2(C)[C@@]1(O)C(=O)CO,CHEMBL1354141,1.0,CurationNote.canonical,
None,,nan,,CurationIssue.rdkit_failed
N[C@H](Cc1cc(I)c(Oc2ccc(O)c(I)c2)c(I)c1)C(=O)O,CHEMBL557,0.0,CurationNote.canonical,
C=C(CC1([C@@H](NP(=O)(c2ccccc2)c2ccccc2)[C@H]2C[C@@H]2CCCC)CC1)c1cccc(OC)c1,CHEMBL1331288,0.0,CurationNote.canonical,
O=C(c1ccco1)N1CCC[C@@]2(CCN(Cc3nccs3)C2)C1,CHEMBL1394533,1.0,CurationNote.canonical,
None,,nan,,CurationIssue.rdkit_failed
None,,nan,,CurationIssue.rdkit_failed
None,,nan,,CurationIssue.rdkit_failed
None,,nan,,CurationIssue.rdkit_failed
None,,nan,,CurationIssue.rdkit_failed
None,,nan,,CurationIssue.rdkit_failed
None,,nan,,CurationIssue.rdkit_failed
None,,nan,,CurationIssue.rdkit_failed
None,,nan,,CurationIssue.rdkit_failed
None,EXISULIND,nan,,CurationIssue.rdkit_failed
None,,nan,,CurationIssue.rdkit_failed
None,,nan,,CurationIssue.rdkit_failed
None,,nan,,CurationIssue.rdkit_failed
None,,nan,,CurationIssue.rdkit_failed
None,,nan,,CurationIssue.rdkit_failed
None,,nan,,CurationIssue.rdkit_failed
None,,nan,,CurationIssue.rdkit_failed
None,,nan,,CurationIssue.rdkit_failed
None,AMTHAMINE,nan,,CurationIssue.rdkit_failed
None,,nan,,CurationIssue.rdkit_failed
None,,nan,,CurationIssue.rdkit_failed
None,,nan,,CurationIssue.rdkit_failed
None,,nan,,CurationIssue.rdkit_failed
None,,nan,,CurationIssue.rdkit_failed
None,,nan,,CurationIssue.rdkit_failed
None,,nan,,CurationIssue.rdkit_failed
None,,nan,,CurationIssue.rdkit_failed
None,,nan,,CurationIssue.rdkit_failed
None,,nan,,CurationIssue.rdkit_failed
None,,nan,,CurationIssue.rdkit_failed
None,,nan,,CurationIssue.rdkit_failed
None,,nan,,CurationIssue.rdkit_failed
None,,nan,,CurationIssue.rdkit_failed
None,,nan,,CurationIssue.rdkit_failed
None,,nan,,CurationIssue.rdkit_failed
None,,nan,,CurationIssue.rdkit_failed
None,,nan,,CurationIssue.rdkit_failed
None,,nan,,CurationIssue.rdkit_failed
None,SULFINPYRAZONE,nan,,CurationIssue.rdkit_failed
None,,nan,,CurationIssue.rdkit_failed
Cc1ccc(SCc2nc3ccccc3n2CC(=O)Nc2ccc(Cl)cc2)cc1,CHEMBL1388315,1.0,CurationNote.canonical,
None,,nan,,CurationIssue.rdkit_failed
None,,nan,,CurationIssue.rdkit_failed
C[N+]1(C)CCc2cc3c(cc2[C@@H]1[C@@H]1C(=O)Oc2c1ccc1c2OCO1)OCO3,CHEMBL1516476,0.0,CurationNote.canonical,CurationIssue.disagreeing_duplicate
Cc1ccc(Nc2nnns2)cc1,CHEMBL1456034,1.0,CurationNote.canonical,
None,,nan,,CurationIssue.rdkit_failed
None,LEVISOPRENALINE,nan,,CurationIssue.rdkit_failed
None,,nan,,CurationIssue.rdkit_failed
None,,nan,,CurationIssue.rdkit_failed
None,,nan,,CurationIssue.rdkit_failed
None,,nan,,CurationIssue.rdkit_failed
None,,nan,,CurationIssue.rdkit_failed
None,,nan,,CurationIssue.rdkit_failed
None,,nan,,CurationIssue.rdkit_failed
None,,nan,,CurationIssue.rdkit_failed
CC(NC(=O)Cc1ccc(F)cc1)c1ccccc1,CHEMBL1742363,0.0,CurationNote.canonical,
None,,nan,,CurationIssue.rdkit_failed
CCCN1CC[C@@H]2c3cc(O)ccc3CC[C@H]21,CHEMBL1397766,0.0,CurationNote.canonical,
None,,nan,,CurationIssue.rdkit_failed
None,,nan,,CurationIssue.rdkit_failed
None,,nan,,CurationIssue.rdkit_failed
None,,nan,,CurationIssue.rdkit_failed
None,,nan,,CurationIssue.rdkit_failed
None,,nan,,CurationIssue.rdkit_failed
None,,nan,,CurationIssue.rdkit_failed
None,,nan,,CurationIssue.rdkit_failed
None,NIMESULIDE,nan,,CurationIssue.rdkit_failed
None,,nan,,CurationIssue.rdkit_failed
None,,nan,,CurationIssue.rdkit_failed
None,,nan,,CurationIssue.rdkit_failed
None,,nan,,CurationIssue.rdkit_failed
None,,nan,,CurationIssue.rdkit_failed
None,,nan,,CurationIssue.rdkit_failed
None,FAMOTIDINE,nan,,CurationIssue.rdkit_failed
None,,nan,,CurationIssue.rdkit_failed
None,,nan,,CurationIssue.rdkit_failed
None,1-METHYLIMIDAZOLE,nan,,CurationIssue.rdkit_failed
None,,nan,,CurationIssue.rdkit_failed
None,,nan,,CurationIssue.rdkit_failed
None,,nan,,CurationIssue.rdkit_failed
None,,nan,,CurationIssue.rdkit_failed
None,,nan,,CurationIssue.rdkit_failed
None,,nan,,CurationIssue.rdkit_failed
None,ALTRETAMINE,nan,,CurationIssue.rdkit_failed
None,,nan,,CurationIssue.rdkit_failed
None,,nan,,CurationIssue.rdkit_failed
None,,nan,,CurationIssue.rdkit_failed
None,,nan,,CurationIssue.rdkit_failed
CSc1ccc2c(c1)N(CC[C@H]1CCCCN1C)c1ccccc1S2,CHEMBL1357558,1.0,CurationNote.canonical,CurationIssue.inorganic
CCc1nnc(S)n1/N=C/c1ccc2c(c1)OCO2,CHEMBL3195224,0.0,CurationNote.canonical,
CN(C)c1ccc(-c2nc(NCCN3CCOCC3)c3ccccc3n2)cc1,CHEMBL1415790,0.0,CurationNote.canonical,
CS(=O)(=O)Nc1cccc(-c2nc(NCc3cccs3)c3ccccc3n2)c1,CHEMBL1554664,1.0,CurationNote.canonical,
C=CCN(CC=C)C(=O)C(=O)c1cc(C)n(-c2ccc([N+](=O)[O-])cc2)c1C,CHEMBL1312233,1.0,CurationNote.canonical,
CCOC(=O)c1ccc(OC(=O)CCCCCNC(=N)N)cc1,CHEMBL87563,0.0,CurationNote.canonical,
COc1ccc2[nH]cc(CCNc3ncncc3-c3ccccc3OC)c2c1,CHEMBL1316956,1.0,CurationNote.canonical,
O=C1c2ccccc2C(=O)N1CCCCN(C(=O)c1ccc([N+](=O)[O-])cc1)c1ccc(Cl)cc1,CHEMBL1543168,0.0,CurationNote.canonical,
Cc1nccc2c1[nH]c1cc(O)ccc12.Cl.O,CHEMBL1535235,1.0,CurationNote.canonical,CurationIssue.mixture
c1cncc(CNc2ccnc(-c3cccnc3)n2)c1,CHEMBL1591896,1.0,CurationNote.canonical,
None,,nan,,CurationIssue.rdkit_failed
Cc1ccc(N(CC2=NCCN2)c2cccc(O)c2)cc1,CHEMBL597,1.0,CurationNote.canonical,
O=C(NCCO)c1ccc(Cl)cc1,CHEMBL1233960,1.0,CurationNote.canonical,
COc1ccc2[nH]cc(CCNc3ncnc4ccc(-c5ccccc5C#N)cc34)c2c1,CHEMBL1361847,1.0,CurationNote.canonical,
COc1ccccc1-c1cncnc1NCc1cccs1,CHEMBL1591971,0.0,CurationNote.canonical,
Cc1cccc(CNc2ncncc2-c2cccnc2)c1,CHEMBL1332929,0.0,CurationNote.canonical,
CCOc1ccc(Cl)cc1CNCCNCC(C)O.Cl,CHEMBL1742171,1.0,CurationNote.canonical,CurationIssue.mixture
CN(C)c1ccc(-c2ccc3ncnc(NCc4ccccc4)c3c2)cc1,CHEMBL492610,0.0,CurationNote.canonical,
CN(C)C(=O)c1ccc(-c2cncnc2N2CCNCC2)cc1,CHEMBL1323215,1.0,CurationNote.canonical,
CN1C[C@H](CNC(=O)OCc2ccccc2)C[C@H]2c3cccc4c3c(cn4C)C[C@@H]21,CHEMBL1441920,1.0,CurationNote.canonical,
O.O=C(O)[C@H]1[C@@H](O)CC[C@H]2CN3CCc4c([nH]c5ccccc45)[C@@H]3C[C@H]21,CHEMBL1613623,1.0,CurationNote.canonical,CurationIssue.mixture
COCCN=C(S)NC1CC2CCCC(C1)N2Cc1cccs1,CHEMBL1457381,1.0,CurationNote.canonical,
COC(=O)[C@@]1(Cc2ccccc2)[C@H]2c3cc(C(=O)N4CCCC4)n(CCN4CNCC4=O)c3C[C@H]2CN1C(=O)c1ccccc1,CHEMBL1435254,0.0,CurationNote.canonical,
O=C(O)c1cccc(CN2CCCCC2)c1,CHEMBL1496013,1.0,CurationNote.canonical,
CN(C)c1ccc(NC(=O)CSc2nc(N)c(C(=O)Nc3ccc(N(C)C)cc3)s2)cc1,CHEMBL1470330,0.0,CurationNote.canonical,CurationIssue.inorganic
CC(C)(C)NC(=O)CSc1nnc(Cc2ccc3c(c2)OCO3)n1C1CCCCC1,CHEMBL1363587,1.0,CurationNote.canonical,CurationIssue.inorganic
CC1CCCCN1c1nc(-c2ccncc2)nc2ccccc12,CHEMBL1447719,1.0,CurationNote.canonical,
None,,nan,,CurationIssue.rdkit_failed
None,,nan,,CurationIssue.rdkit_failed
None,,nan,,CurationIssue.rdkit_failed
CN1CCN2c3ccccc3Cc3ccccc3[C@@H]2C1,CHEMBL1329927,0.0,CurationNote.canonical,CurationIssue.duplicate
COc1ccccc1-c1nccc(NCc2cccc(C)c2)n1,CHEMBL1436049,1.0,CurationNote.canonical,
O=S(=O)(NCCSCc1ccc(Cl)cc1Cl)c1ccc2c(c1)OCCO2,CHEMBL1466677,1.0,CurationNote.canonical,
COCCOC(=O)C1=C(C)NC(C)=C(C(=O)OC(C)C)[C@@H]1c1cccc([N+](=O)[O-])c1,CHEMBL1514440,0.0,CurationNote.canonical,
None,,nan,,CurationIssue.rdkit_failed
None,,nan,,CurationIssue.rdkit_failed
Nc1ccccc1S[C@@H](C[N+](=O)[O-])c1ccc2c(c1)OCO2,CHEMBL1368572,1.0,CurationNote.canonical,
None,,nan,,CurationIssue.rdkit_failed
CS(=O)(=O)Nc1cccc(-c2cncnc2NCc2cccnc2)c1,CHEMBL1394353,0.0,CurationNote.canonical,
None,,nan,,CurationIssue.rdkit_failed
None,,nan,,CurationIssue.rdkit_failed
None,,nan,,CurationIssue.rdkit_failed
None,,nan,,CurationIssue.rdkit_failed
CCOc1ccc(-n2c(SCC(=O)Nc3ccc(OC)cc3OC)nc3c(c2=O)SCC3)cc1,CHEMBL1568061,1.0,CurationNote.canonical,
C[C@@]12CC3CC(N)(C1)C[C@](C)(C3)C2,CHEMBL1329218,1.0,CurationNote.canonical,
None,,nan,,CurationIssue.rdkit_failed
COc1ccc(OC)c(-c2cc(C(=O)O)c3cc4ccccc4cc3n2)c1,CHEMBL1409074,1.0,CurationNote.canonical,
None,,nan,,CurationIssue.rdkit_failed
None,,nan,,CurationIssue.rdkit_failed
None,,nan,,CurationIssue.rdkit_failed
CCCNC(=O)Cn1cnc2sc(C(=O)Nc3ccc4c(c3)OCO4)c(C)c2c1=O,CHEMBL1611188,1.0,CurationNote.canonical,
O=C(c1cnccn1)N1CCC[C@@]2(CCN(c3cccc(-c4ccccc4)c3)C2)C1,CHEMBL1407527,0.0,CurationNote.canonical,
None,,nan,,CurationIssue.rdkit_failed
None,OCTANOYLCARNITINE,nan,,CurationIssue.rdkit_failed
None,,nan,,CurationIssue.rdkit_failed
CCN(CC)CCNC(=O)c1cc(S(C)(=O)=O)ccc1OC,CHEMBL84158,1.0,CurationNote.canonical,
CCN(CC)CCOC(=O)c1c(C)n(C)c2ccc(OC)cc12.Cl,CHEMBL1460770,0.0,CurationNote.canonical,CurationIssue.mixture
O=S(=O)(c1cccc2c(Cl)cccc12)N1CCCNCC1,CHEMBL429298,0.0,CurationNote.canonical,CurationIssue.disagreeing_duplicate
CS(=O)(=O)O.Cc1ccc2c(c1)c1c3n2CCN[C@H]3CCC1,CHEMBL1611901,1.0,CurationNote.canonical,CurationIssue.mixture
COc1ccc(C2(C)NC(=O)N(CC(=O)Nc3ccc4c(c3)OCO4)C2=O)cc1OC,CHEMBL1469597,0.0,CurationNote.canonical,
None,,nan,,CurationIssue.rdkit_failed
CS(=O)(=O)Nc1cccc(-c2cc(NCc3ccccc3)ncn2)c1,CHEMBL1439665,0.0,CurationNote.canonical,
CCCCNC(=O)C1CCN(Cc2ccccn2)CC1,CHEMBL1569019,1.0,CurationNote.canonical,
CCOc1cc(CNCCc2ccc(S(N)(=O)=O)cc2)ccc1OCc1ccc(Cl)cc1.Cl,CHEMBL1341999,1.0,CurationNote.canonical,CurationIssue.mixture
CC[C@H](CO)NC(=O)[C@@H]1C=C2c3cccc4c3c(cn4C)C[C@@H]2N(C)C1,CHEMBL1364291,0.0,CurationNote.canonical,
None,,nan,,CurationIssue.rdkit_failed
None,,nan,,CurationIssue.rdkit_failed
None,,nan,,CurationIssue.rdkit_failed
None,,nan,,CurationIssue.rdkit_failed
None,AMINOPURVALANOL,nan,,CurationIssue.rdkit_failed
None,,nan,,CurationIssue.rdkit_failed
None,,nan,,CurationIssue.rdkit_failed
CCOC(=O)C1=C(C)NC(C)=C(C(=O)OC)[C@H]1c1cccc(Cl)c1Cl,CHEMBL254609,0.0,CurationNote.canonical,
COC(=O)C/C=C\[C@@H](C)[C@@H](/C=N\O[C@@H](C)CN1CCCc2nc(C)c(C)cc21)OC,CHEMBL1395278,1.0,CurationNote.canonical,
Cc1onc(-c2ccccc2Cl)c1C(=O)NCc1cccs1,CHEMBL1392699,0.0,CurationNote.canonical,
O=[N+]([O-])c1c(NCCO)cc(Sc2nc3ccccc3s2)c2nonc12,CHEMBL1416184,0.0,CurationNote.canonical,CurationIssue.inorganic
O=[N+]([O-])/C=C\c1cc2ccccc2[nH]1,CHEMBL1491080,1.0,CurationNote.canonical,
CN1CCCN([C@@H](c2ccccc2)c2ccc(Cl)cc2)CC1,CHEMBL1592597,1.0,CurationNote.canonical,
CCCS(=O)(=O)N1CCCC(C(=O)NCCCN2CCN(c3ccccc3F)CC2)C1,CHEMBL1324806,1.0,CurationNote.canonical,
O=C(Nc1ccccc1C(=O)Nc1ccc2c(c1)OCO2)c1ccco1,CHEMBL1493592,0.0,CurationNote.canonical,
O=C(c1ccc(CN2CCc3ccccc3C2)cc1)N1CCc2ccccc2C1,CHEMBL1577686,1.0,CurationNote.canonical,
O=C1NCC2(CCN(CCc3ccccc3)CC2)O1,CHEMBL576127,0.0,CurationNote.canonical,CurationIssue.disagreeing_duplicate
Cc1ccc(Sc2nc(C)cc(C)c2S(C)(=O)=O)cc1,CHEMBL1589809,0.0,CurationNote.canonical,CurationIssue.inorganic
None,,nan,,CurationIssue.rdkit_failed
None,,nan,,CurationIssue.rdkit_failed
None,,nan,,CurationIssue.rdkit_failed
None,,nan,,CurationIssue.rdkit_failed
COc1ccccc1NC(=O)CN1CCN(C2c3ccccc3-c3ccccc32)CC1,CHEMBL1431735,1.0,CurationNote.canonical,
None,,nan,,CurationIssue.rdkit_failed
CS(=O)(=O)N1CCC[C@@]2(CCN(Cc3ccc(C#N)cc3)C2)C1,CHEMBL1525112,0.0,CurationNote.canonical,
None,,nan,,CurationIssue.rdkit_failed
None,,nan,,CurationIssue.rdkit_failed
COc1ccc(Br)cc1C(=O)Nc1ccc(Cc2ccncc2)cc1,CHEMBL1374962,1.0,CurationNote.canonical,
None,,nan,,CurationIssue.rdkit_failed
None,,nan,,CurationIssue.rdkit_failed
None,,nan,,CurationIssue.rdkit_failed
None,,nan,,CurationIssue.rdkit_failed
None,,nan,,CurationIssue.rdkit_failed
None,,nan,,CurationIssue.rdkit_failed
None,,nan,,CurationIssue.rdkit_failed
None,,nan,,CurationIssue.rdkit_failed
None,,nan,,CurationIssue.rdkit_failed
None,ARCAINE,nan,,CurationIssue.rdkit_failed
None,,nan,,CurationIssue.rdkit_failed
None,,nan,,CurationIssue.rdkit_failed
None,,nan,,CurationIssue.rdkit_failed
None,,nan,,CurationIssue.rdkit_failed
None,,nan,,CurationIssue.rdkit_failed
None,,nan,,CurationIssue.rdkit_failed
None,,nan,,CurationIssue.rdkit_failed
None,,nan,,CurationIssue.rdkit_failed
None,,nan,,CurationIssue.rdkit_failed
None,,nan,,CurationIssue.rdkit_failed
None,,nan,,CurationIssue.rdkit_failed
None,,nan,,CurationIssue.rdkit_failed
None,,nan,,CurationIssue.rdkit_failed
None,,nan,,CurationIssue.rdkit_failed
None,ENALAPRIL,nan,,CurationIssue.rdkit_failed
None,,nan,,CurationIssue.rdkit_failed
None,,nan,,CurationIssue.rdkit_failed
None,,nan,,CurationIssue.rdkit_failed
None,,nan,,CurationIssue.rdkit_failed
None,,nan,,CurationIssue.rdkit_failed
None,,nan,,CurationIssue.rdkit_failed
None,,nan,,CurationIssue.rdkit_failed
None,,nan,,CurationIssue.rdkit_failed
None,,nan,,CurationIssue.rdkit_failed
None,,nan,,CurationIssue.rdkit_failed
None,,nan,,CurationIssue.rdkit_failed
None,,nan,,CurationIssue.rdkit_failed
None,,nan,,CurationIssue.rdkit_failed
None,,nan,,CurationIssue.rdkit_failed
None,,nan,,CurationIssue.rdkit_failed
None,,nan,,CurationIssue.rdkit_failed
None,,nan,,CurationIssue.rdkit_failed
None,,nan,,CurationIssue.rdkit_failed
None,,nan,,CurationIssue.rdkit_failed
None,,nan,,CurationIssue.rdkit_failed
None,,nan,,CurationIssue.rdkit_failed
None,,nan,,CurationIssue.rdkit_failed
None,,nan,,CurationIssue.rdkit_failed
None,MITOFLAXONE,nan,,CurationIssue.rdkit_failed
None,,nan,,CurationIssue.rdkit_failed
None,,nan,,CurationIssue.rdkit_failed
None,,nan,,CurationIssue.rdkit_failed
None,,nan,,CurationIssue.rdkit_failed
None,,nan,,CurationIssue.rdkit_failed
None,,nan,,CurationIssue.rdkit_failed
None,,nan,,CurationIssue.rdkit_failed
None,,nan,,CurationIssue.rdkit_failed
None,,nan,,CurationIssue.rdkit_failed
None,,nan,,CurationIssue.rdkit_failed
None,,nan,,CurationIssue.rdkit_failed
None,,nan,,CurationIssue.rdkit_failed
None,,nan,,CurationIssue.rdkit_failed
None,CHLOROLITHIUM,nan,,CurationIssue.rdkit_failed
None,,nan,,CurationIssue.rdkit_failed
None,,nan,,CurationIssue.rdkit_failed
None,,nan,,CurationIssue.rdkit_failed
None,,nan,,CurationIssue.rdkit_failed
None,,nan,,CurationIssue.rdkit_failed
None,,nan,,CurationIssue.rdkit_failed
None,,nan,,CurationIssue.rdkit_failed
None,,nan,,CurationIssue.rdkit_failed
None,,nan,,CurationIssue.rdkit_failed
None,,nan,,CurationIssue.rdkit_failed
None,AMINOCAPROIC ACID,nan,,CurationIssue.rdkit_failed
None,,nan,,CurationIssue.rdkit_failed
None,,nan,,CurationIssue.rdkit_failed
None,,nan,,CurationIssue.rdkit_failed
None,,nan,,CurationIssue.rdkit_failed
None,,nan,,CurationIssue.rdkit_failed
None,,nan,,CurationIssue.rdkit_failed
None,,nan,,CurationIssue.rdkit_failed
None,PIRENZEPINE,nan,,CurationIssue.rdkit_failed
None,,nan,,CurationIssue.rdkit_failed
None,,nan,,CurationIssue.rdkit_failed
None,,nan,,CurationIssue.rdkit_failed
None,,nan,,CurationIssue.rdkit_failed
None,,nan,,CurationIssue.rdkit_failed
None,,nan,,CurationIssue.rdkit_failed
None,,nan,,CurationIssue.rdkit_failed
None,MUSCIMOL,nan,,CurationIssue.rdkit_failed
None,,nan,,CurationIssue.rdkit_failed
None,,nan,,CurationIssue.rdkit_failed
None,,nan,,CurationIssue.rdkit_failed
None,,nan,,CurationIssue.rdkit_failed
None,,nan,,CurationIssue.rdkit_failed
None,,nan,,CurationIssue.rdkit_failed
None,,nan,,CurationIssue.rdkit_failed
None,,nan,,CurationIssue.rdkit_failed
None,,nan,,CurationIssue.rdkit_failed
None,,nan,,CurationIssue.rdkit_failed
None,,nan,,CurationIssue.rdkit_failed
None,,nan,,CurationIssue.rdkit_failed
None,,nan,,CurationIssue.rdkit_failed
None,,nan,,CurationIssue.rdkit_failed
None,,nan,,CurationIssue.rdkit_failed
None,,nan,,CurationIssue.rdkit_failed
None,,nan,,CurationIssue.rdkit_failed
None,,nan,,CurationIssue.rdkit_failed
None,,nan,,CurationIssue.rdkit_failed
None,SULFAQUINOXALINE,nan,,CurationIssue.rdkit_failed
None,,nan,,CurationIssue.rdkit_failed
None,,nan,,CurationIssue.rdkit_failed
None,,nan,,CurationIssue.rdkit_failed
None,,nan,,CurationIssue.rdkit_failed
None,N-ETHYLMALEIMIDE,nan,,CurationIssue.rdkit_failed
None,,nan,,CurationIssue.rdkit_failed
None,,nan,,CurationIssue.rdkit_failed
None,,nan,,CurationIssue.rdkit_failed
None,,nan,,CurationIssue.rdkit_failed
None,,nan,,CurationIssue.rdkit_failed
None,,nan,,CurationIssue.rdkit_failed
None,,nan,,CurationIssue.rdkit_failed
None,,nan,,CurationIssue.rdkit_failed
None,,nan,,CurationIssue.rdkit_failed
None,,nan,,CurationIssue.rdkit_failed
None,,nan,,CurationIssue.rdkit_failed
None,TARTARIC ACID,nan,,CurationIssue.rdkit_failed
None,,nan,,CurationIssue.rdkit_failed
None,,nan,,CurationIssue.rdkit_failed
None,,nan,,CurationIssue.rdkit_failed
None,,nan,,CurationIssue.rdkit_failed
None,,nan,,CurationIssue.rdkit_failed
None,,nan,,CurationIssue.rdkit_failed
CC(=O)c1cc(NC(=O)c2ccccc2)c(=O)oc1/C=C/N(C)C,CHEMBL1408874,1.0,CurationNote.canonical,
CC1CCc2c(C(=O)Nc3nccs3)csc2C1,CHEMBL1432466,1.0,CurationNote.canonical,
None,,nan,,CurationIssue.rdkit_failed
None,,nan,,CurationIssue.rdkit_failed
None,,nan,,CurationIssue.rdkit_failed
None,,nan,,CurationIssue.rdkit_failed
None,,nan,,CurationIssue.rdkit_failed
None,,nan,,CurationIssue.rdkit_failed
None,,nan,,CurationIssue.rdkit_failed
None,,nan,,CurationIssue.rdkit_failed
None,,nan,,CurationIssue.rdkit_failed
None,,nan,,CurationIssue.rdkit_failed
None,,nan,,CurationIssue.rdkit_failed
None,,nan,,CurationIssue.rdkit_failed
None,,nan,,CurationIssue.rdkit_failed
None,,nan,,CurationIssue.rdkit_failed
None,ISOCORYDINE,nan,,CurationIssue.rdkit_failed
None,,nan,,CurationIssue.rdkit_failed
None,,nan,,CurationIssue.rdkit_failed
None,,nan,,CurationIssue.rdkit_failed
None,,nan,,CurationIssue.rdkit_failed
None,,nan,,CurationIssue.rdkit_failed
None,,nan,,CurationIssue.rdkit_failed
None,,nan,,CurationIssue.rdkit_failed
C[C@H]1CN(S(=O)(=O)c2cccc3cnccc23)CCN1,CHEMBL1552165,0.0,CurationNote.canonical,
CCN(CC)CCC[C@H](C)Nc1c2ccc(Cl)cc2nc2ccc(OC)cc12.Cl.Cl.O.O,CHEMBL1485765,1.0,CurationNote.canonical,CurationIssue.mixture
O=C(Oc1ccccc1)N1CCC2(CCCN(Cc3nccs3)C2)CC1,CHEMBL1435917,1.0,CurationNote.canonical,
CC1(C)N=C(N)N=C(N)N1c1cccc(CSc2ccccc2)c1,CHEMBL21031,1.0,CurationNote.canonical,CurationIssue.inorganic
COc1ccc(CC(=O)NCCN2CCCC2)cc1.Cl,CHEMBL1742357,0.0,CurationNote.canonical,CurationIssue.mixture
CS(=O)(=O)N1CCC2(CCCN(c3ccccn3)C2)CC1,CHEMBL1314434,0.0,CurationNote.canonical,
CC(=O)C1=C(O)[C@@H]2[C@@H]3c4c[nH]c5cccc(c45)C[C@@H]3C(C)(C)N2C1=O,CHEMBL1358297,0.0,CurationNote.canonical,
Cl.NCCCCCc1nnc(SCc2ccccc2Cl)o1,CHEMBL1531681,0.0,CurationNote.canonical,CurationIssue.mixture
None,,nan,,CurationIssue.rdkit_failed
None,,nan,,CurationIssue.rdkit_failed
O=C(c1ccco1)N1CCC2(CCCN(C(c3ccccc3)c3ccccc3)C2)CC1,CHEMBL1395429,1.0,CurationNote.canonical,
Clc1ccc2c(c1)N=C(N1CCNCC1)c1ccccc1N2,CHEMBL845,1.0,CurationNote.canonical,
COC(=O)[C@@]1(Cc2ccc(OC)cc2)[C@H]2c3cc(C(=O)N(C)C)n(Cc4ccc(C)c(F)c4F)c3C[C@H]2CN1C(=O)c1ccccc1,CHEMBL1378764,0.0,CurationNote.canonical,
CCN1CCN(c2nc3ccccc3s2)CC1,CHEMBL1445702,0.0,CurationNote.canonical,
O=S(=O)(c1ccccc1)N1CCC2(CCN(Cc3ccncc3)CC2)CC1,CHEMBL1355216,0.0,CurationNote.canonical,
O=C(c1cnccn1)N1CCC[C@@]2(CCN(C(c3ccccc3)c3ccccc3)C2)C1,CHEMBL1603113,1.0,CurationNote.canonical,
None,,nan,,CurationIssue.rdkit_failed
None,,nan,,CurationIssue.rdkit_failed
CCOC(=O)c1[nH]c(C)c(C(=O)OCC(=O)N2c3ccccc3CC2C)c1C,CHEMBL1310057,0.0,CurationNote.canonical,
COc1ccc(C(=O)N2CCC[C@@]3(CCN(CC(C)C)C3)C2)cc1,CHEMBL1355146,0.0,CurationNote.canonical,
CN(CCc1ccccn1)Cc1ccc(Cl)cc1Cl,CHEMBL1467911,1.0,CurationNote.canonical,
Cc1ccc(S(=O)(=O)N[C@@H](CCc2ccccc2)CC(=O)C(C)(C)C)cc1,CHEMBL1479276,1.0,CurationNote.canonical,
None,,nan,,CurationIssue.rdkit_failed
None,,nan,,CurationIssue.rdkit_failed
None,,nan,,CurationIssue.rdkit_failed
None,,nan,,CurationIssue.rdkit_failed
None,,nan,,CurationIssue.rdkit_failed
None,,nan,,CurationIssue.rdkit_failed
None,,nan,,CurationIssue.rdkit_failed
None,,nan,,CurationIssue.rdkit_failed
None,,nan,,CurationIssue.rdkit_failed
None,,nan,,CurationIssue.rdkit_failed
None,,nan,,CurationIssue.rdkit_failed
None,,nan,,CurationIssue.rdkit_failed
None,,nan,,CurationIssue.rdkit_failed
None,,nan,,CurationIssue.rdkit_failed
O=[N+]([O-])c1ccc(Cl)c(/C=N/N2CCN(Cc3ccccc3Cl)CC2)c1,CHEMBL3194276,1.0,CurationNote.canonical,
None,,nan,,CurationIssue.rdkit_failed
None,,nan,,CurationIssue.rdkit_failed
None,,nan,,CurationIssue.rdkit_failed
None,,nan,,CurationIssue.rdkit_failed
None,,nan,,CurationIssue.rdkit_failed
None,,nan,,CurationIssue.rdkit_failed
None,,nan,,CurationIssue.rdkit_failed
NS(=O)(=O)c1cc2c(cc1Cl)N=C(CSCc1ccccc1)NS2(=O)=O,CHEMBL1201039,0.0,CurationNote.canonical,
COc1cccc(OC)c1C(=O)NC(=S)N1CCN(c2ccc(C(F)(F)F)cc2[N+](=O)[O-])CC1,CHEMBL1448403,0.0,CurationNote.canonical,
COc1cc(/C=C/C(=O)Nc2cc(C(F)(F)F)ccc2Cl)cc(OC)c1OC,CHEMBL1339210,1.0,CurationNote.canonical,
None,,nan,,CurationIssue.rdkit_failed
None,,nan,,CurationIssue.rdkit_failed
None,,nan,,CurationIssue.rdkit_failed
None,,nan,,CurationIssue.rdkit_failed
None,,nan,,CurationIssue.rdkit_failed
CC(C)CC(C(=O)NCC1CCCO1)N(C(=O)Cn1nnc(-c2ccc(F)cc2)n1)c1ccccc1F,CHEMBL1604492,0.0,CurationNote.canonical,
Cc1ccc(OCC(=O)N2CCN(c3ccc([N+](=O)[O-])c(N4CCOCC4)c3)CC2)cc1,CHEMBL1304386,0.0,CurationNote.canonical,
CCOC(=O)c1c(C)[nH]c(C)c1C(=O)COC(=O)c1cccc(S(=O)(=O)N(CC)CC)c1,CHEMBL1443952,0.0,CurationNote.canonical,
O=C1C(Cc2ccccc2)S/C(=N\c2ccccc2)N1c1ccccc1,CHEMBL3193508,0.0,CurationNote.canonical,
None,,nan,,CurationIssue.rdkit_failed
None,ETHAMIVAN,nan,,CurationIssue.rdkit_failed
None,,nan,,CurationIssue.rdkit_failed
None,,nan,,CurationIssue.rdkit_failed
None,,nan,,CurationIssue.rdkit_failed
None,,nan,,CurationIssue.rdkit_failed
None,BIFEMELANE,nan,,CurationIssue.rdkit_failed
None,,nan,,CurationIssue.rdkit_failed
None,,nan,,CurationIssue.rdkit_failed
None,,nan,,CurationIssue.rdkit_failed
None,,nan,,CurationIssue.rdkit_failed
None,,nan,,CurationIssue.rdkit_failed
None,,nan,,CurationIssue.rdkit_failed
None,,nan,,CurationIssue.rdkit_failed
None,,nan,,CurationIssue.rdkit_failed
None,,nan,,CurationIssue.rdkit_failed
None,,nan,,CurationIssue.rdkit_failed
None,,nan,,CurationIssue.rdkit_failed
None,,nan,,CurationIssue.rdkit_failed
None,,nan,,CurationIssue.rdkit_failed
None,,nan,,CurationIssue.rdkit_failed
None,,nan,,CurationIssue.rdkit_failed
None,,nan,,CurationIssue.rdkit_failed
None,,nan,,CurationIssue.rdkit_failed
None,,nan,,CurationIssue.rdkit_failed
None,,nan,,CurationIssue.rdkit_failed
None,,nan,,CurationIssue.rdkit_failed
None,,nan,,CurationIssue.rdkit_failed
None,,nan,,CurationIssue.rdkit_failed
None,,nan,,CurationIssue.rdkit_failed
None,CARBIDOPA,nan,,CurationIssue.rdkit_failed
None,,nan,,CurationIssue.rdkit_failed
CCOc1ccccc1NC(=O)CCn1c(=O)oc2ccccc21,CHEMBL1741471,1.0,CurationNote.canonical,
Cc1ccc2nc(-c3ccccc3)c(CN(C)C)c(O)c2c1,CHEMBL1312169,1.0,CurationNote.canonical,
CC[N+](CC)(CC)CC[C@](O)(c1ccccc1)C1CCCCC1,CHEMBL1511845,1.0,CurationNote.canonical,
None,,nan,,CurationIssue.rdkit_failed
None,,nan,,CurationIssue.rdkit_failed
None,,nan,,CurationIssue.rdkit_failed
None,,nan,,CurationIssue.rdkit_failed
None,,nan,,CurationIssue.rdkit_failed
None,,nan,,CurationIssue.rdkit_failed
None,,nan,,CurationIssue.rdkit_failed
None,,nan,,CurationIssue.rdkit_failed
None,,nan,,CurationIssue.rdkit_failed
None,,nan,,CurationIssue.rdkit_failed
COc1ccc(Cn2c(SCc3ccccc3C)nc3cc(OC)c(OC)cc3c2=N)cc1,CHEMBL1500686,1.0,CurationNote.canonical,
O=C(NCc1ccccc1)[C@@H]1C[C@H]1[C@@H](NP(=O)(c1ccccc1)c1ccccc1)c1ccccc1,CHEMBL1397763,0.0,CurationNote.canonical,
N=C(N)SCCc1c[nH]cn1,CHEMBL19439,0.0,CurationNote.canonical,CurationIssue.duplicate
CCC(=O)Nc1ccc(C(=O)OCC(=O)c2ccc(C)c([N+](=O)[O-])c2)cc1,CHEMBL1360125,0.0,CurationNote.canonical,
Cc1c(OCC(F)(F)F)ccnc1C[S+]([O-])c1nc2ccccc2[nH]1,CHEMBL480,0.0,CurationNote.canonical,
COc1ccc2c(c1)-c1nc(NC(=O)c3cccs3)sc1CC2,CHEMBL1562333,1.0,CurationNote.canonical,
None,,nan,,CurationIssue.rdkit_failed
CN(C)c1ccc(-c2ccc3ncnc(-n4ccnc4)c3c2)cc1,CHEMBL1396595,0.0,CurationNote.canonical,
COc1cccc([C@H]2Oc3ccc(OC)cc3/C(=N\OC[C@@H](O)[C@@H]3O[C@@H]4OC(C)(C)O[C@@H]4[C@H]3O)[C@@H]2O)c1,CHEMBL1402241,1.0,CurationNote.canonical,
None,,nan,,CurationIssue.rdkit_failed
None,,nan,,CurationIssue.rdkit_failed
None,,nan,,CurationIssue.rdkit_failed
None,,nan,,CurationIssue.rdkit_failed
None,,nan,,CurationIssue.rdkit_failed
None,,nan,,CurationIssue.rdkit_failed
None,,nan,,CurationIssue.rdkit_failed
None,,nan,,CurationIssue.rdkit_failed
None,ARECOLINE,nan,,CurationIssue.rdkit_failed
None,,nan,,CurationIssue.rdkit_failed
None,,nan,,CurationIssue.rdkit_failed
None,PROCAINAMIDE,nan,,CurationIssue.rdkit_failed
None,,nan,,CurationIssue.rdkit_failed
None,,nan,,CurationIssue.rdkit_failed
None,PEMPIDINE TARTRATE,nan,,CurationIssue.rdkit_failed
None,DIMETHYLPHENYLPIPERAZINIUM,nan,,CurationIssue.rdkit_failed
Cc1cc(Cl)ccc1OCC(=O)NCc1ccncc1,CHEMBL1502052,1.0,CurationNote.canonical,
None,,nan,,CurationIssue.rdkit_failed
None,,nan,,CurationIssue.rdkit_failed
CCN1CCCCC(=N/O)/C(=N\O)CCCC1,CHEMBL1595960,1.0,CurationNote.canonical,
COc1ccc2[nH]cc(CCNc3ncnc4ccc(-c5ccoc5)cc34)c2c1,CHEMBL1433752,1.0,CurationNote.canonical,
CN(C(=O)Cc1ccccc1)[C@@H]1CC[C@@]2(CCCO2)C[C@H]1N1CCCC1,CHEMBL1553428,0.0,CurationNote.canonical,
Clc1ccc(CSc2nccn2Cc2ccccc2)cc1,CHEMBL1569352,1.0,CurationNote.canonical,CurationIssue.inorganic
COC(=O)C1=CO[C@@H](C)[C@H]2CN3CCc4c([nH]c5ccccc45)[C@@H]3C[C@H]12,CHEMBL123325,1.0,CurationNote.canonical,CurationIssue.duplicate
Cc1ccc(S(=O)(=O)OC[C@@H]2CN3[C@@H](CC[C@@H](C)[C@H]3c3ccc(Br)cc3)C(=O)O2)cc1,CHEMBL1592500,1.0,CurationNote.canonical,
Oc1ccccc1C1Nc2cccc3cccc(c23)N1,CHEMBL1568684,1.0,CurationNote.canonical,
Cc1ccc2c(c1)N(CC(=O)NCc1cccs1)C(=O)C(C)O2,CHEMBL1609808,0.0,CurationNote.canonical,
Cc1ccc(NC(=O)c2cc([N+](=O)[O-])ccc2NCc2cccnc2)cc1Cl,CHEMBL533542,1.0,CurationNote.canonical,
COc1ccc2c(c1)N(CC[C@H]1CCCCN1C)c1ccccc1S2,CHEMBL1533467,1.0,CurationNote.canonical,
Cc1ccc(C)c(S(=O)(=O)N2CCC(c3nc(O)c4nnn(Cc5ccc(F)cc5)c4n3)CC2)c1,CHEMBL1440108,0.0,CurationNote.canonical,
c1ccc2nc(C3=NCCN3)ccc2c1,CHEMBL13698,0.0,CurationNote.canonical,
Cc1cccc(C)c1OCC(O)CNC(C)(C)C.Cl,CHEMBL1490782,1.0,CurationNote.canonical,CurationIssue.mixture
CN1C[C@@H](CS(=O)(=O)N(C)C)C[C@H]2c3cccc4c3c(cn4C)C[C@@H]21,CHEMBL1474544,1.0,CurationNote.canonical,
COc1ccc(C2C(C#N)=C(N)Oc3[nH]nc(C)c32)cc1CN1CCN(c2ccc(F)cc2)CC1,CHEMBL1612774,0.0,CurationNote.canonical,
CCC(C)N1C(=O)C2C(C(=O)Nc3cccc(OC)c3)C3C=CC2(O3)C1C(=O)NC1CCCCC1C,CHEMBL1711658,1.0,CurationNote.canonical,
COCCNC(=O)[C@H](C)[C@@H]1C[C@@]1(C)[C@@H](NC(=O)OCc1ccccc1)c1ccccc1,CHEMBL1374623,1.0,CurationNote.canonical,
CC(C)NC[C@@H](O)COc1cccc2ccccc12,CHEMBL275742,1.0,CurationNote.canonical,CurationIssue.duplicate
CCCC[C@@H]1C[C@H]1C(NC(=O)Cc1ccccc1)c1ccc(Cl)cc1,CHEMBL1330587,1.0,CurationNote.canonical,
COc1ccc(CCNC(=O)C2CCCN(Cc3nc(-c4cccc(Cl)c4)oc3C)C2)cc1OC,CHEMBL1603471,0.0,CurationNote.canonical,
O=C1C(Cl)=C(Sc2nnc3c4ccccc4c4ccccc4c3n2)C(=O)c2ccccc21,CHEMBL1317986,1.0,CurationNote.canonical,CurationIssue.inorganic
Cn1c(=O)c(C(=O)CN2CCOCC2)c(N)n(Cc2ccccc2)c1=O,CHEMBL1538552,1.0,CurationNote.canonical,
Cc1noc(C)c1-c1nccc(-n2ccnc2)n1,CHEMBL1568178,0.0,CurationNote.canonical,
N#Cc1c(N2CCCCC2)nc(N)c2c(N)nc3c(c12)CC(c1ccccc1)O3,CHEMBL1424097,0.0,CurationNote.canonical,
Oc1ccc(/C=C\c2cc(O)cc(O)c2)cc1,CHEMBL87333,1.0,CurationNote.canonical,
CCc1cccc(-n2cc(C3CCN(C(=O)OC(C)(C)C)CC3)c(C(=O)Nc3ccc(F)cc3)n2)c1,CHEMBL1307909,1.0,CurationNote.canonical,
CN(Cc1ccco1)c1ncncc1-c1cccc(NS(C)(=O)=O)c1,CHEMBL1333783,0.0,CurationNote.canonical,
O=C(CN1CCc2ccccc21)NC(=O)NCc1ccco1,CHEMBL1478808,0.0,CurationNote.canonical,
CC(C)[C@H](N)c1nnc(SC/C=C/c2ccccc2)o1.Cl,CHEMBL1352225,0.0,CurationNote.canonical,CurationIssue.mixture
O=C(NCCc1ccccc1)c1noc2c1CCc1ccccc1-2,CHEMBL1610581,1.0,CurationNote.canonical,
Cc1ccccc1OCC(O)Cn1c2ccccc2c2ccccc21,CHEMBL1603906,1.0,CurationNote.canonical,
CC1CCCN(CCCNC(=O)C2CC(=O)N(c3ccc(F)c(Cl)c3)C2)C1,CHEMBL1426905,0.0,CurationNote.canonical,
COC(=O)[C@@]1(Cc2ccc(F)cc2)[C@H]2c3cc(C(=O)N(C)C)n(Cc4ccc(C(F)(F)F)nc4)c3C[C@H]2CN1C(=O)c1ccccc1,CHEMBL1530982,0.0,CurationNote.canonical,
Cc1ccc(Nc2nc(-c3c(C)nc4ncccn34)cs2)cc1,CHEMBL1374527,0.0,CurationNote.canonical,
COc1ccc(-c2nc(-c3cc([N+](=O)[O-])ccc3C)c(-c3ccccc3)[nH]2)cc1O,CHEMBL1420945,0.0,CurationNote.canonical,
C=CCN1CCc2cc(O)c(O)cc2[C@H](c2ccccc2)C1,CHEMBL286120,0.0,CurationNote.canonical,CurationIssue.duplicate
COc1ccccc1N1CCN(C[C@@H](O)COc2cccc3ccccc23)CC1,CHEMBL1446968,1.0,CurationNote.canonical,
Cc1ccc(C(=O)NNC(=O)CSc2nnc(-c3ccncc3)n2-c2ccc(C)cc2)cc1,CHEMBL1479112,0.0,CurationNote.canonical,CurationIssue.inorganic
CCN1CCN(S(=O)(=O)c2ccc(Cl)nc2)CC1,CHEMBL1308023,0.0,CurationNote.canonical,
O=C(Nc1cccc(F)c1)N1CCCC2(CCN(S(=O)(=O)c3ccccc3)CC2)C1,CHEMBL1320662,0.0,CurationNote.canonical,
None,,nan,,CurationIssue.rdkit_failed
None,,nan,,CurationIssue.rdkit_failed
None,,nan,,CurationIssue.rdkit_failed
None,,nan,,CurationIssue.rdkit_failed
None,,nan,,CurationIssue.rdkit_failed
None,,nan,,CurationIssue.rdkit_failed
None,,nan,,CurationIssue.rdkit_failed
None,,nan,,CurationIssue.rdkit_failed
None,,nan,,CurationIssue.rdkit_failed
None,,nan,,CurationIssue.rdkit_failed
None,,nan,,CurationIssue.rdkit_failed
None,,nan,,CurationIssue.rdkit_failed
None,,nan,,CurationIssue.rdkit_failed
None,,nan,,CurationIssue.rdkit_failed
None,,nan,,CurationIssue.rdkit_failed
None,,nan,,CurationIssue.rdkit_failed
None,,nan,,CurationIssue.rdkit_failed
None,,nan,,CurationIssue.rdkit_failed
None,,nan,,CurationIssue.rdkit_failed
None,PUTRESCINE,nan,,CurationIssue.rdkit_failed
None,,nan,,CurationIssue.rdkit_failed
None,,nan,,CurationIssue.rdkit_failed
None,,nan,,CurationIssue.rdkit_failed
None,,nan,,CurationIssue.rdkit_failed
None,,nan,,CurationIssue.rdkit_failed
CCNc1ncc2nc(-c3cc(F)cc(F)c3)c(=O)n(CCc3ccccc3)c2n1,CHEMBL1316463,0.0,CurationNote.canonical,
CCOc1ccccc1Nc1nc(-c2sc(NC(=O)c3ccccc3)nc2C)cs1,CHEMBL1451149,0.0,CurationNote.canonical,
C=CCN1CC[C@]23c4c5ccc(O)c4O[C@@H]2C(=O)CC[C@@]3(O)[C@H]1C5,CHEMBL1482236,0.0,CurationNote.canonical,
O=C(CSC1CC(=O)N(CC(c2ccccc2)c2ccccc2)C1=O)Nc1ccc(Cl)cc1,CHEMBL1501526,1.0,CurationNote.canonical,
None,,nan,,CurationIssue.rdkit_failed
None,,nan,,CurationIssue.rdkit_failed
None,,nan,,CurationIssue.rdkit_failed
None,,nan,,CurationIssue.rdkit_failed
None,,nan,,CurationIssue.rdkit_failed
None,,nan,,CurationIssue.rdkit_failed
None,,nan,,CurationIssue.rdkit_failed
Clc1ccc(Sc2ccc(/C=N/n3cnnc3)o2)cc1,CHEMBL2094549,0.0,CurationNote.canonical,CurationIssue.inorganic
COCCCNC(=O)C1CCC(=O)N1Cc1ccccc1Cl,CHEMBL1742020,0.0,CurationNote.canonical,
Fc1ccc(C(OCCN2CCN(CCCc3ccccc3)CC2)c2ccc(F)cc2)cc1,CHEMBL281594,1.0,CurationNote.canonical,
CCN(CC)CCNC(=O)c1cc(S(C)(=O)=O)ccc1OC,CHEMBL84158,0.0,CurationNote.canonical,CurationIssue.duplicate
O=C(NCCN1CCOCC1)c1csc2c1CCCCC2,CHEMBL1364220,0.0,CurationNote.canonical,
None,,nan,,CurationIssue.rdkit_failed
None,,nan,,CurationIssue.rdkit_failed
None,,nan,,CurationIssue.rdkit_failed
None,,nan,,CurationIssue.rdkit_failed
None,,nan,,CurationIssue.rdkit_failed
None,,nan,,CurationIssue.rdkit_failed
None,,nan,,CurationIssue.rdkit_failed
None,,nan,,CurationIssue.rdkit_failed
None,,nan,,CurationIssue.rdkit_failed
None,FOSFONET,nan,,CurationIssue.rdkit_failed
None,,nan,,CurationIssue.rdkit_failed
None,,nan,,CurationIssue.rdkit_failed
None,,nan,,CurationIssue.rdkit_failed
None,,nan,,CurationIssue.rdkit_failed
None,,nan,,CurationIssue.rdkit_failed
None,,nan,,CurationIssue.rdkit_failed
None,,nan,,CurationIssue.rdkit_failed
None,,nan,,CurationIssue.rdkit_failed
None,,nan,,CurationIssue.rdkit_failed
None,,nan,,CurationIssue.rdkit_failed
None,,nan,,CurationIssue.rdkit_failed
None,,nan,,CurationIssue.rdkit_failed
None,,nan,,CurationIssue.rdkit_failed
None,,nan,,CurationIssue.rdkit_failed
C[N+]1(C)CCC[C@@H](OC(=O)C(O)(c2ccccc2)c2ccccc2)C1,CHEMBL1437876,1.0,CurationNote.canonical,
None,,nan,,CurationIssue.rdkit_failed
None,,nan,,CurationIssue.rdkit_failed
None,,nan,,CurationIssue.rdkit_failed
None,,nan,,CurationIssue.rdkit_failed
None,,nan,,CurationIssue.rdkit_failed
None,,nan,,CurationIssue.rdkit_failed
None,,nan,,CurationIssue.rdkit_failed
None,,nan,,CurationIssue.rdkit_failed
CC(=O)N1CCC2(CCCN(c3cccc(-c4ccccc4)c3)C2)CC1,CHEMBL1553404,0.0,CurationNote.canonical,
Cc1c(NCc2cc(Cl)ccc2O)c(=O)n(-c2ccccc2)n1C,CHEMBL1391308,1.0,CurationNote.canonical,
O=[N+]([O-])c1ccccc1N/N=C/c1c[nH]c2ccccc12,CHEMBL1892270,0.0,CurationNote.canonical,
CC(C/C=N/NC(=O)COc1cc(Cl)ccc1Cl)c1ccccc1,CHEMBL3192647,1.0,CurationNote.canonical,
CCN(C1CCCCC1)S(=O)(=O)c1ccc(S(=O)(=O)NCc2ccncc2)cc1,CHEMBL1608942,1.0,CurationNote.canonical,
CCOC(=O)c1c(C)[nH]c(C)c1C(=O)COC(=O)c1ccc(S(=O)(=O)N(CC)CC)cc1,CHEMBL1376927,0.0,CurationNote.canonical,
None,,nan,,CurationIssue.rdkit_failed
None,,nan,,CurationIssue.rdkit_failed
None,,nan,,CurationIssue.rdkit_failed
None,,nan,,CurationIssue.rdkit_failed
None,,nan,,CurationIssue.rdkit_failed
None,,nan,,CurationIssue.rdkit_failed
None,,nan,,CurationIssue.rdkit_failed
Br.Cc1ccc(C)c(C(=O)CN2C3=NCCCN3c3ccccc32)c1,CHEMBL1404928,1.0,CurationNote.canonical,CurationIssue.mixture
CC(C)CC(C(=O)OCC(=O)Nc1ncc(Cl)cc1Cl)N1C(=O)c2ccccc2C1=O,CHEMBL1522232,0.0,CurationNote.canonical,
O=C(CCC(=O)c1cccs1)OCC(=O)N1CCN(C(=O)c2ccco2)CC1,CHEMBL1572893,0.0,CurationNote.canonical,
COc1cccc([C@@H]2Oc3ccc(OC)cc3C(=O)[C@H]2O)c1,CHEMBL1334327,1.0,CurationNote.canonical,
None,,nan,,CurationIssue.rdkit_failed
None,,nan,,CurationIssue.rdkit_failed
None,,nan,,CurationIssue.rdkit_failed
None,,nan,,CurationIssue.rdkit_failed
None,,nan,,CurationIssue.rdkit_failed
None,,nan,,CurationIssue.rdkit_failed
None,,nan,,CurationIssue.rdkit_failed
None,,nan,,CurationIssue.rdkit_failed
None,,nan,,CurationIssue.rdkit_failed
None,,nan,,CurationIssue.rdkit_failed
None,,nan,,CurationIssue.rdkit_failed
None,,nan,,CurationIssue.rdkit_failed
None,,nan,,CurationIssue.rdkit_failed
c1ccc(CNc2cc(-c3ccoc3)ncn2)cc1,CHEMBL1321094,0.0,CurationNote.canonical,
C[C@@H](C(=O)NCCF)[C@H]1C[C@]1(C)[C@H](NC(=O)OCc1ccccc1)c1ccccc1,CHEMBL1476280,1.0,CurationNote.canonical,
Clc1ccccc1-c1nc(NCc2cccnc2)c2ccccc2n1,CHEMBL1591956,0.0,CurationNote.canonical,
Clc1cccc(CSc2nnc(-c3sccc3-n3cccc3)o2)c1,CHEMBL1458869,1.0,CurationNote.canonical,CurationIssue.inorganic
COc1ccc(CNc2cc(-c3ccccc3OC)ncn2)c(OC)c1,CHEMBL1551139,1.0,CurationNote.canonical,
Cc1ccccc1-c1cncnc1Nc1ccc(F)cc1,CHEMBL1516170,0.0,CurationNote.canonical,
CSc1ccc(C#N)cc1NC(=O)c1cccc(Cl)c1,CHEMBL1400520,1.0,CurationNote.canonical,CurationIssue.inorganic
O=c1onc(-c2cccs2)n1Cc1ccccc1,CHEMBL1567887,0.0,CurationNote.canonical,
O=c1c(CCc2ccccc2)nc2cncnc2n1-c1ccccc1,CHEMBL1515287,0.0,CurationNote.canonical,
O=S(=O)(N/N=C\c1ccc2c(c1)OCO2)c1ccc(Cl)cc1,CHEMBL3211113,1.0,CurationNote.canonical,
COc1ccc(-c2nsc3c(N4CCCCC4)ncnc23)cc1,CHEMBL1510646,0.0,CurationNote.canonical,
Cc1ccccc1-c1nc(N(C)C)c2ccccc2n1,CHEMBL1564194,0.0,CurationNote.canonical,
Cc1ccc(-c2ncccc2OC(=O)C23CC4CC(CC(C4)C2)C3)cc1.Cl,CHEMBL1547626,0.0,CurationNote.canonical,CurationIssue.mixture
CNc1ncnc2ccc(-c3ccc4c(c3)OCO4)cc12,CHEMBL1590106,0.0,CurationNote.canonical,
COc1ccc(C(=O)N2CCC3(CC2)CN(Cc2ccc(C#N)cc2)C3)cc1,CHEMBL1474568,0.0,CurationNote.canonical,
CCOc1ccc2nc(O)c(CN(CCc3ccccc3)C(=O)N3CCCC3)cc2c1,CHEMBL1306988,0.0,CurationNote.canonical,
Fc1cc(Br)ccc1N=C(S)NCCc1ccccc1,CHEMBL1604264,0.0,CurationNote.canonical,
None,,nan,,CurationIssue.rdkit_failed
CN1CCN(c2ncnc3ccc(-c4ccccc4C(F)(F)F)cc23)CC1,CHEMBL1395415,0.0,CurationNote.canonical,
Cc1cc(N)c2ccccc2[n+]1CCCCCCCCCC[n+]1c(C)cc(N)c2ccccc21,CHEMBL333826,1.0,CurationNote.canonical,CurationIssue.duplicate
O=C(CSc1nc2ccccc2c(=O)n1CCCO)NCc1ccccc1,CHEMBL1706828,0.0,CurationNote.canonical,CurationIssue.inorganic
Cc1nccc2c1[nH]c1ccccc12,CHEMBL12014,1.0,CurationNote.canonical,
COc1ccc(N2C(=O)NC(=O)/C(=C(/C)NCCCn3ccnc3)C2=O)cc1,CHEMBL1418437,1.0,CurationNote.canonical,
CN(C)CCC=C1c2ccccc2C=Cc2ccccc21,CHEMBL669,1.0,CurationNote.canonical,CurationIssue.duplicate
COc1ccc2nc3cc(Cl)ccc3c(Nc3ccc(O)c(CN4CCN(C)CC4)c3)c2c1,CHEMBL463783,1.0,CurationNote.canonical,
Cc1nnc(-c2cccc(Br)c2)c2cn(-c3ccc(Br)cc3)nc12,CHEMBL1431953,0.0,CurationNote.canonical,
CCC(=O)Nc1cccc(-c2nc3ccccc3c(=O)o2)c1,CHEMBL1390531,0.0,CurationNote.canonical,
Cc1ccccc1-c1cncnc1NCCc1cnc[nH]1,CHEMBL1404598,0.0,CurationNote.canonical,
O=C(c1ccco1)N1CCC2(CCN(Cc3ccccc3)CC2)CC1,CHEMBL1290409,1.0,CurationNote.canonical,
None,,nan,,CurationIssue.rdkit_failed
None,,nan,,CurationIssue.rdkit_failed
None,,nan,,CurationIssue.rdkit_failed
None,,nan,,CurationIssue.rdkit_failed
None,,nan,,CurationIssue.rdkit_failed
None,,nan,,CurationIssue.rdkit_failed
None,,nan,,CurationIssue.rdkit_failed
None,,nan,,CurationIssue.rdkit_failed
None,,nan,,CurationIssue.rdkit_failed
None,,nan,,CurationIssue.rdkit_failed
None,,nan,,CurationIssue.rdkit_failed
None,,nan,,CurationIssue.rdkit_failed
None,,nan,,CurationIssue.rdkit_failed
None,,nan,,CurationIssue.rdkit_failed
None,,nan,,CurationIssue.rdkit_failed
None,,nan,,CurationIssue.rdkit_failed
None,,nan,,CurationIssue.rdkit_failed
None,,nan,,CurationIssue.rdkit_failed
None,,nan,,CurationIssue.rdkit_failed
None,,nan,,CurationIssue.rdkit_failed
None,,nan,,CurationIssue.rdkit_failed
None,,nan,,CurationIssue.rdkit_failed
None,,nan,,CurationIssue.rdkit_failed
None,,nan,,CurationIssue.rdkit_failed
None,,nan,,CurationIssue.rdkit_failed
None,,nan,,CurationIssue.rdkit_failed
None,,nan,,CurationIssue.rdkit_failed
CNc1cc(OC)c(C(=O)N[C@@H]2CCN(Cc3ccccc3)[C@H]2C)cc1Cl,CHEMBL1553422,0.0,CurationNote.canonical,
Cc1cccc(OCCSCc2nc3ccccc3[nH]2)c1,CHEMBL1305982,1.0,CurationNote.canonical,
COc1ccccc1-c1nccc(Nc2ccc(F)cc2)n1,CHEMBL1513324,0.0,CurationNote.canonical,
COc1c2occc2cc2ccc(=O)oc12,CHEMBL416,1.0,CurationNote.canonical,
CCC(=O)Nc1ccc(N2CCN(CC)CC2)c(Cl)c1,CHEMBL1478425,1.0,CurationNote.canonical,
N#CCO/N=C(\c1ccccc1)c1ccncc1,CHEMBL3211454,0.0,CurationNote.canonical,
CNCCC=C1c2ccccc2CCc2ccccc21,CHEMBL445,1.0,CurationNote.canonical,CurationIssue.duplicate
O=C(COC(=O)c1cccnc1Nc1cccc(C(F)(F)F)c1)NCc1ccc2c(c1)OCO2,CHEMBL1430702,1.0,CurationNote.canonical,
None,,nan,,CurationIssue.rdkit_failed
None,,nan,,CurationIssue.rdkit_failed
None,SALSOLIDINE,nan,,CurationIssue.rdkit_failed
None,,nan,,CurationIssue.rdkit_failed
Cn1cc(C(=O)c2ccc(Cl)cc2)cc1-c1nc2ccccc2n1C,CHEMBL1581244,1.0,CurationNote.canonical,
COC(=O)[C@@]1(Cc2ccc(F)cc2)[C@H]2c3cc(C(=O)N(C)C)n(Cc4nc5ccccc5[nH]4)c3C[C@H]2CN1C(=O)c1ccccc1,CHEMBL1441981,1.0,CurationNote.canonical,
NC1CCN(c2cccc(Cl)n2)CC1,CHEMBL90472,1.0,CurationNote.canonical,
O[Si@](CCCN1CCCCC1)(c1ccc(F)cc1)C1CCCCC1,CHEMBL1600342,1.0,CurationNote.canonical,CurationIssue.inorganic
Cn1ccc2cc(NC(=O)Nc3cccnc3)ccc21,CHEMBL85194,0.0,CurationNote.canonical,
COC(=O)C/C=C\[C@@H](C)[C@@H](/C=N\O[C@@H]1O[C@H](COC(C)=O)[C@@H](OC(C)=O)[C@H](OC(C)=O)[C@H]1OC(C)=O)NS(=O)(=O)c1ccc(C)cc1,CHEMBL1554803,1.0,CurationNote.canonical,
COc1cccc(C(=O)N(Cc2ccccc2)Cc2cc3cc4c(cc3nc2O)OCCO4)c1,CHEMBL1532949,1.0,CurationNote.canonical,
CCC(Sc1nc2cc3c(cc2c(=O)n1Cc1ccco1)OCO3)C(=O)Nc1ccccc1OC,CHEMBL1562832,1.0,CurationNote.canonical,CurationIssue.inorganic
COc1cccc(-c2nc(NCCc3c[nH]c4ccc(OC)cc34)c3ccccc3n2)c1,CHEMBL1435638,0.0,CurationNote.canonical,
CNCCCC12CCC(c3ccccc31)c1ccccc12.Cl,CHEMBL1237135,1.0,CurationNote.canonical,CurationIssue.mixture
,CHEMBL1472834,0.0,CurationNote.canonical,CurationIssue.duplicate
NCCc1c[nH]c2ccc(O)cc12,CHEMBL39,1.0,CurationNote.canonical,
COc1ccc2c(c1OC)C(=O)O[C@H]2[C@H]1c2c(cc3c(c2OC)OCO3)CCN1C,CHEMBL1403892,1.0,CurationNote.canonical,CurationIssue.duplicate
CC(=O)OCC1=C(C(=O)[O-])N2C(=O)[C@@H](NC(=O)CSc3ccncc3)[C@@H]2SC1.[Na+],CHEMBL1314545,0.0,CurationNote.canonical,CurationIssue.mixture
None,MECAMYLAMINE,nan,,CurationIssue.rdkit_failed
None,,nan,,CurationIssue.rdkit_failed
None,,nan,,CurationIssue.rdkit_failed
None,,nan,,CurationIssue.rdkit_failed
None,,nan,,CurationIssue.rdkit_failed
None,,nan,,CurationIssue.rdkit_failed
O=C(c1cccc(F)c1)N1CCC2(CCN(Cc3ccccc3)CC2)CC1,CHEMBL1354915,1.0,CurationNote.canonical,
CN(C)C(=O)c1ccc(-c2ccc3ncnc(Nc4ccc(F)cc4)c3c2)cc1,CHEMBL1455018,1.0,CurationNote.canonical,
CN/C(=N/C#N)NCCSC[C@H]1N=CN=C1C,CHEMBL1437804,1.0,CurationNote.canonical,
OC[C@H](CCc1c[nH]c2ccccc12)c1c[nH]c2ccccc12,CHEMBL1317932,1.0,CurationNote.canonical,
CCOC(=O)C1(S(=O)(=O)c2ccccc2)CCN(Cc2ccccc2)CC1,CHEMBL1461462,1.0,CurationNote.canonical,
Nc1nc2ccc(Cl)cc2c2nc(-c3ccco3)nn12,CHEMBL16687,0.0,CurationNote.canonical,
None,,nan,,CurationIssue.rdkit_failed
None,,nan,,CurationIssue.rdkit_failed
None,TETRADECYLTHIOACETIC ACID,nan,,CurationIssue.rdkit_failed
None,,nan,,CurationIssue.rdkit_failed
None,,nan,,CurationIssue.rdkit_failed
None,,nan,,CurationIssue.rdkit_failed
None,,nan,,CurationIssue.rdkit_failed
None,,nan,,CurationIssue.rdkit_failed
None,,nan,,CurationIssue.rdkit_failed
None,,nan,,CurationIssue.rdkit_failed
None,LIDOCAINE,nan,,CurationIssue.rdkit_failed
None,,nan,,CurationIssue.rdkit_failed
None,,nan,,CurationIssue.rdkit_failed
None,,nan,,CurationIssue.rdkit_failed
None,,nan,,CurationIssue.rdkit_failed
None,,nan,,CurationIssue.rdkit_failed
None,NOREPINEPHRINE BITARTRATE,nan,,CurationIssue.rdkit_failed
None,,nan,,CurationIssue.rdkit_failed
None,,nan,,CurationIssue.rdkit_failed
None,,nan,,CurationIssue.rdkit_failed
None,,nan,,CurationIssue.rdkit_failed
None,,nan,,CurationIssue.rdkit_failed
None,,nan,,CurationIssue.rdkit_failed
None,,nan,,CurationIssue.rdkit_failed
None,,nan,,CurationIssue.rdkit_failed
None,,nan,,CurationIssue.rdkit_failed
None,,nan,,CurationIssue.rdkit_failed
None,,nan,,CurationIssue.rdkit_failed
None,,nan,,CurationIssue.rdkit_failed
None,,nan,,CurationIssue.rdkit_failed
None,,nan,,CurationIssue.rdkit_failed
None,,nan,,CurationIssue.rdkit_failed
None,,nan,,CurationIssue.rdkit_failed
None,,nan,,CurationIssue.rdkit_failed
None,,nan,,CurationIssue.rdkit_failed
None,,nan,,CurationIssue.rdkit_failed
None,,nan,,CurationIssue.rdkit_failed
None,SULFAPHENAZOLE,nan,,CurationIssue.rdkit_failed
None,,nan,,CurationIssue.rdkit_failed
None,,nan,,CurationIssue.rdkit_failed
None,PIMAGEDINE,nan,,CurationIssue.rdkit_failed
O=C(CCCN1CCC2(CC1)C(=O)NCN2c1ccccc1)c1ccc(F)cc1,CHEMBL267930,1.0,CurationNote.canonical,
OCCN1CCN(CCCN2c3ccccc3Sc3ccc(C(F)(F)F)cc32)CC1,CHEMBL726,1.0,CurationNote.canonical,CurationIssue.inorganic
None,,nan,,CurationIssue.rdkit_failed
CN(C)Cc1ccccc1-c1cc(NC2CC2)ncn1,CHEMBL1611893,1.0,CurationNote.canonical,
COc1ccc(-c2cc(C(F)(F)F)nc(NCc3cccnc3)n2)cc1,CHEMBL1325530,0.0,CurationNote.canonical,
COC(=O)c1cccc(NC(=O)Nc2ccc(Cl)c(Cl)c2)c1,CHEMBL1377321,0.0,CurationNote.canonical,
None,,nan,,CurationIssue.rdkit_failed
None,,nan,,CurationIssue.rdkit_failed
CN(Cc1cccc2ccccc12)Cc1cccc2ccccc12,CHEMBL1527958,1.0,CurationNote.canonical,
COc1ccc2nc3c(c([Si](C)(C)C(C)(C)C)c2c1)Cn1c-3cccc1=O,CHEMBL1560551,1.0,CurationNote.canonical,CurationIssue.inorganic
Cc1ccc(NS(=O)(=O)c2ccc(NC(=O)c3cccc(NC(=O)C(C)C)c3)cc2)cc1,CHEMBL1606259,0.0,CurationNote.canonical,
COc1ccc(CNc2ncncc2-c2ccc(N(C)C)cc2)c(OC)c1,CHEMBL489737,1.0,CurationNote.canonical,
None,ISOGUVACINE,nan,,CurationIssue.rdkit_failed
CC(C)(C)c1ccc(CN(Cc2ccco2)Cc2nnnn2C2CCCC2)cc1,CHEMBL1469460,0.0,CurationNote.canonical,
Cc1ccc(CNC(=O)CN2C(=O)COc3ccc(C)cc32)cc1,CHEMBL1741458,0.0,CurationNote.canonical,
CCN1CCC[C@H]1CNC(=O)c1c(O)c(Cl)cc(Cl)c1OC,CHEMBL8809,0.0,CurationNote.canonical,
Cc1nc2sc(C#N)c(N)c2c2c1CCCC2,CHEMBL1383532,1.0,CurationNote.canonical,
None,,nan,,CurationIssue.rdkit_failed
None,,nan,,CurationIssue.rdkit_failed
None,,nan,,CurationIssue.rdkit_failed
None,,nan,,CurationIssue.rdkit_failed
None,,nan,,CurationIssue.rdkit_failed
None,,nan,,CurationIssue.rdkit_failed
None,,nan,,CurationIssue.rdkit_failed
None,,nan,,CurationIssue.rdkit_failed
None,,nan,,CurationIssue.rdkit_failed
None,,nan,,CurationIssue.rdkit_failed
None,,nan,,CurationIssue.rdkit_failed
None,,nan,,CurationIssue.rdkit_failed
None,,nan,,CurationIssue.rdkit_failed
None,,nan,,CurationIssue.rdkit_failed
None,,nan,,CurationIssue.rdkit_failed
None,,nan,,CurationIssue.rdkit_failed
None,,nan,,CurationIssue.rdkit_failed
None,,nan,,CurationIssue.rdkit_failed
None,,nan,,CurationIssue.rdkit_failed
None,,nan,,CurationIssue.rdkit_failed
None,,nan,,CurationIssue.rdkit_failed
None,,nan,,CurationIssue.rdkit_failed
None,,nan,,CurationIssue.rdkit_failed
None,,nan,,CurationIssue.rdkit_failed
None,,nan,,CurationIssue.rdkit_failed
None,,nan,,CurationIssue.rdkit_failed
None,,nan,,CurationIssue.rdkit_failed
None,,nan,,CurationIssue.rdkit_failed
None,,nan,,CurationIssue.rdkit_failed
None,,nan,,CurationIssue.rdkit_failed
None,,nan,,CurationIssue.rdkit_failed
None,,nan,,CurationIssue.rdkit_failed
None,,nan,,CurationIssue.rdkit_failed
None,,nan,,CurationIssue.rdkit_failed
None,,nan,,CurationIssue.rdkit_failed
None,,nan,,CurationIssue.rdkit_failed
None,,nan,,CurationIssue.rdkit_failed
None,,nan,,CurationIssue.rdkit_failed
None,MOROXYDINE,nan,,CurationIssue.rdkit_failed
None,,nan,,CurationIssue.rdkit_failed
None,(S)-FELODIPINE,nan,,CurationIssue.rdkit_failed
None,,nan,,CurationIssue.rdkit_failed
None,,nan,,CurationIssue.rdkit_failed
None,,nan,,CurationIssue.rdkit_failed
CCCNC(=O)OC[C@@H]1O[C@H](c2ccccc2)C=C[C@@H]1Oc1ccc(OC)cc1,CHEMBL1433886,1.0,CurationNote.canonical,
CC(=O)NCCNc1nc(-c2ccc3c(c2)OCO3)nc2ccccc12,CHEMBL1438674,0.0,CurationNote.canonical,
Cn1cccc1C(=O)N1CCC2(CCN(Cc3ccccc3)CC2)CC1,CHEMBL1476078,1.0,CurationNote.canonical,
None,,nan,,CurationIssue.rdkit_failed
CN1CCN(c2ccc([N+](=O)[O-])cc2C(=O)c2ccc(Br)cc2)CC1,CHEMBL1449669,0.0,CurationNote.canonical,
COc1cccc(NS(=O)(=O)c2ccc3ncc(C(=O)NCCN4CCOCC4)c(O)c3c2)c1,CHEMBL1343385,0.0,CurationNote.canonical,
CC1CCCN(C(=O)c2sc3cc([N+](=O)[O-])ccc3c2Cl)C1,CHEMBL1605811,1.0,CurationNote.canonical,
c1nc(NCCN2CCOCC2)c2cc(-c3ccc4c(c3)OCO4)ccc2n1,CHEMBL1574956,1.0,CurationNote.canonical,
Cc1ccccc1-c1cc(N(C)C)ncn1,CHEMBL1439183,0.0,CurationNote.canonical,
O=C(CSc1nnc(SCc2cccc3ccccc23)s1)c1ccc2c(c1)OCO2,CHEMBL1304054,1.0,CurationNote.canonical,CurationIssue.inorganic
CN(C)c1nc(-c2ccccc2C(F)(F)F)nc2ccccc12,CHEMBL1406082,1.0,CurationNote.canonical,
COC(=O)[C@@]1(Cc2ccccc2)[C@H]2c3cc(C(=O)N4CCCC4)n(Cc4ccc(C(F)(F)F)nc4)c3C[C@H]2CN1C(=O)c1ccccc1,CHEMBL1371944,0.0,CurationNote.canonical,
COC(=O)c1ccc(Sc2ccccc2NS(=O)(=O)c2ccc(C)cc2)nc1,CHEMBL1542112,0.0,CurationNote.canonical,CurationIssue.inorganic
CCN(CCCl)Cc1ccccc1Br,CHEMBL1334976,0.0,CurationNote.canonical,
N=c1n(-c2ccccc2)c(O)cc(=O)n1-c1ccccc1,CHEMBL1354137,0.0,CurationNote.canonical,
c1cncc(-c2cncnc2NCc2cccs2)c1,CHEMBL1590354,0.0,CurationNote.canonical,
None,,nan,,CurationIssue.rdkit_failed
None,,nan,,CurationIssue.rdkit_failed
None,,nan,,CurationIssue.rdkit_failed
None,,nan,,CurationIssue.rdkit_failed
None,,nan,,CurationIssue.rdkit_failed
None,,nan,,CurationIssue.rdkit_failed
None,,nan,,CurationIssue.rdkit_failed
None,,nan,,CurationIssue.rdkit_failed
None,,nan,,CurationIssue.rdkit_failed
None,,nan,,CurationIssue.rdkit_failed
None,DICLOFENAC SODIUM,nan,,CurationIssue.rdkit_failed
None,,nan,,CurationIssue.rdkit_failed
None,,nan,,CurationIssue.rdkit_failed
None,,nan,,CurationIssue.rdkit_failed
None,,nan,,CurationIssue.rdkit_failed
None,,nan,,CurationIssue.rdkit_failed
None,,nan,,CurationIssue.rdkit_failed
None,,nan,,CurationIssue.rdkit_failed
None,,nan,,CurationIssue.rdkit_failed
None,,nan,,CurationIssue.rdkit_failed
None,,nan,,CurationIssue.rdkit_failed
None,,nan,,CurationIssue.rdkit_failed
None,,nan,,CurationIssue.rdkit_failed
None,,nan,,CurationIssue.rdkit_failed
None,,nan,,CurationIssue.rdkit_failed
None,,nan,,CurationIssue.rdkit_failed
None,,nan,,CurationIssue.rdkit_failed
CC(O)CNCc1ccc(-c2ccccc2)cc1.Cl,CHEMBL1401786,1.0,CurationNote.canonical,CurationIssue.mixture
CNCC/C=C\c1cccnc1,CHEMBL1399922,0.0,CurationNote.canonical,
Cc1cc(N2CCOCC2)nc(SCc2ccc(Cl)cc2Cl)n1,CHEMBL1529571,0.0,CurationNote.canonical,
None,,nan,,CurationIssue.rdkit_failed
None,,nan,,CurationIssue.rdkit_failed
None,HOECHST 33258,nan,,CurationIssue.rdkit_failed
None,,nan,,CurationIssue.rdkit_failed
None,,nan,,CurationIssue.rdkit_failed
None,,nan,,CurationIssue.rdkit_failed
None,,nan,,CurationIssue.rdkit_failed
None,GUANFACINE,nan,,CurationIssue.rdkit_failed
None,,nan,,CurationIssue.rdkit_failed
None,,nan,,CurationIssue.rdkit_failed
None,,nan,,CurationIssue.rdkit_failed
None,,nan,,CurationIssue.rdkit_failed
None,,nan,,CurationIssue.rdkit_failed
None,,nan,,CurationIssue.rdkit_failed
None,,nan,,CurationIssue.rdkit_failed
None,,nan,,CurationIssue.rdkit_failed
None,,nan,,CurationIssue.rdkit_failed
None,,nan,,CurationIssue.rdkit_failed
None,,nan,,CurationIssue.rdkit_failed
None,,nan,,CurationIssue.rdkit_failed
None,,nan,,CurationIssue.rdkit_failed
None,,nan,,CurationIssue.rdkit_failed
None,,nan,,CurationIssue.rdkit_failed
None,,nan,,CurationIssue.rdkit_failed
None,,nan,,CurationIssue.rdkit_failed
None,,nan,,CurationIssue.rdkit_failed
None,,nan,,CurationIssue.rdkit_failed
None,,nan,,CurationIssue.rdkit_failed
None,,nan,,CurationIssue.rdkit_failed
COc1ccc2c(C)cc(SCC(=O)c3ccc4c(c3)OCO4)nc2c1,CHEMBL1485598,1.0,CurationNote.canonical,
CC(=O)Oc1cc(C(C)C)c(OCCN(C)C)cc1C,CHEMBL159226,1.0,CurationNote.canonical,CurationIssue.duplicate
CN1[C@H]2CC[C@@H]1CC(O[C@@H](c1ccccc1)c1ccc(Cl)cc1)C2,CHEMBL1415133,1.0,CurationNote.canonical,CurationIssue.duplicate
CC(c1ccc(Cl)cc1)n1c(S)nnc1-c1ccc2ccccc2n1,CHEMBL1391974,0.0,CurationNote.canonical,
O=C(c1ccco1)N1CCC[C@@]2(CCN(c3ccncc3)C2)C1,CHEMBL1356941,0.0,CurationNote.canonical,
C[C@H](N)c1cccc(Cl)c1Cl,CHEMBL1513484,0.0,CurationNote.canonical,
COc1ccc2[nH]c(-c3ccccc3)c(CCNC(C)=O)c2c1,CHEMBL15060,0.0,CurationNote.canonical,
None,,nan,,CurationIssue.rdkit_failed
None,LISINOPRIL,nan,,CurationIssue.rdkit_failed
None,,nan,,CurationIssue.rdkit_failed
None,,nan,,CurationIssue.rdkit_failed
None,,nan,,CurationIssue.rdkit_failed
None,,nan,,CurationIssue.rdkit_failed
None,,nan,,CurationIssue.rdkit_failed
None,,nan,,CurationIssue.rdkit_failed
None,,nan,,CurationIssue.rdkit_failed
None,,nan,,CurationIssue.rdkit_failed
None,,nan,,CurationIssue.rdkit_failed
None,,nan,,CurationIssue.rdkit_failed
None,,nan,,CurationIssue.rdkit_failed
None,,nan,,CurationIssue.rdkit_failed
None,,nan,,CurationIssue.rdkit_failed
None,,nan,,CurationIssue.rdkit_failed
None,METHAZOLAMIDE,nan,,CurationIssue.rdkit_failed
None,,nan,,CurationIssue.rdkit_failed
None,,nan,,CurationIssue.rdkit_failed
S=C(NCCSCc1c(Cl)cccc1Cl)Nc1ccccc1,CHEMBL1406457,1.0,CurationNote.canonical,
CC1=C(C(=O)OCc2ccccc2)C(c2ccc([N+](=O)[O-])cc2)NC(=O)N1CCCCCC(=O)O,CHEMBL261011,0.0,CurationNote.canonical,
Br.CCCCCCCCCCn1c2c(c(=N)c3c1CCC3)CCC2,CHEMBL1481347,1.0,CurationNote.canonical,CurationIssue.mixture
None,,nan,,CurationIssue.rdkit_failed
None,,nan,,CurationIssue.rdkit_failed
None,,nan,,CurationIssue.rdkit_failed
None,QUIPAZINE,nan,,CurationIssue.rdkit_failed
None,,nan,,CurationIssue.rdkit_failed
None,,nan,,CurationIssue.rdkit_failed
None,,nan,,CurationIssue.rdkit_failed
None,,nan,,CurationIssue.rdkit_failed
None,,nan,,CurationIssue.rdkit_failed
None,,nan,,CurationIssue.rdkit_failed
None,,nan,,CurationIssue.rdkit_failed
None,,nan,,CurationIssue.rdkit_failed
None,CARBIMAZOLE,nan,,CurationIssue.rdkit_failed
None,,nan,,CurationIssue.rdkit_failed
None,,nan,,CurationIssue.rdkit_failed
None,,nan,,CurationIssue.rdkit_failed
None,,nan,,CurationIssue.rdkit_failed
None,,nan,,CurationIssue.rdkit_failed
None,,nan,,CurationIssue.rdkit_failed
None,,nan,,CurationIssue.rdkit_failed
None,,nan,,CurationIssue.rdkit_failed
None,,nan,,CurationIssue.rdkit_failed
None,,nan,,CurationIssue.rdkit_failed
None,,nan,,CurationIssue.rdkit_failed
None,,nan,,CurationIssue.rdkit_failed
None,,nan,,CurationIssue.rdkit_failed
None,CARBOXYAMIDOTRIAZOLE,nan,,CurationIssue.rdkit_failed
None,,nan,,CurationIssue.rdkit_failed
None,,nan,,CurationIssue.rdkit_failed
None,,nan,,CurationIssue.rdkit_failed
CNS(=O)(=O)c1cnccc1N1CCN(c2ccc(Cl)c(C(F)(F)F)c2)CC1,CHEMBL1337725,1.0,CurationNote.canonical,
None,,nan,,CurationIssue.rdkit_failed
None,,nan,,CurationIssue.rdkit_failed
None,,nan,,CurationIssue.rdkit_failed
None,,nan,,CurationIssue.rdkit_failed
None,,nan,,CurationIssue.rdkit_failed
None,,nan,,CurationIssue.rdkit_failed
None,,nan,,CurationIssue.rdkit_failed
None,,nan,,CurationIssue.rdkit_failed
None,PNU-99194A,nan,,CurationIssue.rdkit_failed
None,,nan,,CurationIssue.rdkit_failed
None,GLIQUIDONE,nan,,CurationIssue.rdkit_failed
None,,nan,,CurationIssue.rdkit_failed
Cl.O=C(CN1CCCCC1)Nc1cccc([N+](=O)[O-])c1,CHEMBL1612127,0.0,CurationNote.canonical,CurationIssue.mixture
Cc1cc(O)c(C(C)C)cc1C1(c2cc(C(C)C)c(O)cc2C)OC(=O)c2ccccc21,CHEMBL587849,1.0,CurationNote.canonical,
COC(=O)[C@@H]1[C@@H](O)CC[C@H]2CN3CCc4c([nH]c5ccccc45)[C@@H]3C[C@H]12,CHEMBL31410,1.0,CurationNote.canonical,CurationIssue.duplicate
None,,nan,,CurationIssue.rdkit_failed
None,,nan,,CurationIssue.rdkit_failed
None,TYRPHOSTIN A9,nan,,CurationIssue.rdkit_failed
None,,nan,,CurationIssue.rdkit_failed
None,,nan,,CurationIssue.rdkit_failed
None,,nan,,CurationIssue.rdkit_failed
None,,nan,,CurationIssue.rdkit_failed
None,,nan,,CurationIssue.rdkit_failed
None,FUREGRELATE SODIUM,nan,,CurationIssue.rdkit_failed
None,,nan,,CurationIssue.rdkit_failed
Ic1ccc2c(c1)N(c1ccccc1)c1cc(Nc3ccc4nc5ccc(I)cc5[n+](-c5ccccc5)c4c3)ccc1N2,CHEMBL203722,1.0,CurationNote.canonical,
COc1ccc(C(=O)N2CCC3(CCCN(Cc4nccs4)C3)CC2)cc1,CHEMBL1456714,1.0,CurationNote.canonical,
None,,nan,,CurationIssue.rdkit_failed
None,,nan,,CurationIssue.rdkit_failed
None,,nan,,CurationIssue.rdkit_failed
None,,nan,,CurationIssue.rdkit_failed
None,,nan,,CurationIssue.rdkit_failed
None,,nan,,CurationIssue.rdkit_failed
None,,nan,,CurationIssue.rdkit_failed
None,,nan,,CurationIssue.rdkit_failed
None,,nan,,CurationIssue.rdkit_failed
None,,nan,,CurationIssue.rdkit_failed
None,,nan,,CurationIssue.rdkit_failed
None,,nan,,CurationIssue.rdkit_failed
None,,nan,,CurationIssue.rdkit_failed
None,,nan,,CurationIssue.rdkit_failed
None,,nan,,CurationIssue.rdkit_failed
None,6-DIAZO-5-OXO-L-NORLEUCINE,nan,,CurationIssue.rdkit_failed
None,,nan,,CurationIssue.rdkit_failed
None,,nan,,CurationIssue.rdkit_failed
None,,nan,,CurationIssue.rdkit_failed
None,,nan,,CurationIssue.rdkit_failed
None,,nan,,CurationIssue.rdkit_failed
None,,nan,,CurationIssue.rdkit_failed
None,,nan,,CurationIssue.rdkit_failed
None,,nan,,CurationIssue.rdkit_failed
None,,nan,,CurationIssue.rdkit_failed
None,,nan,,CurationIssue.rdkit_failed
None,,nan,,CurationIssue.rdkit_failed
None,,nan,,CurationIssue.rdkit_failed
None,,nan,,CurationIssue.rdkit_failed
None,,nan,,CurationIssue.rdkit_failed
None,,nan,,CurationIssue.rdkit_failed
None,,nan,,CurationIssue.rdkit_failed
None,,nan,,CurationIssue.rdkit_failed
COc1ccc2[nH]cc(CCNc3ccnc(-c4cccc(C#N)c4)n3)c2c1,CHEMBL1412390,0.0,CurationNote.canonical,
CC(C)NC[C@@H](O)COc1cccc2ccccc12,CHEMBL275742,1.0,CurationNote.canonical,
CN(C)C(=O)c1ccc(-c2nccc(NCc3ccccc3)n2)cc1,CHEMBL1555028,0.0,CurationNote.canonical,
None,TRYPTOPHAN,nan,,CurationIssue.rdkit_failed
None,,nan,,CurationIssue.rdkit_failed
None,,nan,,CurationIssue.rdkit_failed
Cc1noc(C)c1-c1nc(N(C)C)c2ccccc2n1,CHEMBL1496596,0.0,CurationNote.canonical,
None,,nan,,CurationIssue.rdkit_failed
None,,nan,,CurationIssue.rdkit_failed
None,INDOMETHACIN,nan,,CurationIssue.rdkit_failed
None,,nan,,CurationIssue.rdkit_failed
N#Cc1ccccc1-c1ccc2ncnc(NCc3ccccc3)c2c1,CHEMBL510009,1.0,CurationNote.canonical,
None,,nan,,CurationIssue.rdkit_failed
CCN(CC)S(=O)(=O)c1ccc(NC(=O)COC(=O)c2ccc(Br)o2)cc1,CHEMBL1372528,1.0,CurationNote.canonical,
None,,nan,,CurationIssue.rdkit_failed
None,,nan,,CurationIssue.rdkit_failed
None,,nan,,CurationIssue.rdkit_failed
None,,nan,,CurationIssue.rdkit_failed
None,,nan,,CurationIssue.rdkit_failed
COc1ccc(NC(=O)CSc2nnc(CNC(=O)c3ccco3)n2-c2ccccc2OC)cc1,CHEMBL1588523,0.0,CurationNote.canonical,CurationIssue.inorganic
None,,nan,,CurationIssue.rdkit_failed
CN(CCOc1ccc(C[C@H](Nc2ccccc2C(=O)c2ccccc2)C(=O)O)cc1)c1ccccn1,CHEMBL434063,1.0,CurationNote.canonical,
None,,nan,,CurationIssue.rdkit_failed
None,,nan,,CurationIssue.rdkit_failed
None,,nan,,CurationIssue.rdkit_failed
None,,nan,,CurationIssue.rdkit_failed
None,,nan,,CurationIssue.rdkit_failed
,CHEMBL1514553,1.0,CurationNote.canonical,CurationIssue.duplicate
Cc1ccc(S(=O)(=O)N2CCN(Cc3ccccc3C(F)(F)F)CC2)cc1,CHEMBL1312105,1.0,CurationNote.canonical,
N=C(N)NC(=O)c1nc(Cl)c(N2CCCCCC2)nc1N,CHEMBL501701,0.0,CurationNote.canonical,
CN1CCC(n2[nH]c(-c3ccccc3)c(Cc3ccccc3)c2=O)CC1,CHEMBL1416586,1.0,CurationNote.canonical,
CN(C/C=C\c1ccccc1)Cc1cccc2ccccc12,CHEMBL22075,1.0,CurationNote.canonical,
COc1cccc(-c2ccc3ncnc(NC4CC4)c3c2)c1,CHEMBL1472926,0.0,CurationNote.canonical,
Cc1ccc(OCCOCCn2ccnc2)c(Br)c1,CHEMBL1444394,1.0,CurationNote.canonical,
O/N=C/c1ccccc1OCc1ccc(Cl)cc1,CHEMBL3192246,0.0,CurationNote.canonical,
None,,nan,,CurationIssue.rdkit_failed
None,,nan,,CurationIssue.rdkit_failed
None,,nan,,CurationIssue.rdkit_failed
None,,nan,,CurationIssue.rdkit_failed
None,,nan,,CurationIssue.rdkit_failed
None,,nan,,CurationIssue.rdkit_failed
None,,nan,,CurationIssue.rdkit_failed
None,,nan,,CurationIssue.rdkit_failed
None,,nan,,CurationIssue.rdkit_failed
None,,nan,,CurationIssue.rdkit_failed
None,,nan,,CurationIssue.rdkit_failed
None,,nan,,CurationIssue.rdkit_failed
None,,nan,,CurationIssue.rdkit_failed
None,,nan,,CurationIssue.rdkit_failed
None,,nan,,CurationIssue.rdkit_failed
None,,nan,,CurationIssue.rdkit_failed
None,,nan,,CurationIssue.rdkit_failed
None,,nan,,CurationIssue.rdkit_failed
None,,nan,,CurationIssue.rdkit_failed
None,,nan,,CurationIssue.rdkit_failed
None,,nan,,CurationIssue.rdkit_failed
None,,nan,,CurationIssue.rdkit_failed
None,,nan,,CurationIssue.rdkit_failed
OC(c1cc(C(F)(F)F)nc2c(C(F)(F)F)cccc12)C1CCCCN1,CHEMBL416956,1.0,CurationNote.canonical,
CN(C)Cc1ccccc1-c1nccc(NC2CC2)n1,CHEMBL1591992,1.0,CurationNote.canonical,
CCCCc1oc2ccccc2c1C(=O)c1cc(I)c(OCCN(CC)CC)c(I)c1,CHEMBL633,0.0,CurationNote.canonical,
None,,nan,,CurationIssue.rdkit_failed
None,,nan,,CurationIssue.rdkit_failed
None,,nan,,CurationIssue.rdkit_failed
None,,nan,,CurationIssue.rdkit_failed
None,,nan,,CurationIssue.rdkit_failed
None,,nan,,CurationIssue.rdkit_failed
None,,nan,,CurationIssue.rdkit_failed
CN1[C@H]2CC[C@@H]1CC(OC(=O)c1cc(Cl)cc(Cl)c1)C2,CHEMBL1365455,1.0,CurationNote.canonical,
None,,nan,,CurationIssue.rdkit_failed
None,,nan,,CurationIssue.rdkit_failed
None,,nan,,CurationIssue.rdkit_failed
None,,nan,,CurationIssue.rdkit_failed
None,,nan,,CurationIssue.rdkit_failed
None,,nan,,CurationIssue.rdkit_failed
None,,nan,,CurationIssue.rdkit_failed
None,,nan,,CurationIssue.rdkit_failed
None,,nan,,CurationIssue.rdkit_failed
None,,nan,,CurationIssue.rdkit_failed
None,,nan,,CurationIssue.rdkit_failed
None,,nan,,CurationIssue.rdkit_failed
None,,nan,,CurationIssue.rdkit_failed
None,SALIRASIB,nan,,CurationIssue.rdkit_failed
None,AMILORIDE HYDROCHLORIDE,nan,,CurationIssue.rdkit_failed
None,,nan,,CurationIssue.rdkit_failed
None,,nan,,CurationIssue.rdkit_failed
None,,nan,,CurationIssue.rdkit_failed
CCC1(C)CC(CCNS(=O)(=O)c2ccc(C)cc2)(c2ccc(C)cc2)CCO1,CHEMBL1364963,0.0,CurationNote.canonical,
c1ccc2c(NCCN3CCOCC3)nc(-c3ccc4c(c3)OCO4)nc2c1,CHEMBL1315318,1.0,CurationNote.canonical,
COc1ccccc1CNc1ncnc2ccc(-c3ccccc3OC)cc12,CHEMBL475376,0.0,CurationNote.canonical,
None,,nan,,CurationIssue.rdkit_failed
None,,nan,,CurationIssue.rdkit_failed
None,,nan,,CurationIssue.rdkit_failed
None,,nan,,CurationIssue.rdkit_failed
None,,nan,,CurationIssue.rdkit_failed
None,,nan,,CurationIssue.rdkit_failed
None,,nan,,CurationIssue.rdkit_failed
None,,nan,,CurationIssue.rdkit_failed
None,,nan,,CurationIssue.rdkit_failed
None,,nan,,CurationIssue.rdkit_failed
None,,nan,,CurationIssue.rdkit_failed
None,,nan,,CurationIssue.rdkit_failed
None,,nan,,CurationIssue.rdkit_failed
None,,nan,,CurationIssue.rdkit_failed
None,,nan,,CurationIssue.rdkit_failed
None,,nan,,CurationIssue.rdkit_failed
None,,nan,,CurationIssue.rdkit_failed
None,NOCODAZOLE,nan,,CurationIssue.rdkit_failed
None,,nan,,CurationIssue.rdkit_failed
None,,nan,,CurationIssue.rdkit_failed
CCN(CC)CCNC(=O)c1cc(Cl)c(N)cc1OC,CHEMBL86,0.0,CurationNote.canonical,
None,,nan,,CurationIssue.rdkit_failed
None,,nan,,CurationIssue.rdkit_failed
None,,nan,,CurationIssue.rdkit_failed
None,,nan,,CurationIssue.rdkit_failed
None,,nan,,CurationIssue.rdkit_failed
None,,nan,,CurationIssue.rdkit_failed
None,,nan,,CurationIssue.rdkit_failed
None,,nan,,CurationIssue.rdkit_failed
None,,nan,,CurationIssue.rdkit_failed
None,,nan,,CurationIssue.rdkit_failed
None,,nan,,CurationIssue.rdkit_failed
None,,nan,,CurationIssue.rdkit_failed
None,ZOMEPIRAC SODIUM,nan,,CurationIssue.rdkit_failed
None,,nan,,CurationIssue.rdkit_failed
None,,nan,,CurationIssue.rdkit_failed
None,,nan,,CurationIssue.rdkit_failed
None,,nan,,CurationIssue.rdkit_failed
None,,nan,,CurationIssue.rdkit_failed
None,,nan,,CurationIssue.rdkit_failed
None,,nan,,CurationIssue.rdkit_failed
None,,nan,,CurationIssue.rdkit_failed
None,,nan,,CurationIssue.rdkit_failed
None,,nan,,CurationIssue.rdkit_failed
None,,nan,,CurationIssue.rdkit_failed
None,,nan,,CurationIssue.rdkit_failed
None,,nan,,CurationIssue.rdkit_failed
None,,nan,,CurationIssue.rdkit_failed
None,,nan,,CurationIssue.rdkit_failed
None,,nan,,CurationIssue.rdkit_failed
None,,nan,,CurationIssue.rdkit_failed
None,,nan,,CurationIssue.rdkit_failed
None,,nan,,CurationIssue.rdkit_failed
None,,nan,,CurationIssue.rdkit_failed
None,,nan,,CurationIssue.rdkit_failed
None,,nan,,CurationIssue.rdkit_failed
None,,nan,,CurationIssue.rdkit_failed
None,,nan,,CurationIssue.rdkit_failed
O=C(NNS(=O)(=O)c1ccc(Cl)cc1)c1cnn(-c2ccccc2)c1-n1cccc1,CHEMBL1451363,1.0,CurationNote.canonical,
None,,nan,,CurationIssue.rdkit_failed
None,,nan,,CurationIssue.rdkit_failed
None,,nan,,CurationIssue.rdkit_failed
None,AMPICILLIN TRIHYDRATE,nan,,CurationIssue.rdkit_failed
None,,nan,,CurationIssue.rdkit_failed
None,,nan,,CurationIssue.rdkit_failed
None,,nan,,CurationIssue.rdkit_failed
None,,nan,,CurationIssue.rdkit_failed
None,,nan,,CurationIssue.rdkit_failed
None,,nan,,CurationIssue.rdkit_failed
None,,nan,,CurationIssue.rdkit_failed
None,,nan,,CurationIssue.rdkit_failed
None,,nan,,CurationIssue.rdkit_failed
None,,nan,,CurationIssue.rdkit_failed
None,,nan,,CurationIssue.rdkit_failed
None,,nan,,CurationIssue.rdkit_failed
None,,nan,,CurationIssue.rdkit_failed
None,,nan,,CurationIssue.rdkit_failed
None,,nan,,CurationIssue.rdkit_failed
None,SULFISOXAZOLE,nan,,CurationIssue.rdkit_failed
None,,nan,,CurationIssue.rdkit_failed
None,,nan,,CurationIssue.rdkit_failed
None,,nan,,CurationIssue.rdkit_failed
None,,nan,,CurationIssue.rdkit_failed
None,,nan,,CurationIssue.rdkit_failed
None,,nan,,CurationIssue.rdkit_failed
None,,nan,,CurationIssue.rdkit_failed
None,,nan,,CurationIssue.rdkit_failed
None,,nan,,CurationIssue.rdkit_failed
None,,nan,,CurationIssue.rdkit_failed
O=C(OCCN1CCCCC1)c1c[nH]c2ccccc12,CHEMBL1255781,1.0,CurationNote.canonical,
CN1CCN([C@@H](c2ccccc2)c2ccc(Cl)cc2)CC1,CHEMBL1473875,1.0,CurationNote.canonical,
c1csc(CN2CC3(CCNCC3)C2)n1,CHEMBL1416705,0.0,CurationNote.canonical,
Cc1ccc(Nc2c([N+](=O)[O-])ccc3c2=NC2(CCCCC2)N=3)cc1,CHEMBL1433052,0.0,CurationNote.canonical,
O=C(NCc1ccccc1Cl)c1ccc2c(=O)n(CCCN3CCCC3=O)c(=S)[nH]c2c1,CHEMBL1341335,0.0,CurationNote.canonical,
Cc1nccc2c1[nH]c1ccccc12,CHEMBL12014,1.0,CurationNote.canonical,CurationIssue.duplicate
CCOC(=O)Cc1csc(NC(=O)CCCCCN2C(=O)c3ccccc3C2=O)n1,CHEMBL1310477,0.0,CurationNote.canonical,
O=C(CCC(=O)OCc1ccc(Cl)cc1)Nc1cccc([N+](=O)[O-])c1,CHEMBL1490012,0.0,CurationNote.canonical,
N#Cc1ccc(CN2CCC3(CC2)CCN(C(=O)c2cccc(F)c2)CC3)cc1,CHEMBL1414698,0.0,CurationNote.canonical,
COc1ccc(CNc2ncnc3ccc(-c4cccnc4)cc23)c(OC)c1,CHEMBL1396407,1.0,CurationNote.canonical,
CCc1c(C)nc2ccc(Br)cc2c1Cl,CHEMBL1301385,0.0,CurationNote.canonical,
COC(=O)N1CCC2(CCCN(c3ccccn3)C2)CC1,CHEMBL1394956,0.0,CurationNote.canonical,
None,,nan,,CurationIssue.rdkit_failed
CC(C)(C)c1[nH]nc2c1C(c1ccc(OC(=O)c3ccco3)cc1)C(C#N)=C(N)O2,CHEMBL1564746,0.0,CurationNote.canonical,
None,,nan,,CurationIssue.rdkit_failed
None,,nan,,CurationIssue.rdkit_failed
None,,nan,,CurationIssue.rdkit_failed
None,,nan,,CurationIssue.rdkit_failed
None,,nan,,CurationIssue.rdkit_failed
Cc1ccc(C(=O)C2=C(O)C(=O)N(CCCn3ccnc3)C2c2ccc(OC(C)C)cc2)o1,CHEMBL1374204,0.0,CurationNote.canonical,
C#CCOC(=O)Nc1ccc(=O)n(Cc2c(Cl)cccc2Cl)c1,CHEMBL1365347,0.0,CurationNote.canonical,
Cl.Nc1cc(Cl)ccc1Oc1ccc(Cl)cc1,CHEMBL1347390,0.0,CurationNote.canonical,CurationIssue.mixture
COc1ccccc1CNc1ncncc1-c1ccccc1Cl,CHEMBL522600,1.0,CurationNote.canonical,
None,,nan,,CurationIssue.rdkit_failed
CN(C)Cc1ccccc1-c1nccc(N(C)C)n1,CHEMBL1433486,1.0,CurationNote.canonical,
COc1ccc(OC)c2nc(O)c(CCNC(=O)c3ccc(S(=O)(=O)N4CCCC4)cc3)cc12,CHEMBL1611691,0.0,CurationNote.canonical,
Cc1cc(OC(=O)CCCNC(=O)OC(C)(C)C)c2c3c(c(=O)oc2c1)CCC3,CHEMBL1466372,0.0,CurationNote.canonical,
None,,nan,,CurationIssue.rdkit_failed
CCOc1ccc2nc(SCc3ccccc3C#N)sc2c1,CHEMBL1377552,0.0,CurationNote.canonical,
CCSc1ncc(/C=N/Nc2ccc(F)cc2)n1C,CHEMBL3211761,1.0,CurationNote.canonical,CurationIssue.inorganic
C(=C\c1ccccc1)\CN1CCN(C(c2ccccc2)c2ccccc2)CC1,CHEMBL1257123,1.0,CurationNote.canonical,
CC(C)CN1CCC2(CC1)CCN(C(=O)c1cnccn1)CC2,CHEMBL1436031,1.0,CurationNote.canonical,
CCCNC[C@H](O)COc1ccccc1C(=O)CCc1ccccc1,CHEMBL1322675,1.0,CurationNote.canonical,
O=C(CSc1nc2ccccc2s1)NNC(=S)Nc1ccc(Br)cc1,CHEMBL1454748,1.0,CurationNote.canonical,CurationIssue.inorganic
O=C(c1cnccn1)N1CCC2(CC1)CCN(C(c1ccccc1)c1ccccc1)CC2,CHEMBL1314897,1.0,CurationNote.canonical,
Cc1cccc(NC(=S)c2nc3ccccc3s2)c1,CHEMBL1576649,0.0,CurationNote.canonical,
None,,nan,,CurationIssue.rdkit_failed
None,,nan,,CurationIssue.rdkit_failed
None,,nan,,CurationIssue.rdkit_failed
None,,nan,,CurationIssue.rdkit_failed
None,,nan,,CurationIssue.rdkit_failed
None,,nan,,CurationIssue.rdkit_failed
None,,nan,,CurationIssue.rdkit_failed
None,,nan,,CurationIssue.rdkit_failed
None,,nan,,CurationIssue.rdkit_failed
None,,nan,,CurationIssue.rdkit_failed
None,,nan,,CurationIssue.rdkit_failed
None,,nan,,CurationIssue.rdkit_failed
None,,nan,,CurationIssue.rdkit_failed
None,,nan,,CurationIssue.rdkit_failed
None,,nan,,CurationIssue.rdkit_failed
None,,nan,,CurationIssue.rdkit_failed
None,,nan,,CurationIssue.rdkit_failed
None,,nan,,CurationIssue.rdkit_failed
None,SULFATHIAZOLE,nan,,CurationIssue.rdkit_failed
None,,nan,,CurationIssue.rdkit_failed
None,,nan,,CurationIssue.rdkit_failed
None,,nan,,CurationIssue.rdkit_failed
None,,nan,,CurationIssue.rdkit_failed
None,,nan,,CurationIssue.rdkit_failed
None,,nan,,CurationIssue.rdkit_failed
None,,nan,,CurationIssue.rdkit_failed
None,,nan,,CurationIssue.rdkit_failed
None,,nan,,CurationIssue.rdkit_failed
None,,nan,,CurationIssue.rdkit_failed
None,,nan,,CurationIssue.rdkit_failed
None,,nan,,CurationIssue.rdkit_failed
None,,nan,,CurationIssue.rdkit_failed
None,,nan,,CurationIssue.rdkit_failed
None,,nan,,CurationIssue.rdkit_failed
None,,nan,,CurationIssue.rdkit_failed
None,,nan,,CurationIssue.rdkit_failed
None,,nan,,CurationIssue.rdkit_failed
None,,nan,,CurationIssue.rdkit_failed
None,,nan,,CurationIssue.rdkit_failed
None,,nan,,CurationIssue.rdkit_failed
None,,nan,,CurationIssue.rdkit_failed
None,,nan,,CurationIssue.rdkit_failed
None,,nan,,CurationIssue.rdkit_failed
None,,nan,,CurationIssue.rdkit_failed
COc1ccc(-c2nc3cnc(N4CCNCC4)nc3n(Cc3cccc(OC)c3)c2=O)cc1,CHEMBL1317451,0.0,CurationNote.canonical,
None,,nan,,CurationIssue.rdkit_failed
None,,nan,,CurationIssue.rdkit_failed
None,,nan,,CurationIssue.rdkit_failed
None,CARBAMAZEPINE,nan,,CurationIssue.rdkit_failed
None,,nan,,CurationIssue.rdkit_failed
None,,nan,,CurationIssue.rdkit_failed
None,,nan,,CurationIssue.rdkit_failed
None,,nan,,CurationIssue.rdkit_failed
None,,nan,,CurationIssue.rdkit_failed
None,,nan,,CurationIssue.rdkit_failed
None,,nan,,CurationIssue.rdkit_failed
None,,nan,,CurationIssue.rdkit_failed
None,,nan,,CurationIssue.rdkit_failed
None,,nan,,CurationIssue.rdkit_failed
None,,nan,,CurationIssue.rdkit_failed
None,,nan,,CurationIssue.rdkit_failed
None,,nan,,CurationIssue.rdkit_failed
None,,nan,,CurationIssue.rdkit_failed
CC(=O)OC[C@H]1O[C@@H](O/N=C(\C)CCC(=O)OC[C@@H]2O[C@H](C#Cc3ccccc3)C=C[C@@H]2Oc2ccc(C)cc2)[C@H](OC(C)=O)[C@@H](OC(C)=O)[C@H]1OC(C)=O,CHEMBL1495634,1.0,CurationNote.canonical,
None,,nan,,CurationIssue.rdkit_failed
O=C(c1cnn(-c2ccccc2)c1)c1ccc2ccccc2c1O,CHEMBL1588312,1.0,CurationNote.canonical,
CS(=O)(=O)N1CCC2(CC1)CN(C(c1ccccc1)c1ccccc1)C2,CHEMBL1551970,1.0,CurationNote.canonical,
None,,nan,,CurationIssue.rdkit_failed
None,,nan,,CurationIssue.rdkit_failed
None,,nan,,CurationIssue.rdkit_failed
None,,nan,,CurationIssue.rdkit_failed
None,,nan,,CurationIssue.rdkit_failed
None,,nan,,CurationIssue.rdkit_failed
None,,nan,,CurationIssue.rdkit_failed
None,NEOSTIGMINE,nan,,CurationIssue.rdkit_failed
None,,nan,,CurationIssue.rdkit_failed
None,,nan,,CurationIssue.rdkit_failed
None,,nan,,CurationIssue.rdkit_failed
None,,nan,,CurationIssue.rdkit_failed
None,,nan,,CurationIssue.rdkit_failed
None,QUINPIROLE,nan,,CurationIssue.rdkit_failed
None,,nan,,CurationIssue.rdkit_failed
None,,nan,,CurationIssue.rdkit_failed
None,,nan,,CurationIssue.rdkit_failed
None,,nan,,CurationIssue.rdkit_failed
None,,nan,,CurationIssue.rdkit_failed
None,,nan,,CurationIssue.rdkit_failed
None,,nan,,CurationIssue.rdkit_failed
None,,nan,,CurationIssue.rdkit_failed
None,,nan,,CurationIssue.rdkit_failed
None,AMINOPHYLLINE,nan,,CurationIssue.rdkit_failed
None,,nan,,CurationIssue.rdkit_failed
None,,nan,,CurationIssue.rdkit_failed
None,,nan,,CurationIssue.rdkit_failed
None,,nan,,CurationIssue.rdkit_failed
None,,nan,,CurationIssue.rdkit_failed
CCCc1ccc(Oc2cc(C)nc(N3CCOCC3)n2)cc1,CHEMBL1343620,0.0,CurationNote.canonical,
None,,nan,,CurationIssue.rdkit_failed
None,,nan,,CurationIssue.rdkit_failed
None,,nan,,CurationIssue.rdkit_failed
CN(CC(=O)N1CCN(c2ccccc2)CC1)S(=O)(=O)c1c[nH]cn1,CHEMBL1485338,0.0,CurationNote.canonical,
CCN(CC)CCOC(=O)c1ccc(N)cc1,CHEMBL569,1.0,CurationNote.canonical,
None,,nan,,CurationIssue.rdkit_failed
None,,nan,,CurationIssue.rdkit_failed
None,,nan,,CurationIssue.rdkit_failed
None,,nan,,CurationIssue.rdkit_failed
COC(=O)C1(CC(C)C)C=C2C(=C(C(C)C)C(=O)C2C)CN1,CHEMBL1605426,0.0,CurationNote.canonical,
None,,nan,,CurationIssue.rdkit_failed
None,,nan,,CurationIssue.rdkit_failed
C=CCNc1oc(/C=C/c2ccccc2)nc1C#N,CHEMBL1563513,0.0,CurationNote.canonical,
c1ccc(N2CCCC3(CCNCC3)C2)nc1,CHEMBL1591381,1.0,CurationNote.canonical,
C[C@@H](Cc1cccc(C(F)(F)F)c1)NCCOC(=O)c1ccccc1,CHEMBL1592316,1.0,CurationNote.canonical,
CC1CN=C(Nc2cccc3ccccc23)S1,CHEMBL1333076,0.0,CurationNote.canonical,
O=C(c1cnccn1)N1CCC[C@@]2(CCN(Cc3ccccc3)C2)C1,CHEMBL1321439,1.0,CurationNote.canonical,
CN(C)S(=O)(=O)Oc1ccsc1C(=O)Nc1ccc(Cl)c(Cl)c1,CHEMBL1445840,0.0,CurationNote.canonical,
CCNC(=O)c1ccc(-n2nc(C(F)(F)F)c3c2CCCC3)cc1,CHEMBL1491037,1.0,CurationNote.canonical,
O=C(N/C(=C/c1ccc(Br)cc1)c1nc2ccccc2[nH]1)c1ccco1,CHEMBL1546811,0.0,CurationNote.canonical,
None,,nan,,CurationIssue.rdkit_failed
None,,nan,,CurationIssue.rdkit_failed
None,,nan,,CurationIssue.rdkit_failed
None,,nan,,CurationIssue.rdkit_failed
None,,nan,,CurationIssue.rdkit_failed
None,,nan,,CurationIssue.rdkit_failed
None,,nan,,CurationIssue.rdkit_failed
None,,nan,,CurationIssue.rdkit_failed
None,FLUFENAMIC ACID,nan,,CurationIssue.rdkit_failed
None,,nan,,CurationIssue.rdkit_failed
None,SULFACETAMIDE SODIUM,nan,,CurationIssue.rdkit_failed
None,,nan,,CurationIssue.rdkit_failed
None,,nan,,CurationIssue.rdkit_failed
None,,nan,,CurationIssue.rdkit_failed
None,,nan,,CurationIssue.rdkit_failed
None,,nan,,CurationIssue.rdkit_failed
None,,nan,,CurationIssue.rdkit_failed
None,,nan,,CurationIssue.rdkit_failed
None,,nan,,CurationIssue.rdkit_failed
None,,nan,,CurationIssue.rdkit_failed
None,,nan,,CurationIssue.rdkit_failed
None,,nan,,CurationIssue.rdkit_failed
None,,nan,,CurationIssue.rdkit_failed
None,BUSPIRONE,nan,,CurationIssue.rdkit_failed
None,,nan,,CurationIssue.rdkit_failed
None,DISOPIRAMIDE,nan,,CurationIssue.rdkit_failed
None,,nan,,CurationIssue.rdkit_failed
None,,nan,,CurationIssue.rdkit_failed
None,,nan,,CurationIssue.rdkit_failed
None,,nan,,CurationIssue.rdkit_failed
None,,nan,,CurationIssue.rdkit_failed
None,,nan,,CurationIssue.rdkit_failed
None,,nan,,CurationIssue.rdkit_failed
None,,nan,,CurationIssue.rdkit_failed
None,,nan,,CurationIssue.rdkit_failed
None,,nan,,CurationIssue.rdkit_failed
None,,nan,,CurationIssue.rdkit_failed
None,,nan,,CurationIssue.rdkit_failed
None,,nan,,CurationIssue.rdkit_failed
None,,nan,,CurationIssue.rdkit_failed
None,OMEPRAZOLE,nan,,CurationIssue.rdkit_failed
C[C@@H](C(=O)Nc1ccc2ccccc2c1)[C@H]1C[C@]1(C)[C@H](NC(=O)Oc1ccc(F)cc1)c1ccccc1,CHEMBL1319785,1.0,CurationNote.canonical,
CCC(C)(C)/N=C(\NC#N)Nc1cccnc1,CHEMBL11458,0.0,CurationNote.canonical,
C[C@]12CC[C@H]3[C@H](CCC4=Cc5nc6nc7ccccc7n6cc5C[C@@]43C)[C@@H]1CC[C@@]2(O)C#N,CHEMBL1320743,0.0,CurationNote.canonical,
CC(C)CN1CCCC2(CCN(C(=O)c3cccc(F)c3)CC2)C1,CHEMBL1333531,0.0,CurationNote.canonical,
C=CCc1ccccc1OC[C@H](O)CNC(C)C,CHEMBL1395661,1.0,CurationNote.canonical,
None,,nan,,CurationIssue.rdkit_failed
None,,nan,,CurationIssue.rdkit_failed
O=C(c1cccc(F)c1)N1CCC2(CCCN(Cc3ccccc3)C2)CC1,CHEMBL1435787,1.0,CurationNote.canonical,
CN(C)Cc1ccccc1-c1cncnc1NCc1cccs1,CHEMBL1552635,0.0,CurationNote.canonical,
O=C(c1ccco1)N1CCC[C@@]2(CCN(c3ccccc3)C2)C1,CHEMBL1399489,0.0,CurationNote.canonical,
Cc1cccc(NCCNc2cccc(C)c2)c1,CHEMBL1490330,0.0,CurationNote.canonical,
None,,nan,,CurationIssue.rdkit_failed
None,,nan,,CurationIssue.rdkit_failed
None,,nan,,CurationIssue.rdkit_failed
None,,nan,,CurationIssue.rdkit_failed
None,,nan,,CurationIssue.rdkit_failed
None,,nan,,CurationIssue.rdkit_failed
None,,nan,,CurationIssue.rdkit_failed
None,,nan,,CurationIssue.rdkit_failed
None,,nan,,CurationIssue.rdkit_failed
None,,nan,,CurationIssue.rdkit_failed
None,,nan,,CurationIssue.rdkit_failed
None,DICHLORPHENAMIDE,nan,,CurationIssue.rdkit_failed
None,,nan,,CurationIssue.rdkit_failed
None,,nan,,CurationIssue.rdkit_failed
None,,nan,,CurationIssue.rdkit_failed
None,,nan,,CurationIssue.rdkit_failed
None,,nan,,CurationIssue.rdkit_failed
None,,nan,,CurationIssue.rdkit_failed
None,,nan,,CurationIssue.rdkit_failed
None,,nan,,CurationIssue.rdkit_failed
COc1cc(/C=C(\C#N)C(N)=O)cc(CSc2nc3ccccc3s2)c1O,CHEMBL118109,1.0,CurationNote.canonical,CurationIssue.inorganic
COc1ccccc1-c1cc(NCc2cccs2)ncn1,CHEMBL1591140,0.0,CurationNote.canonical,
CCOC(=O)c1ccc(OC(=O)CCCCCN=C(N)N)cc1.CS(=O)(=O)O,CHEMBL1398351,1.0,CurationNote.canonical,CurationIssue.mixture
CC(=O)OC[C@@H]1O[C@H](C/C=N\O[C@@H]2O[C@H](COC(C)=O)[C@@H](OC(C)=O)[C@H](OC(C)=O)[C@H]2OC(C)=O)C=C[C@@H]1OC(C)=O,CHEMBL1315719,1.0,CurationNote.canonical,
COCOc1ccc(Br)cc1C(=O)/C=C\c1ccc2c(c1)OCO2,CHEMBL1573532,1.0,CurationNote.canonical,
Cc1cccc(Nc2cc(Cl)nc(SCC(=O)O)n2)c1C,CHEMBL295416,1.0,CurationNote.canonical,
CN(C)c1ccnc(Oc2ccc(Cl)cc2)c1C#N,CHEMBL1429733,1.0,CurationNote.canonical,
CO[C@@H](C)[C@](O)(C(=O)OCC1=CCN2CC[C@@H](O)[C@H]12)C(C)C,CHEMBL1474445,1.0,CurationNote.canonical,
C[C@@H](C(=O)NCc1ccccc1)[C@@H]1C[C@@]1(C)[C@@H](NC(=O)OCc1ccccc1)c1ccccc1,CHEMBL1437414,1.0,CurationNote.canonical,
O=C(CCNS(=O)(=O)c1cccs1)N1CCc2ccccc2C1,CHEMBL1492177,0.0,CurationNote.canonical,
COc1ccccc1C(c1nnnn1C(C)(C)C)N1CCN(Cc2ccncc2)CC1,CHEMBL1465985,1.0,CurationNote.canonical,
CCCCCn1c(CN2CCCCC2C)nc2c1c(=O)n(C)c(=O)n2C,CHEMBL1393658,0.0,CurationNote.canonical,
CN1C2CCC1CC(OC(=O)c1ccc(Cl)cc1)C2.Cl,CHEMBL1471600,1.0,CurationNote.canonical,CurationIssue.mixture
Cc1cccc(C(=O)N2CCC(c3nc(-c4ccc(S(=O)(=O)N5CCOCC5)cc4)no3)CC2)c1,CHEMBL1611066,1.0,CurationNote.canonical,
None,,nan,,CurationIssue.rdkit_failed
None,,nan,,CurationIssue.rdkit_failed
None,,nan,,CurationIssue.rdkit_failed
None,SULFAMERAZINE,nan,,CurationIssue.rdkit_failed
None,,nan,,CurationIssue.rdkit_failed
None,,nan,,CurationIssue.rdkit_failed
None,,nan,,CurationIssue.rdkit_failed
None,,nan,,CurationIssue.rdkit_failed
None,ANTHRACENE-9-CARBOXYLIC ACID,nan,,CurationIssue.rdkit_failed
COc1ccccc1CCn1c(=O)c(-c2cccc(Cl)c2)nc2cncnc21,CHEMBL1334959,0.0,CurationNote.canonical,
CC(C)[N+](C)(CCC(C(N)=O)(c1ccccc1)c1ccccc1)C(C)C,CHEMBL1201232,1.0,CurationNote.canonical,
Cc1ccccc1-c1nccc(NCc2cccnc2)n1,CHEMBL1318042,0.0,CurationNote.canonical,
Cc1ccc(S(=O)(=O)O)cc1.c1cc2c(c(NC3=NCCN3)c1)CCCC2,CHEMBL1601957,1.0,CurationNote.canonical,CurationIssue.mixture
COc1ccc(CNc2ccnc(-c3ccccc3CN(C)C)n2)c(OC)c1,CHEMBL1368395,1.0,CurationNote.canonical,
CCOC(=O)c1c(C(C)(C)C)oc2ccc(O)cc12,CHEMBL1507704,0.0,CurationNote.canonical,
CC1=C(C(=O)OCc2ccccc2)C(c2ccc3ccccc3c2)NC(=O)N1CCCCCC(=O)O,CHEMBL259073,0.0,CurationNote.canonical,
CC(=O)c1cc2c(cc1N/C=C\c1nnnn1-c1ccc(Br)cc1)OCO2,CHEMBL1424384,1.0,CurationNote.canonical,
CCOc1cccc(OCCCNCCCOC)c1,CHEMBL1603589,0.0,CurationNote.canonical,
CC1=NCCc2c1[nH]c1cc(O)ccc21.Cl.O.O,CHEMBL1369266,1.0,CurationNote.canonical,CurationIssue.mixture
C/C(=C\c1ccc(C(=O)O)cc1)c1ccc2c(c1)C(C)(C)CCC2(C)C,CHEMBL275311,1.0,CurationNote.canonical,
C=CCO/C(O)=C1\C(C)=NC(SCC(=O)Nc2nccs2)=C(C#N)C1c1ccc(Cl)cc1,CHEMBL1353886,0.0,CurationNote.canonical,
CC(=O)NCCNc1nc(-c2cccc(NS(C)(=O)=O)c2)nc2ccccc12,CHEMBL1369871,1.0,CurationNote.canonical,
COCCn1c(=O)c(-c2cccc(C#N)c2)nc2cnc(Nc3ccccc3)nc21,CHEMBL1314647,1.0,CurationNote.canonical,
O=c1c2ccccc2ncn1CCCSc1ccccc1,CHEMBL1431523,0.0,CurationNote.canonical,CurationIssue.inorganic
C[C@@H](COc1ccccc1)N(CCCl)Cc1ccccc1,CHEMBL1324405,1.0,CurationNote.canonical,CurationIssue.duplicate
COc1ccc(NC(=O)CSc2nc3ccccc3c(=O)n2CCC(=O)N2CCCCC2)cc1,CHEMBL1440067,0.0,CurationNote.canonical,CurationIssue.inorganic
Cc1ccc(N2C(=O)CC(c3ccsc3)C3=C2CC(C)(C)CC3=O)cc1,CHEMBL1497138,0.0,CurationNote.canonical,
CC(C)OC(=O)CC12CN(C)CC(CC(=O)OC(C)C)(CN(C)C1)C2=O,CHEMBL1306342,1.0,CurationNote.canonical,
CC(C)CN1CCC2(CC1)CCN(C(=O)c1cccn1C)CC2,CHEMBL1396100,0.0,CurationNote.canonical,
Cc1ccc2c(c1)[C@@H]1CN(C)CC[C@@H]1N2S(=O)(=O)c1ccc([N+](=O)[O-])cc1.Cl,CHEMBL1536296,0.0,CurationNote.canonical,CurationIssue.mixture
O=C(CN1CCN(S(=O)(=O)c2ccc(F)cc2)CC1)Nc1ccc2c(c1)OCO2,CHEMBL1742231,1.0,CurationNote.canonical,
None,,nan,,CurationIssue.rdkit_failed
None,,nan,,CurationIssue.rdkit_failed
CC(=O)NCCNc1ncnc2ccc(-c3ccc4c(c3)OCO4)cc12,CHEMBL1474402,1.0,CurationNote.canonical,
CCC(=O)c1ccc2c(c1)N(CCCN(C)C)c1ccccc1S2,CHEMBL41169,1.0,CurationNote.canonical,
C=CCN1CC[C@@]23c4c5ccc(O)c4O[C@H]2/C(=N\N=C2/CC[C@@]4(O)[C@H]6Cc7ccc(O)c8c7[C@@]4(CCN6CC=C)[C@@H]2O8)CC[C@]3(O)[C@@H]1C5,CHEMBL1371628,0.0,CurationNote.canonical,
COc1ccccc1CCNCc1cc2c(cc1[N+](=O)[O-])OCO2,CHEMBL1472129,1.0,CurationNote.canonical,
Cc1ccc(Nc2ccc(-n3ccnc3)nn2)cc1C,CHEMBL1484866,1.0,CurationNote.canonical,
N[C@@H](C(=O)O)c1ccc(P(=O)(O)O)cc1,CHEMBL1512683,0.0,CurationNote.canonical,
None,RONIDAZOLE,nan,,CurationIssue.rdkit_failed
None,QUERCETIN,nan,,CurationIssue.rdkit_failed
None,,nan,,CurationIssue.rdkit_failed
None,,nan,,CurationIssue.rdkit_failed
FC(F)(F)c1cc(CO[C@@H]2CCCN[C@H]2c2ccccc2)cc(C(F)(F)F)c1,CHEMBL1590954,1.0,CurationNote.canonical,
CS(=O)(=O)Nc1cccc(-c2cc(NCc3cccs3)ncn2)c1,CHEMBL1434006,0.0,CurationNote.canonical,
None,,nan,,CurationIssue.rdkit_failed
None,,nan,,CurationIssue.rdkit_failed
None,,nan,,CurationIssue.rdkit_failed
None,,nan,,CurationIssue.rdkit_failed
None,,nan,,CurationIssue.rdkit_failed
None,,nan,,CurationIssue.rdkit_failed
None,,nan,,CurationIssue.rdkit_failed
CN(C)Cc1ccccc1-c1nccc(Nc2ccc(F)cc2)n1,CHEMBL1355111,1.0,CurationNote.canonical,
None,,nan,,CurationIssue.rdkit_failed
O=S(=O)(Nc1nc(-c2sccc2Cl)cs1)c1cc(Cl)ccc1Cl,CHEMBL1580660,0.0,CurationNote.canonical,
O=C(c1ccccc1)C1CN(c2ccccc2)CC1c1ccc(Cl)cc1,CHEMBL1545141,1.0,CurationNote.canonical,
Cc1cc(O)c(C(C)C)cc1CN1CCCCC1,CHEMBL1369990,1.0,CurationNote.canonical,
Cc1cccc(CNc2ccnc(-c3ccccc3C(F)(F)F)n2)c1,CHEMBL1412847,0.0,CurationNote.canonical,
CC(C)CC(C(=O)NCC1CCCO1)N(C(=O)Cn1nnc(-c2ccc(F)cc2)n1)c1cccc(C(F)(F)F)c1,CHEMBL1326501,0.0,CurationNote.canonical,
O=C1CC[C@](CCc2nc3ccccc3[nH]2)(c2ccccc2)C(=O)N1,CHEMBL1328058,1.0,CurationNote.canonical,
O=C(CCCn1c(=S)[nH]c2cc3c(cc2c1=O)OCO3)N1CCN(c2ncccn2)CC1,CHEMBL1352133,1.0,CurationNote.canonical,
O=C(Nc1cccc(C(F)(F)F)c1)N(Cc1ccc(Cl)cc1)CC(O)C(F)(F)F,CHEMBL1327351,0.0,CurationNote.canonical,
COC(=O)c1ccccc1NC(=O)c1cc2nc(C3CC3)cc(C(F)(F)F)n2n1,CHEMBL1427243,1.0,CurationNote.canonical,
CCOc1ccc(CN(C(=O)c2oc3ccccc3c2C)C2CCS(=O)(=O)C2)cc1,CHEMBL1376224,0.0,CurationNote.canonical,
COc1ccc(/C=C/C(=O)NCC(=O)N/N=C/c2cc(Br)ccc2OC)cc1,CHEMBL3210667,0.0,CurationNote.canonical,
COc1ccc(C(=O)c2cnc3ccccc3c2-c2ccccc2)cc1,CHEMBL1449268,0.0,CurationNote.canonical,
N=C(N)SCCc1cccc(CCSC(=N)N)c1,CHEMBL107201,0.0,CurationNote.canonical,
COc1ccc(-c2coc3cc(OC)cc(O)c3c2=O)cc1,CHEMBL464433,1.0,CurationNote.canonical,
CN1[C@H]2CC[C@@H]1CC(O[C@@H](c1ccccc1)c1ccc(Cl)cc1)C2,CHEMBL1415133,1.0,CurationNote.canonical,
COc1cc(CNCCN2CCOCC2)ccc1OCc1ccccc1Cl.Cl,CHEMBL1410452,0.0,CurationNote.canonical,CurationIssue.mixture
O=C(c1cnccn1)N1CCC2(CCCN(Cc3ccccc3)C2)CC1,CHEMBL1476407,1.0,CurationNote.canonical,
O=C(CSCc1ccc(Cl)cc1)Nc1nccs1,CHEMBL1496722,1.0,CurationNote.canonical,
COc1ccccc1-c1ccc2ncnc(NCc3cnc(C)cn3)c2c1,CHEMBL1401243,0.0,CurationNote.canonical,
CC1CCCN(C/C=C/c2ccccc2[N+](=O)[O-])C1,CHEMBL1337873,1.0,CurationNote.canonical,
Cc1n[nH]c(-c2ccc(O)cc2O)c1-c1ccc(Cl)cc1,CHEMBL1546161,1.0,CurationNote.canonical,
None,,nan,,CurationIssue.rdkit_failed
None,,nan,,CurationIssue.rdkit_failed
None,SURAMIN,nan,,CurationIssue.rdkit_failed
None,,nan,,CurationIssue.rdkit_failed
None,,nan,,CurationIssue.rdkit_failed
None,,nan,,CurationIssue.rdkit_failed
None,,nan,,CurationIssue.rdkit_failed
None,N-METHYLHISTAMINE,nan,,CurationIssue.rdkit_failed
O=C(c1csnn1)N1CCC2(CCCN(Cc3ccccc3)C2)CC1,CHEMBL1515815,1.0,CurationNote.canonical,
COCCNc1ncnc2ccc(-c3ccccc3C)cc12,CHEMBL1446323,0.0,CurationNote.canonical,
N#Cc1ccc(CN2CCC3(CC2)CCN(C(=O)c2ccncc2)CC3)cc1,CHEMBL1553491,1.0,CurationNote.canonical,
None,,nan,,CurationIssue.rdkit_failed
None,,nan,,CurationIssue.rdkit_failed
O=C(c1cccc(F)c1)N1CCC2(CC1)CN(Cc1ccccc1)C2,CHEMBL1414899,1.0,CurationNote.canonical,
CN(C)C(=O)c1ccc(-c2ccc3ncnc(Nc4ccccc4)c3c2)cc1,CHEMBL1589893,0.0,CurationNote.canonical,
COc1ccccc1OCCCOc1ccc([N+](=O)[O-])cc1Cl,CHEMBL1443307,0.0,CurationNote.canonical,
None,,nan,,CurationIssue.rdkit_failed
None,CYCLOSERINE,nan,,CurationIssue.rdkit_failed
None,,nan,,CurationIssue.rdkit_failed
None,,nan,,CurationIssue.rdkit_failed
COc1ccc(CNc2ncncc2-c2cccc(C#N)c2)c(OC)c1,CHEMBL489935,1.0,CurationNote.canonical,
COc1ccc2c(c1O)-c1cccc3c1[C@H](C2)N(C)CC3,CHEMBL1592378,0.0,CurationNote.canonical,
COc1ccc(S(=O)(=O)N/N=C(/C)c2cccc(NC(=O)c3ccccc3Cl)c2)cc1,CHEMBL3193279,0.0,CurationNote.canonical,
Cc1cc(NC(S)=Nc2ccccc2)ccc1Br,CHEMBL1530558,1.0,CurationNote.canonical,
O=C(C/C=N/OCc1ccc(Cl)cc1Cl)c1ccc(Cl)cc1,CHEMBL3191489,0.0,CurationNote.canonical,
COc1cccc(/C=N/NC(=O)c2cccc([N+](=O)[O-])c2)c1OS(=O)(=O)c1ccc(C)cc1,CHEMBL3214295,1.0,CurationNote.canonical,
COc1ccc(CCN(C)Cc2ccc(OCc3ccccc3)c(OC)c2)cc1OC,CHEMBL1550052,0.0,CurationNote.canonical,
None,,nan,,CurationIssue.rdkit_failed
None,,nan,,CurationIssue.rdkit_failed
Cc1nc(NC(=O)c2ccc(Cl)cc2)sc1-c1csc(Nc2cccc(F)c2)n1,CHEMBL1351562,0.0,CurationNote.canonical,
C[C@@H]1O[C@H](O[C@@H]2C[C@@H](O)[C@]3(CO)[C@H]4[C@H](O)C[C@]5(C)[C@@H](C6=CC(=O)OC6)CC[C@@]5(O)[C@@H]4CC[C@]3(O)C2)[C@@H](O)[C@H](O)[C@H]1O,CHEMBL1493751,1.0,CurationNote.canonical,
CC(=O)NCCNc1nc(-c2ccccc2CN(C)C)nc2ccccc12,CHEMBL1450926,1.0,CurationNote.canonical,
None,,nan,,CurationIssue.rdkit_failed
None,,nan,,CurationIssue.rdkit_failed
Cc1cc(C(C)(C)CC(C)(C)C)ccc1OCCOCC[N+](C)(C)Cc1ccccc1,CHEMBL1314065,0.0,CurationNote.canonical,
Clc1ccccc1NN(Cc1ccncc1)c1ccccc1Cl,CHEMBL1440842,1.0,CurationNote.canonical,
CC1CC(C)CN(Cc2nc(N)nc(Nc3ccccc3)n2)C1,CHEMBL1570515,1.0,CurationNote.canonical,
Cc1ccnc(NC(=S)NC(=O)c2ccco2)c1,CHEMBL1568465,0.0,CurationNote.canonical,
[O-][S+](Cc1ccc(Br)cc1)Cc1nnc(SCc2ccc(Cl)cc2)n1-c1ccccc1,CHEMBL1307715,0.0,CurationNote.canonical,
C#CCN1C(C)=C(C(=O)CCO)[C@@H](c2cccc(-n3oo3)c2)C(C(=O)OC)=C1C,CHEMBL1416812,1.0,CurationNote.canonical,
CC(C)OC(=O)c1cc2c(ccn2C)n1CC(=O)N1CCC(Cc2ccccc2)CC1,CHEMBL1550134,0.0,CurationNote.canonical,
CCN(CC)c1ccc2c(c1)OC(N)=C(C#N)C2c1cccnc1,CHEMBL1582760,0.0,CurationNote.canonical,
CCCCCCCCCCCCC(=O)N1CCCC[C@H]1CNC(=O)[C@@H](N)CCCCN,CHEMBL1373818,0.0,CurationNote.canonical,
O=S(=O)(c1cccc2c(Cl)cccc12)N1CCCNCC1,CHEMBL429298,0.0,CurationNote.canonical,CurationIssue.disagreeing_duplicate
CCOCCCn1c(=N)c(C(=O)NCc2ccc3c(c2)OCO3)cc2c(=O)n3cccc(C)c3nc21,CHEMBL1570435,1.0,CurationNote.canonical,
O[C@@](CCN1CCCCC1)(c1ccccc1)C1CCCCC1,CHEMBL1356870,1.0,CurationNote.canonical,CurationIssue.duplicate
O=C(O)CN1CCN(Cc2ccc(F)cc2Cl)C1=O,CHEMBL1383753,0.0,CurationNote.canonical,
C=CCn1c(SCC(=O)N2CCc3ccccc3C2)nc2ccccc2c1=O,CHEMBL1342006,0.0,CurationNote.canonical,
None,,nan,,CurationIssue.rdkit_failed
None,,nan,,CurationIssue.rdkit_failed
None,,nan,,CurationIssue.rdkit_failed
None,,nan,,CurationIssue.rdkit_failed
None,,nan,,CurationIssue.rdkit_failed
None,,nan,,CurationIssue.rdkit_failed
None,XANTHINE AMINE CONGENER,nan,,CurationIssue.rdkit_failed
CN(C)Cc1ccccc1-c1cc(NCc2ccccc2)ncn1,CHEMBL1472779,0.0,CurationNote.canonical,
Cc1ccc(OCCCN(C)C)c(Br)c1,CHEMBL1569009,1.0,CurationNote.canonical,
CCN(CC)C(=O)N[C@@H]1C[C@H]2c3cccc4[nH]cc(c34)C[C@@H]2N(C)C1,CHEMBL1433815,1.0,CurationNote.canonical,CurationIssue.duplicate
CN(C)Cc1c[nH]c2ccccc12,CHEMBL254348,1.0,CurationNote.canonical,
COc1ccc(CNc2cc(-c3cccc(NS(C)(=O)=O)c3)ncn2)c(OC)c1,CHEMBL1601121,0.0,CurationNote.canonical,
O=C(CC1c2ccccc2Oc2ccccc21)N1CCN(c2ccccn2)CC1,CHEMBL1360601,0.0,CurationNote.canonical,
O=C(c1cccc(F)c1)N1CCC2(CC1)CCN(c1ccc(-c3ccccc3)cc1)CC2,CHEMBL1320820,1.0,CurationNote.canonical,
CCC1=C(C[C@H]2NCCc3ccccc32)C[C@@H]2c3cc(OC)c(OC)cc3CCN2C1,CHEMBL1488690,1.0,CurationNote.canonical,
O=P(Nc1ccccc1)(Nc1ccccc1)Oc1cccc(Cl)c1,CHEMBL1583276,0.0,CurationNote.canonical,
CCCCCCCCCCCCC/C=C\[C@@H](O)[C@H](CO)NC(C)=O,CHEMBL1394187,1.0,CurationNote.canonical,
c1ccc(N2CCN(CCCOc3ccc4c(c3)OCO4)CC2)cc1,CHEMBL1401324,1.0,CurationNote.canonical,
CC1CC/C(=C\c2ccc3c(c2)OCO3)C(=O)/C1=C/c1ccc2c(c1)OCO2,CHEMBL1495763,1.0,CurationNote.canonical,
COc1cccc(-c2cncnc2-n2ccnc2)c1,CHEMBL1356744,0.0,CurationNote.canonical,
O=c1cc(N2CCOCC2)oc2c(-c3ccccc3)cccc12,CHEMBL98350,0.0,CurationNote.canonical,
Cc1cccc(OCC(=O)N2CCC(N3CCCCCC3)CC2)c1,CHEMBL1352255,1.0,CurationNote.canonical,
Fc1cc2nc(-c3ccncc3)[nH]c2cc1F,CHEMBL1576725,0.0,CurationNote.canonical,
None,,nan,,CurationIssue.rdkit_failed
None,,nan,,CurationIssue.rdkit_failed
None,,nan,,CurationIssue.rdkit_failed
None,,nan,,CurationIssue.rdkit_failed
None,3-HYDROXYBENZYLHYDRAZINE DIHYDROCHLORIDE,nan,,CurationIssue.rdkit_failed
None,,nan,,CurationIssue.rdkit_failed
Cc1ccc(C)c(NC(=S)N(CCc2nc3cc(C)c(C)cc3[nH]2)Cc2cccnc2)c1,CHEMBL1519453,1.0,CurationNote.canonical,
None,,nan,,CurationIssue.rdkit_failed
None,,nan,,CurationIssue.rdkit_failed
None,,nan,,CurationIssue.rdkit_failed
None,,nan,,CurationIssue.rdkit_failed
None,,nan,,CurationIssue.rdkit_failed
None,,nan,,CurationIssue.rdkit_failed
None,,nan,,CurationIssue.rdkit_failed
None,,nan,,CurationIssue.rdkit_failed
N[N-][C+]1c2ccccc2N[C@H]1OC(=O)Nc1cccc(Cl)c1,CHEMBL1378731,1.0,CurationNote.canonical,
Cc1cccc(NC(=O)C2CCN(S(=O)(=O)c3cccc4nsnc34)CC2)n1,CHEMBL1470084,0.0,CurationNote.canonical,
None,,nan,,CurationIssue.rdkit_failed
None,,nan,,CurationIssue.rdkit_failed
None,,nan,,CurationIssue.rdkit_failed
None,,nan,,CurationIssue.rdkit_failed
None,,nan,,CurationIssue.rdkit_failed
None,,nan,,CurationIssue.rdkit_failed
None,,nan,,CurationIssue.rdkit_failed
O=S(=O)(c1ccccc1)N1CCC[C@@]2(CCN(Cc3ccccc3)C2)C1,CHEMBL1480779,1.0,CurationNote.canonical,
None,,nan,,CurationIssue.rdkit_failed
None,,nan,,CurationIssue.rdkit_failed
None,,nan,,CurationIssue.rdkit_failed
CC(C)c1ccc(/C=N/NC(=O)CN(c2cccc(Cl)c2Cl)S(C)(=O)=O)cc1,CHEMBL3198125,0.0,CurationNote.canonical,
None,,nan,,CurationIssue.rdkit_failed
O=[N+]([O-])c1cccc(-c2nc(-c3cccs3)c(-c3cccs3)[nH]2)c1,CHEMBL1571807,0.0,CurationNote.canonical,
S=C(NC1CCCCC1)N1CCC(c2cnc[nH]2)CC1,CHEMBL260374,0.0,CurationNote.canonical,
COc1ccc2[nH]cc(CCNc3ncncc3-c3ccccc3Cl)c2c1,CHEMBL1592464,1.0,CurationNote.canonical,
O=C(N/N=C/c1cccnc1)c1ccc([N+](=O)[O-])cc1,CHEMBL3198146,0.0,CurationNote.canonical,
O=c1cnc2cnc(N3CCOCC3)nc2n1Cc1cccs1,CHEMBL1395605,0.0,CurationNote.canonical,
COc1ccccc1C1CC(c2c(O)nc3ccc(Cl)cc3c2-c2ccccc2)=NN1S(C)(=O)=O,CHEMBL1460723,1.0,CurationNote.canonical,
Fc1ccc(CN(C2=NCCN2)c2c(Cl)cccc2Cl)cc1,CHEMBL42501,1.0,CurationNote.canonical,
None,,nan,,CurationIssue.rdkit_failed
None,,nan,,CurationIssue.rdkit_failed
None,,nan,,CurationIssue.rdkit_failed
None,,nan,,CurationIssue.rdkit_failed
c1ccc(C[C@@H](Nc2cccnc2)c2ccccc2)cc1,CHEMBL1607623,1.0,CurationNote.canonical,
None,,nan,,CurationIssue.rdkit_failed
None,,nan,,CurationIssue.rdkit_failed
None,,nan,,CurationIssue.rdkit_failed
COc1ccc(-c2nc3cnc(OC)nc3n(Cc3cccs3)c2=O)cc1,CHEMBL1487191,1.0,CurationNote.canonical,
COc1ccccc1-c1cncnc1NCCc1cnc[nH]1,CHEMBL1396261,1.0,CurationNote.canonical,
None,,nan,,CurationIssue.rdkit_failed
None,,nan,,CurationIssue.rdkit_failed
None,FLUROFAMIDE,nan,,CurationIssue.rdkit_failed
None,,nan,,CurationIssue.rdkit_failed
None,,nan,,CurationIssue.rdkit_failed
None,,nan,,CurationIssue.rdkit_failed
None,,nan,,CurationIssue.rdkit_failed
None,,nan,,CurationIssue.rdkit_failed
None,,nan,,CurationIssue.rdkit_failed
None,,nan,,CurationIssue.rdkit_failed
None,,nan,,CurationIssue.rdkit_failed
None,,nan,,CurationIssue.rdkit_failed
None,,nan,,CurationIssue.rdkit_failed
None,,nan,,CurationIssue.rdkit_failed
None,PIMAGEDINE,nan,,CurationIssue.rdkit_failed
None,,nan,,CurationIssue.rdkit_failed
None,,nan,,CurationIssue.rdkit_failed
None,,nan,,CurationIssue.rdkit_failed
COC(=O)[C@@]1(Cc2ccc(OC)cc2)[C@H]2c3cc(C(=O)N(C)C)n(Cc4c(CO)ncc(C)c4O)c3C[C@H]2CN1C(=O)c1ccccc1,CHEMBL1411049,0.0,CurationNote.canonical,
CN1CCO[C@H](c2ccccc2)c2ccccc2C1,CHEMBL1366831,1.0,CurationNote.canonical,
CCN(CC)CCC(=O)Nc1ccc2c(c1)N(C(=O)CN(CC)CC)c1ccccc1CC2.Cl.O,CHEMBL1545270,0.0,CurationNote.canonical,CurationIssue.mixture
COCC(=O)N1CCC2(CC1)CN(C(=O)Nc1ccccc1)C2,CHEMBL1319783,0.0,CurationNote.canonical,
None,,nan,,CurationIssue.rdkit_failed
None,,nan,,CurationIssue.rdkit_failed
None,,nan,,CurationIssue.rdkit_failed
None,,nan,,CurationIssue.rdkit_failed
None,,nan,,CurationIssue.rdkit_failed
None,,nan,,CurationIssue.rdkit_failed
None,TIRATRICOL,nan,,CurationIssue.rdkit_failed
None,,nan,,CurationIssue.rdkit_failed
None,,nan,,CurationIssue.rdkit_failed
COC(=O)[C@H]1[C@@H](O)CC[C@H]2CN3CCc4c([nH]c5ccccc45)[C@@H]3C[C@H]21,CHEMBL1327758,1.0,CurationNote.canonical,CurationIssue.duplicate
None,,nan,,CurationIssue.rdkit_failed
CCS(=O)(=O)Nc1cccc(C(=C2CCCCC2)c2c[nH]cn2)c1,CHEMBL362863,1.0,CurationNote.canonical,
N=C1/C(=C\c2ccc(SCc3ccco3)o2)C(=O)N=C2SC=NN12,CHEMBL1302827,0.0,CurationNote.canonical,
C/C(=N\OC(=O)NC1CCCCC1)c1sc(-c2ccccc2)nc1C,CHEMBL3199347,0.0,CurationNote.canonical,
CCCOc1ccc(-c2nc(C#N)c(NCCCn3ccnc3)o2)cc1,CHEMBL1380396,1.0,CurationNote.canonical,
COc1cccc(C(=O)NC2CC3CCCC(C2)N3CC(=O)Nc2ccccc2)c1.Cl,CHEMBL1449293,0.0,CurationNote.canonical,CurationIssue.mixture
Cc1ccc(N(Cc2ccc([N+](=O)[O-])cc2)C(=O)c2ccco2)cc1,CHEMBL1472456,1.0,CurationNote.canonical,
CS(=O)(=O)c1ccccc1COC(=O)Nc1ccc(Cl)cc1,CHEMBL1543356,1.0,CurationNote.canonical,
COc1ccc(S(=O)(=O)Nc2ccc(F)cc2)c(C)c1C,CHEMBL1381005,1.0,CurationNote.canonical,
O=c1c(-c2cccc(Cl)c2)nc2cncnc2n1Cc1ccccc1Cl,CHEMBL1358122,0.0,CurationNote.canonical,
O=C(Nc1cccc2ncccc12)c1ccc(-c2ccc(Br)cc2)o1,CHEMBL1377215,0.0,CurationNote.canonical,
Brc1ccc(-c2csc(N3CCc4ccccc4C3)n2)cc1,CHEMBL1415482,0.0,CurationNote.canonical,
O=C(c1cccc(F)c1)N1CCC[C@@]2(CCN(Cc3nccs3)C2)C1,CHEMBL1396559,0.0,CurationNote.canonical,
OC(Cn1c2ccccc2c2ccccc21)C[n+]1cccc2ccccc21.[O-][Cl+3]([O-])([O-])[O-],CHEMBL1582787,1.0,CurationNote.canonical,CurationIssue.mixture
c1ccc(-n2cnc3cc(NCc4cccs4)ccc32)cc1,CHEMBL1335644,1.0,CurationNote.canonical,
None,,nan,,CurationIssue.rdkit_failed
None,,nan,,CurationIssue.rdkit_failed
None,,nan,,CurationIssue.rdkit_failed
None,,nan,,CurationIssue.rdkit_failed
None,,nan,,CurationIssue.rdkit_failed
None,,nan,,CurationIssue.rdkit_failed
None,,nan,,CurationIssue.rdkit_failed
None,,nan,,CurationIssue.rdkit_failed
None,,nan,,CurationIssue.rdkit_failed
None,,nan,,CurationIssue.rdkit_failed
None,,nan,,CurationIssue.rdkit_failed
None,,nan,,CurationIssue.rdkit_failed
None,,nan,,CurationIssue.rdkit_failed
None,,nan,,CurationIssue.rdkit_failed
None,,nan,,CurationIssue.rdkit_failed
None,,nan,,CurationIssue.rdkit_failed
None,,nan,,CurationIssue.rdkit_failed
None,,nan,,CurationIssue.rdkit_failed
None,,nan,,CurationIssue.rdkit_failed
None,,nan,,CurationIssue.rdkit_failed
None,,nan,,CurationIssue.rdkit_failed
None,,nan,,CurationIssue.rdkit_failed
None,,nan,,CurationIssue.rdkit_failed
None,,nan,,CurationIssue.rdkit_failed
None,,nan,,CurationIssue.rdkit_failed
None,,nan,,CurationIssue.rdkit_failed
None,,nan,,CurationIssue.rdkit_failed
None,,nan,,CurationIssue.rdkit_failed
None,,nan,,CurationIssue.rdkit_failed
None,,nan,,CurationIssue.rdkit_failed
None,,nan,,CurationIssue.rdkit_failed
None,,nan,,CurationIssue.rdkit_failed
None,,nan,,CurationIssue.rdkit_failed
None,,nan,,CurationIssue.rdkit_failed
None,,nan,,CurationIssue.rdkit_failed
None,,nan,,CurationIssue.rdkit_failed
None,,nan,,CurationIssue.rdkit_failed
None,,nan,,CurationIssue.rdkit_failed
None,,nan,,CurationIssue.rdkit_failed
None,,nan,,CurationIssue.rdkit_failed
None,,nan,,CurationIssue.rdkit_failed
None,,nan,,CurationIssue.rdkit_failed
None,,nan,,CurationIssue.rdkit_failed
None,,nan,,CurationIssue.rdkit_failed
None,,nan,,CurationIssue.rdkit_failed
None,,nan,,CurationIssue.rdkit_failed
None,,nan,,CurationIssue.rdkit_failed
None,,nan,,CurationIssue.rdkit_failed
None,,nan,,CurationIssue.rdkit_failed
None,,nan,,CurationIssue.rdkit_failed
None,,nan,,CurationIssue.rdkit_failed
None,,nan,,CurationIssue.rdkit_failed
None,,nan,,CurationIssue.rdkit_failed
None,,nan,,CurationIssue.rdkit_failed
None,,nan,,CurationIssue.rdkit_failed
None,,nan,,CurationIssue.rdkit_failed
None,,nan,,CurationIssue.rdkit_failed
None,,nan,,CurationIssue.rdkit_failed
None,,nan,,CurationIssue.rdkit_failed
None,,nan,,CurationIssue.rdkit_failed
None,,nan,,CurationIssue.rdkit_failed
None,,nan,,CurationIssue.rdkit_failed
None,,nan,,CurationIssue.rdkit_failed
None,,nan,,CurationIssue.rdkit_failed
CCOC(C(=O)OCCCN(CC)CC)(c1ccccc1)c1ccccc1.Cl,CHEMBL1742283,1.0,CurationNote.canonical,CurationIssue.mixture
Cc1c(C(=O)N/N=C/c2ccccc2)sc(=S)n1C,CHEMBL3211748,1.0,CurationNote.canonical,
CN1CCN(C2=Nc3ccccc3Oc3ccc(Cl)cc32)CC1.O=C(O)CCC(=O)O,CHEMBL1201155,1.0,CurationNote.canonical,CurationIssue.mixture
Cc1ccccc1-c1ccc2ncnc(NCc3cccs3)c2c1,CHEMBL1595576,1.0,CurationNote.canonical,
Cc1ccc(S(=O)(=O)N2CCC(C(=O)NCc3cccnc3)CC2)cc1,CHEMBL1534897,0.0,CurationNote.canonical,
COc1ccccc1NC(=O)N1CCCC1C(=O)NCc1ccc2c(c1)OCO2,CHEMBL1741716,0.0,CurationNote.canonical,
O=C(O)/C=C1\CCCc2ccccc2[C@H]1O,CHEMBL446774,1.0,CurationNote.canonical,
CC(C)n1cc2c3c(cccc31)[C@@H]1C[C@H](C(=O)O[C@@H](C)[C@H](C)O)CN(C)[C@H]1C2,CHEMBL1533186,1.0,CurationNote.canonical,
None,,nan,,CurationIssue.rdkit_failed
Cc1ccc(Oc2ccccc2/C=C2\SC(=O)N(C)C2=O)cc1,CHEMBL1510930,1.0,CurationNote.canonical,
CCSc1nnc(NC(=O)C(C(F)(F)F)C(F)(F)F)s1,CHEMBL1351212,0.0,CurationNote.canonical,CurationIssue.inorganic
CN(C)C(=O)c1ccc(-c2nc(NCc3cccs3)c3ccccc3n2)cc1,CHEMBL1591336,0.0,CurationNote.canonical,
None,,nan,,CurationIssue.rdkit_failed
None,,nan,,CurationIssue.rdkit_failed
None,,nan,,CurationIssue.rdkit_failed
None,,nan,,CurationIssue.rdkit_failed
None,,nan,,CurationIssue.rdkit_failed
None,,nan,,CurationIssue.rdkit_failed
None,,nan,,CurationIssue.rdkit_failed
None,,nan,,CurationIssue.rdkit_failed
None,,nan,,CurationIssue.rdkit_failed
None,,nan,,CurationIssue.rdkit_failed
None,,nan,,CurationIssue.rdkit_failed
None,,nan,,CurationIssue.rdkit_failed
None,,nan,,CurationIssue.rdkit_failed
None,,nan,,CurationIssue.rdkit_failed
None,,nan,,CurationIssue.rdkit_failed
None,,nan,,CurationIssue.rdkit_failed
None,,nan,,CurationIssue.rdkit_failed
None,,nan,,CurationIssue.rdkit_failed
None,,nan,,CurationIssue.rdkit_failed
None,,nan,,CurationIssue.rdkit_failed
None,ACYCLOVIR,nan,,CurationIssue.rdkit_failed
None,,nan,,CurationIssue.rdkit_failed
None,,nan,,CurationIssue.rdkit_failed
None,,nan,,CurationIssue.rdkit_failed
None,,nan,,CurationIssue.rdkit_failed
None,,nan,,CurationIssue.rdkit_failed
None,,nan,,CurationIssue.rdkit_failed
Fc1ccc(C(OCCN2CCN(CCCc3ccccc3)CC2)c2ccc(F)cc2)cc1,CHEMBL281594,1.0,CurationNote.canonical,CurationIssue.duplicate
c1ccc(CN(Cc2ncc[nH]2)c2ccccc2)cc1,CHEMBL1607809,1.0,CurationNote.canonical,
None,,nan,,CurationIssue.rdkit_failed
None,,nan,,CurationIssue.rdkit_failed
None,,nan,,CurationIssue.rdkit_failed
None,,nan,,CurationIssue.rdkit_failed
None,,nan,,CurationIssue.rdkit_failed
None,,nan,,CurationIssue.rdkit_failed
COc1ccccc1N1CCN(C[C@@H](O)COc2cccc3ccccc23)CC1,CHEMBL1446968,1.0,CurationNote.canonical,CurationIssue.duplicate
None,,nan,,CurationIssue.rdkit_failed
None,,nan,,CurationIssue.rdkit_failed
None,,nan,,CurationIssue.rdkit_failed
None,,nan,,CurationIssue.rdkit_failed
None,,nan,,CurationIssue.rdkit_failed
None,,nan,,CurationIssue.rdkit_failed
None,,nan,,CurationIssue.rdkit_failed
None,,nan,,CurationIssue.rdkit_failed
None,GUVACINE,nan,,CurationIssue.rdkit_failed
None,,nan,,CurationIssue.rdkit_failed
None,,nan,,CurationIssue.rdkit_failed
None,,nan,,CurationIssue.rdkit_failed
None,,nan,,CurationIssue.rdkit_failed
None,,nan,,CurationIssue.rdkit_failed
None,,nan,,CurationIssue.rdkit_failed
None,,nan,,CurationIssue.rdkit_failed
None,,nan,,CurationIssue.rdkit_failed
S=C(Nc1ccc(Cl)cc1)NC1CC2CCCC(C1)N2C1CCCC1,CHEMBL1742064,1.0,CurationNote.canonical,
O=C1C(SCCO)=C(SCCO)C(=O)c2ccccc21,CHEMBL429095,0.0,CurationNote.canonical,
COC(=O)c1[nH]c2cc(C)ccc2c1NC(=O)CN1CCCc2ccccc21,CHEMBL1458255,0.0,CurationNote.canonical,
O=C(Nc1ccc(OC(F)(F)F)cc1)c1n[nH]c(Cn2cncn2)n1,CHEMBL1741802,0.0,CurationNote.canonical,
Cn1nc(C(F)(F)F)c(/C=N/OC(=O)c2ccc(Cl)cc2)c1Cl,CHEMBL3207544,0.0,CurationNote.canonical,
c1ccc2c(Nc3ccncc3)nc(-c3ccoc3)nc2c1,CHEMBL1364611,0.0,CurationNote.canonical,
Clc1ccc(CN2CCCN(Cc3ccc(Cl)cc3)C2c2cc3ccccc3c3ccccc23)cc1,CHEMBL1398138,1.0,CurationNote.canonical,
None,,nan,,CurationIssue.rdkit_failed
COc1ccc(CNc2nc3ccccc3n2Cc2ccccc2)cc1OC,CHEMBL1438615,1.0,CurationNote.canonical,
CS/C(=N\C#N)N1CCN(c2ccc(Cl)cc2)CC1,CHEMBL1987784,1.0,CurationNote.canonical,
Cc1cccc(CSCCNC(=O)c2ccc(N(C)S(=O)(=O)c3ccccc3)cc2)c1,CHEMBL1575920,1.0,CurationNote.canonical,
O=C1CCC(c2ccc(-n3ccnc3)cc2)=NN1,CHEMBL12831,1.0,CurationNote.canonical,
COc1cccc(Cn2c(=O)c(-c3ccc(F)cc3)nc3cncnc32)c1,CHEMBL1356262,0.0,CurationNote.canonical,
CN1CCN(C(c2ccccc2)c2ccccc2)CC1,CHEMBL648,1.0,CurationNote.canonical,
None,,nan,,CurationIssue.rdkit_failed
None,,nan,,CurationIssue.rdkit_failed
None,,nan,,CurationIssue.rdkit_failed
None,PROPYLTHIOURACIL,nan,,CurationIssue.rdkit_failed
COc1ccccc1CNc1nc(-c2ccccc2OC)nc2ccccc12,CHEMBL1317066,1.0,CurationNote.canonical,
,CHEMBL1489982,1.0,CurationNote.canonical,CurationIssue.duplicate
CCOC(=O)c1cnc(SCCc2ccccc2)nc1N,CHEMBL1545002,1.0,CurationNote.canonical,
None,,nan,,CurationIssue.rdkit_failed
None,7-NITROINDAZOLE,nan,,CurationIssue.rdkit_failed
COc1ccc(CNc2ncnc3ccc(-c4ccc(N(C)C)cc4)cc23)c(OC)c1,CHEMBL475375,0.0,CurationNote.canonical,
CN(Cc1ccco1)c1ccnc(-c2cccc(NS(C)(=O)=O)c2)n1,CHEMBL1357180,0.0,CurationNote.canonical,
CCOc1c2ccc(C(=O)NCc3ccccc3)cc2nn1CCOC,CHEMBL1389090,0.0,CurationNote.canonical,
CCOc1ccc(N2C(=O)c3cccnc3C2=O)cc1,CHEMBL1480063,1.0,CurationNote.canonical,
Cn1c(=O)cc(OCCCC(=O)Nc2cccnc2)c2ccccc21,CHEMBL1352766,1.0,CurationNote.canonical,
CCN1C(=O)[C@H]2CC[C@H]3/C(=N\O[C@@H]4O[C@@H](COC(C)=O)[C@@H](OC(C)=O)[C@@H](OC(C)=O)[C@H]4OC(C)=O)C[C@@H](O)[C@@H](O)[C@@H]3[C@@H]2C1=O,CHEMBL1433497,1.0,CurationNote.canonical,
COCC(=O)N1CCC2(CCCN(c3cccc(-c4ccccc4)c3)C2)CC1,CHEMBL1473055,0.0,CurationNote.canonical,
c1ccc(CCCN2CCN(CCOC(c3ccccc3)c3ccccc3)CC2)cc1,CHEMBL26320,1.0,CurationNote.canonical,CurationIssue.duplicate
C[N@@+]1(Cc2ccc(Cl)c(Cl)c2)CCC[C@@H]1c1ccc[n+](Cc2ccc(Cl)c(Cl)c2)c1,CHEMBL1318824,1.0,CurationNote.canonical,
COc1ccccc1-c1ccc2ncnc(NCc3cccnc3)c2c1,CHEMBL1436169,1.0,CurationNote.canonical,
CNC(=O)[C@@H]1O[C@@H](n2cnc3c(NCc4cccc(I)c4)ncnc32)[C@H](O)[C@@H]1O,CHEMBL1434729,0.0,CurationNote.canonical,
None,,nan,,CurationIssue.rdkit_failed
CC(C)(C)[C@@]1(O)CCN2C[C@@H]3c4ccccc4CCc4cccc(c43)[C@@H]2C1,CHEMBL1496514,1.0,CurationNote.canonical,CurationIssue.duplicate
CN(C(=O)Cc1ccc(Cl)c(Cl)c1)[C@@H]1CCCC[C@H]1N1CCCC1.CS(=O)(=O)O,CHEMBL482811,1.0,CurationNote.canonical,CurationIssue.mixture
Nc1nc(NCCc2ccc(O)cc2)nc2nc(-c3ccco3)nn12,CHEMBL113142,1.0,CurationNote.canonical,
O=C(c1ccccc1)c1ccc2[nH]c(-c3ccc(NC(=O)c4ccccc4Br)cc3)nc2c1,CHEMBL1441218,0.0,CurationNote.canonical,
Cc1ccccc1-c1ccc2ncnc(NCCN3CCOCC3)c2c1,CHEMBL1492229,0.0,CurationNote.canonical,
CS(=O)(=O)Nc1cccc(-c2nccc(-n3ccnc3)n2)c1,CHEMBL1512740,0.0,CurationNote.canonical,
COc1ncc2nc(-c3ccc(Cl)cc3)c(=O)n(CCC#N)c2n1,CHEMBL1595371,1.0,CurationNote.canonical,
Cc1c(C(=O)NCCC2=CCCCC2)cccc1[N+](=O)[O-],CHEMBL1362159,0.0,CurationNote.canonical,
CCCCOc1ccc(CN2CCC(O)CC2)cc1,CHEMBL1392634,1.0,CurationNote.canonical,
CCOC(=O)C1CCN(C(=O)C23CC4CC(CC(C4)C2)C3)CC1,CHEMBL1562937,0.0,CurationNote.canonical,
Oc1c(Br)cc(CN(Cc2cc(Br)c(O)c(Br)c2)C2CCCCC2)cc1Br,CHEMBL1451794,1.0,CurationNote.canonical,
Cc1ccc(CSC(=N)Nc2ccccc2)cc1C,CHEMBL1437012,1.0,CurationNote.canonical,
None,,nan,,CurationIssue.rdkit_failed
CCCCCC1=C2CNC(CC(C)C)(C(=O)OC)C=C2C(C)C1=O,CHEMBL1368895,1.0,CurationNote.canonical,
Cc1cnc(CNc2ncncc2-c2ccccc2CN(C)C)cn1,CHEMBL1417349,0.0,CurationNote.canonical,
CCOC(=O)CSC1=C(C#N)C(c2sccc2C)C(C(C)=O)=C(C)N1,CHEMBL1547205,0.0,CurationNote.canonical,
C=CC(C)(C)c1[nH]c2ccccc2c1C1=C(O)C(O)=C(c2c[nH]c3c(CC=C(C)C)cccc23)C(=O)C1=O,CHEMBL18879,1.0,CurationNote.canonical,
COCCn1c(=O)c(-c2cccc(C#N)c2)nc2cnc(N(C)C)nc21,CHEMBL1356107,1.0,CurationNote.canonical,
O=C(Nc1ccc(-c2nc3ccccc3[nH]2)cc1)c1ccc2c(c1)OCO2,CHEMBL1461321,1.0,CurationNote.canonical,
CN(C)c1ccc(-c2cc(Nc3ccc(F)cc3)ncn2)cc1,CHEMBL1555014,0.0,CurationNote.canonical,
CC(=O)N1CCC[C@@]2(CCN(Cc3ccccc3)C2)C1,CHEMBL1367995,0.0,CurationNote.canonical,
c1ccc(-c2cccc(N3CC4(CCNCC4)C3)c2)cc1,CHEMBL1438041,0.0,CurationNote.canonical,
COC(=O)N1CCC[C@@]2(CCN(c3ccccn3)C2)C1,CHEMBL1354272,0.0,CurationNote.canonical,
Cc1nn2c(O)c3c(nc2c1-c1cccc2ccccc12)CCC3,CHEMBL1368337,0.0,CurationNote.canonical,
Cc1nc2c(C#N)cnn2c(O)c1Cc1ccccc1,CHEMBL1519083,1.0,CurationNote.canonical,
O=C(N/N=C/c1ccc(Cl)cc1Cl)c1cccc(F)c1,CHEMBL3196226,1.0,CurationNote.canonical,
None,,nan,,CurationIssue.rdkit_failed
None,,nan,,CurationIssue.rdkit_failed
None,,nan,,CurationIssue.rdkit_failed
None,,nan,,CurationIssue.rdkit_failed
CCC[C@@H]1C[C@@]1(CCC)C(NP(=O)(c1ccccc1)c1ccccc1)c1ccc(Cl)cc1,CHEMBL1364980,1.0,CurationNote.canonical,
CN(Cc1ccccc1)Cn1ccnc1,CHEMBL1446731,1.0,CurationNote.canonical,
CS(=O)(=O)Nc1cccc(-c2cncnc2NCc2ccccc2)c1,CHEMBL490718,0.0,CurationNote.canonical,
COc1ncc2nc(-c3cccs3)c(=O)n(Cc3cccs3)c2n1,CHEMBL1395620,1.0,CurationNote.canonical,
C[C@@H](C(=O)Nc1ccc2ccccc2c1)[C@H]1C[C@]1(C)[C@H](NC(=O)c1cnccn1)c1ccccc1,CHEMBL1370756,1.0,CurationNote.canonical,
NNc1nncc2ccccc12,CHEMBL276832,0.0,CurationNote.canonical,
O=C(Nc1ccnc(-c2cccnc2)n1)c1cccc(Cl)c1Cl,CHEMBL1566015,1.0,CurationNote.canonical,
O=C(Nc1ccccc1)OC[C@H](CN1CCCCC1)OC(=O)Nc1ccccc1,CHEMBL1395343,1.0,CurationNote.canonical,
Cc1nn(-c2ccc(F)cc2)c(O)c1C(c1cccc(O)c1)c1c(C)[nH]n(-c2ccc(F)cc2)c1=O,CHEMBL3145176,0.0,CurationNote.canonical,
CCOc1c2ccc(C(=O)NCCCCc3ccccc3)cc2nn1C,CHEMBL1532441,1.0,CurationNote.canonical,
Cc1oc(-c2ccccc2F)nc1CS(=O)(=O)CC(=O)NCCCN(C)C1CCCCC1,CHEMBL1741658,0.0,CurationNote.canonical,
Cc1cccc(CNc2ncncc2-c2ccccc2CN(C)C)c1,CHEMBL491977,1.0,CurationNote.canonical,
CCOC(=O)C1CCN(c2c(NCc3ccc(C(=O)NCCC(C)C)cc3)c(=O)c2=O)CC1,CHEMBL1447089,1.0,CurationNote.canonical,
COc1ccc2cc3cc(C(=O)NCCN4CCN(c5ccccc5F)CC4)oc3nc2c1,CHEMBL1478570,0.0,CurationNote.canonical,
None,,nan,,CurationIssue.rdkit_failed
None,,nan,,CurationIssue.rdkit_failed
None,PONALRESTAT,nan,,CurationIssue.rdkit_failed
None,,nan,,CurationIssue.rdkit_failed
None,,nan,,CurationIssue.rdkit_failed
COc1ccc(S(=O)(=O)N2CCCN(CC(=O)Nc3ccc4c(c3)OCO4)CC2)cc1,CHEMBL1421390,1.0,CurationNote.canonical,
None,,nan,,CurationIssue.rdkit_failed
None,,nan,,CurationIssue.rdkit_failed
None,,nan,,CurationIssue.rdkit_failed
None,,nan,,CurationIssue.rdkit_failed
None,,nan,,CurationIssue.rdkit_failed
None,,nan,,CurationIssue.rdkit_failed
None,,nan,,CurationIssue.rdkit_failed
None,,nan,,CurationIssue.rdkit_failed
None,,nan,,CurationIssue.rdkit_failed
None,,nan,,CurationIssue.rdkit_failed
None,ACECLOFENAC,nan,,CurationIssue.rdkit_failed
None,,nan,,CurationIssue.rdkit_failed
None,,nan,,CurationIssue.rdkit_failed
None,,nan,,CurationIssue.rdkit_failed
None,,nan,,CurationIssue.rdkit_failed
None,PHENYTOIN SODIUM,nan,,CurationIssue.rdkit_failed
None,,nan,,CurationIssue.rdkit_failed
None,,nan,,CurationIssue.rdkit_failed
None,,nan,,CurationIssue.rdkit_failed
None,,nan,,CurationIssue.rdkit_failed
None,,nan,,CurationIssue.rdkit_failed
None,,nan,,CurationIssue.rdkit_failed
None,,nan,,CurationIssue.rdkit_failed
None,,nan,,CurationIssue.rdkit_failed
None,,nan,,CurationIssue.rdkit_failed
None,SC-560,nan,,CurationIssue.rdkit_failed
None,,nan,,CurationIssue.rdkit_failed
None,,nan,,CurationIssue.rdkit_failed
None,,nan,,CurationIssue.rdkit_failed
None,,nan,,CurationIssue.rdkit_failed
C[C@@H](C(=O)Nc1ccc2ccccc2c1)[C@H]1C[C@]1(C)[C@H](NS(=O)(=O)c1ccccc1)c1ccccc1,CHEMBL1555334,1.0,CurationNote.canonical,
COc1ccc(OCCn2c(C)c(/C=N/n3cnnc3)c3ccccc32)cc1,CHEMBL3196953,1.0,CurationNote.canonical,
CCCCCC1=C2CNC(CCC)(C(=O)OC)C=C2C(C)C1=O,CHEMBL1453542,0.0,CurationNote.canonical,
CO/N=C(\C)CCN1CCCc2nc(C)c(C)cc21,CHEMBL1592507,1.0,CurationNote.canonical,
CN1[C@H]2CC[C@@H]1CC(OC1c3ccccc3CCc3ccccc31)C2.O=C(O)CC(O)(CC(=O)O)C(=O)O,CHEMBL1475191,1.0,CurationNote.canonical,CurationIssue.mixture
O=c1c2cc(Br)ccc2[nH]c(=S)n1Cc1cccnc1,CHEMBL1568012,1.0,CurationNote.canonical,
CCC/C=C(\CCC)C(NC(=O)c1ccc(C(F)(F)F)cc1)c1ccccc1,CHEMBL1593371,1.0,CurationNote.canonical,
O=C(c1csnn1)N1CCC2(CC1)CN(c1cccc(-c3ccccc3)c1)C2,CHEMBL1600612,1.0,CurationNote.canonical,
N#C/C(=C\c1ccc(O)c(O)c1)C(=O)OCCc1cccs1,CHEMBL37081,0.0,CurationNote.canonical,
COc1ccccc1CCN1C(S)=NC(C)(C)CC1(C)O,CHEMBL1442105,1.0,CurationNote.canonical,
CCn1c(SCc2cccc(C)c2)nnc1-c1ccccc1,CHEMBL1549980,0.0,CurationNote.canonical,
c1ccc(C(c2ccccc2)N2CCCC3(CCNCC3)C2)cc1,CHEMBL1355665,1.0,CurationNote.canonical,
C=CC[C@@H]1C=C[C@H](O/N=C(\C)CCN2CCCCc3nc(C)c(C)cc32)[C@H](CO)O1,CHEMBL1489085,1.0,CurationNote.canonical,
Cc1ccccc1NS(=O)(=O)c1ccc2ncc(C(=O)NCCCN3CCOCC3)c(O)c2c1,CHEMBL1409815,0.0,CurationNote.canonical,
O=C(Nc1ccc(Cl)cc1)OC(CN1CCCCC1)C(F)(F)F,CHEMBL1348252,1.0,CurationNote.canonical,
COc1cccc(-c2cc(NCCc3c[nH]c4ccc(OC)cc34)ncn2)c1,CHEMBL1315184,0.0,CurationNote.canonical,
O=S(=O)(NCc1cc(-c2ccc(Cl)cc2)no1)c1ccc(Cl)cc1,CHEMBL1299810,1.0,CurationNote.canonical,
COc1ccc2[nH]cc(CCNc3cc(-c4ccccc4C)ncn3)c2c1,CHEMBL1359691,1.0,CurationNote.canonical,
COC(=O)[C@@]1(Cc2ccc(F)cc2)[C@H]2c3cc(C(=O)N4CCCC4)n(Cc4cc(C)n(C)n4)c3C[C@H]2CN1C(=O)c1ccccc1,CHEMBL1484196,0.0,CurationNote.canonical,
C/C(=N/NS(=O)(=O)c1ccc(C)cc1)c1cccc(NC(=O)c2cccc(Cl)c2)c1,CHEMBL3198835,1.0,CurationNote.canonical,
CC(C)NC(=N)NC(=N)Nc1ccc(Cl)cc1,CHEMBL1377,1.0,CurationNote.canonical,
N#Cc1cccc(-c2cncnc2NCc2ccccc2)c1,CHEMBL490742,0.0,CurationNote.canonical,
CCOC(=O)c1ccc(CNC(=O)C2CCCCC2C(=O)OCC(F)(F)F)o1,CHEMBL1509561,0.0,CurationNote.canonical,
c1ccc2c(c1)OC[C@@H](C1=NCCN1)O2,CHEMBL1410804,0.0,CurationNote.canonical,CurationIssue.duplicate
COc1ccccc1CNc1nc(-c2ccoc2)nc2ccccc12,CHEMBL1474890,1.0,CurationNote.canonical,
None,,nan,,CurationIssue.rdkit_failed
None,,nan,,CurationIssue.rdkit_failed
None,,nan,,CurationIssue.rdkit_failed
None,,nan,,CurationIssue.rdkit_failed
None,,nan,,CurationIssue.rdkit_failed
None,,nan,,CurationIssue.rdkit_failed
None,,nan,,CurationIssue.rdkit_failed
None,,nan,,CurationIssue.rdkit_failed
None,,nan,,CurationIssue.rdkit_failed
None,,nan,,CurationIssue.rdkit_failed
None,,nan,,CurationIssue.rdkit_failed
Cc1cccc2cc(CN(Cc3ccccc3)C(=O)c3cccc(F)c3)c(Cl)nc12,CHEMBL1390454,0.0,CurationNote.canonical,
O=C(CCCN1CCC2(CC1)C(=O)NCN2c1ccccc1)c1ccc(F)cc1,CHEMBL267930,1.0,CurationNote.canonical,CurationIssue.duplicate
None,,nan,,CurationIssue.rdkit_failed
None,,nan,,CurationIssue.rdkit_failed
None,,nan,,CurationIssue.rdkit_failed
None,,nan,,CurationIssue.rdkit_failed
None,,nan,,CurationIssue.rdkit_failed
C/C(CCC(=O)OC[C@@H]1O[C@H](C#Cc2ccccc2)C=C[C@@H]1Oc1ccc(C)cc1)=N/O[C@@H](C)CN1CCCc2nc(C)c(C)cc21,CHEMBL1552953,1.0,CurationNote.canonical,
C[C@@H](CN1CCC(Cc2ccccc2)CC1)[C@H](O)c1ccc(O)cc1,CHEMBL1397846,1.0,CurationNote.canonical,
None,,nan,,CurationIssue.rdkit_failed
None,,nan,,CurationIssue.rdkit_failed
None,,nan,,CurationIssue.rdkit_failed
None,,nan,,CurationIssue.rdkit_failed
None,,nan,,CurationIssue.rdkit_failed
None,,nan,,CurationIssue.rdkit_failed
None,,nan,,CurationIssue.rdkit_failed
None,,nan,,CurationIssue.rdkit_failed
None,,nan,,CurationIssue.rdkit_failed
None,,nan,,CurationIssue.rdkit_failed
None,,nan,,CurationIssue.rdkit_failed
None,,nan,,CurationIssue.rdkit_failed
CN1CCN(CC(=O)N2c3ccccc3C(=O)Nc3cccnc32)CC1,CHEMBL9967,0.0,CurationNote.canonical,
COC(=O)c1cn(NC(=O)c2cccc(OC)c2)c(=O)c2ccccc12,CHEMBL1742383,1.0,CurationNote.canonical,
Nc1ccc(N(c2ccccc2)c2ccc(N)cc2)cc1,CHEMBL1509804,0.0,CurationNote.canonical,
CCc1cc2c(nc1CC)CCN(CC/C(C)=N/OC[C@H]1O[C@H](c3ccccc3)C=C[C@@H]1Oc1ccc(OC)cc1)C2,CHEMBL1589879,1.0,CurationNote.canonical,
O=C(NCCNS(=O)(=O)c1ccc(Cl)cc1)c1cc(OCC(F)(F)F)ccc1OCC(F)(F)F,CHEMBL1602661,1.0,CurationNote.canonical,
None,,nan,,CurationIssue.rdkit_failed
None,,nan,,CurationIssue.rdkit_failed
None,,nan,,CurationIssue.rdkit_failed
None,,nan,,CurationIssue.rdkit_failed
None,,nan,,CurationIssue.rdkit_failed
None,,nan,,CurationIssue.rdkit_failed
None,,nan,,CurationIssue.rdkit_failed
None,,nan,,CurationIssue.rdkit_failed
None,AMILORIDE,nan,,CurationIssue.rdkit_failed
None,,nan,,CurationIssue.rdkit_failed
c1nc(NC2CC2)c2cc(-c3ccoc3)ccc2n1,CHEMBL1472765,0.0,CurationNote.canonical,
None,,nan,,CurationIssue.rdkit_failed
None,,nan,,CurationIssue.rdkit_failed
None,,nan,,CurationIssue.rdkit_failed
None,,nan,,CurationIssue.rdkit_failed
None,,nan,,CurationIssue.rdkit_failed
None,,nan,,CurationIssue.rdkit_failed
None,,nan,,CurationIssue.rdkit_failed
None,,nan,,CurationIssue.rdkit_failed
None,,nan,,CurationIssue.rdkit_failed
None,,nan,,CurationIssue.rdkit_failed
None,,nan,,CurationIssue.rdkit_failed
None,,nan,,CurationIssue.rdkit_failed
None,,nan,,CurationIssue.rdkit_failed
None,,nan,,CurationIssue.rdkit_failed
None,,nan,,CurationIssue.rdkit_failed
None,,nan,,CurationIssue.rdkit_failed
None,,nan,,CurationIssue.rdkit_failed
None,QUINPIROLE,nan,,CurationIssue.rdkit_failed
None,(+)-EPIBATIDINE,nan,,CurationIssue.rdkit_failed
None,,nan,,CurationIssue.rdkit_failed
None,NOREPINEPHRINE BITARTRATE,nan,,CurationIssue.rdkit_failed
None,,nan,,CurationIssue.rdkit_failed
None,,nan,,CurationIssue.rdkit_failed
None,,nan,,CurationIssue.rdkit_failed
None,,nan,,CurationIssue.rdkit_failed
None,,nan,,CurationIssue.rdkit_failed
None,,nan,,CurationIssue.rdkit_failed
None,,nan,,CurationIssue.rdkit_failed
None,,nan,,CurationIssue.rdkit_failed
None,,nan,,CurationIssue.rdkit_failed
None,,nan,,CurationIssue.rdkit_failed
None,,nan,,CurationIssue.rdkit_failed
None,,nan,,CurationIssue.rdkit_failed
None,,nan,,CurationIssue.rdkit_failed
None,,nan,,CurationIssue.rdkit_failed
None,,nan,,CurationIssue.rdkit_failed
None,,nan,,CurationIssue.rdkit_failed
None,PARGYLINE,nan,,CurationIssue.rdkit_failed
None,,nan,,CurationIssue.rdkit_failed
None,,nan,,CurationIssue.rdkit_failed
None,,nan,,CurationIssue.rdkit_failed
None,,nan,,CurationIssue.rdkit_failed
None,,nan,,CurationIssue.rdkit_failed
None,,nan,,CurationIssue.rdkit_failed
None,,nan,,CurationIssue.rdkit_failed
None,,nan,,CurationIssue.rdkit_failed
None,,nan,,CurationIssue.rdkit_failed
None,,nan,,CurationIssue.rdkit_failed
None,,nan,,CurationIssue.rdkit_failed
None,,nan,,CurationIssue.rdkit_failed
None,,nan,,CurationIssue.rdkit_failed
None,,nan,,CurationIssue.rdkit_failed
None,,nan,,CurationIssue.rdkit_failed
None,,nan,,CurationIssue.rdkit_failed
None,,nan,,CurationIssue.rdkit_failed
None,,nan,,CurationIssue.rdkit_failed
None,,nan,,CurationIssue.rdkit_failed
None,,nan,,CurationIssue.rdkit_failed
None,2,3-DIHYDROXY-6,7-DICHLOROQUINOXALINE,nan,,CurationIssue.rdkit_failed
None,BIS(ETHYL)NORSPERMINE,nan,,CurationIssue.rdkit_failed
None,,nan,,CurationIssue.rdkit_failed
None,,nan,,CurationIssue.rdkit_failed
None,,nan,,CurationIssue.rdkit_failed
None,,nan,,CurationIssue.rdkit_failed
None,,nan,,CurationIssue.rdkit_failed
None,,nan,,CurationIssue.rdkit_failed
None,,nan,,CurationIssue.rdkit_failed
None,,nan,,CurationIssue.rdkit_failed
None,MONASTROL,nan,,CurationIssue.rdkit_failed
None,,nan,,CurationIssue.rdkit_failed
None,,nan,,CurationIssue.rdkit_failed
None,,nan,,CurationIssue.rdkit_failed
None,,nan,,CurationIssue.rdkit_failed
None,PAMOIC ACID,nan,,CurationIssue.rdkit_failed
None,,nan,,CurationIssue.rdkit_failed
None,,nan,,CurationIssue.rdkit_failed
None,,nan,,CurationIssue.rdkit_failed
None,,nan,,CurationIssue.rdkit_failed
None,,nan,,CurationIssue.rdkit_failed
None,,nan,,CurationIssue.rdkit_failed
None,,nan,,CurationIssue.rdkit_failed
None,,nan,,CurationIssue.rdkit_failed
CC1(C)C(=O)N(CCN2CCC(C(=O)c3ccc(F)cc3)CC2)c2ccccc21,CHEMBL1400238,1.0,CurationNote.canonical,
CC[C@H](CO)NC(=O)[C@@H]1C=C2c3cccc4[nH]cc(c34)C[C@@H]2N(C)C1,CHEMBL1473622,1.0,CurationNote.canonical,
Cc1cc(SCC(=O)c2ccc(Br)cc2)cc(C)[o+]1,CHEMBL1398608,1.0,CurationNote.canonical,
CC#C[C@]1(O)CC[C@H]2[C@@H]3CCC4=CC(=O)CCC4=C3[C@H](c3ccc(N(C)C)cc3)C[C@@]21C,CHEMBL1521453,1.0,CurationNote.canonical,
COC(=O)N1CCC[C@@]2(CCN(C(=O)NC(C)C)C2)C1,CHEMBL1514161,1.0,CurationNote.canonical,
COc1ccc(/C=N/n2c(S)nnc2-c2cccs2)cc1,CHEMBL3210860,1.0,CurationNote.canonical,
c1cncc(CNc2nc(-c3cccnc3)nc3ccccc23)c1,CHEMBL1194023,0.0,CurationNote.canonical,
O=C1c2cccc3c(Nc4ccccc4Cl)c([N+](=O)[O-])cc(c23)C(=O)N1CCO,CHEMBL1372102,0.0,CurationNote.canonical,
Cc1cnc(CNc2nc(-c3ccoc3)nc3ccccc23)cn1,CHEMBL1374710,0.0,CurationNote.canonical,
CN(C)c1ccc(/C=N/N2C(=S)SC(C)(C)C2N(O)C(=O)Nc2ccc([N+](=O)[O-])cc2)cc1,CHEMBL3191740,1.0,CurationNote.canonical,
CCN(CC)[C@@H](C)CN1c2ccccc2Sc2ccccc21,CHEMBL1494883,1.0,CurationNote.canonical,CurationIssue.inorganic
CCNc1ncc2nc(-c3cccs3)c(=O)n(CCC#N)c2n1,CHEMBL1611646,1.0,CurationNote.canonical,
CCOc1c2ccc(C(=O)NCc3ccc(OC(F)(F)F)cc3)cc2nn1C,CHEMBL1336102,1.0,CurationNote.canonical,
Cc1ccc(CNC(=O)[C@H](C)[C@H]2C[C@]2(C)[C@H](NC(=O)OCc2ccccc2)c2ccccc2)o1,CHEMBL1372330,1.0,CurationNote.canonical,
O=C(c1cccc(F)c1)N1CCC2(CC1)CCN(c1ccccn1)CC2,CHEMBL1363801,0.0,CurationNote.canonical,
CN(C(=O)Cc1ccc(Cl)c(Cl)c1)[C@@H](CN1CCCC1)c1cccc(OCC(=O)O)c1,CHEMBL71754,0.0,CurationNote.canonical,
C/C(CCN1CCCc2nc(C)c(C)cc21)=N\O[C@@H](C)CN1CCCc2nc(C)c(C)cc21,CHEMBL1556828,1.0,CurationNote.canonical,
COCC(=O)N1CCC2(CC1)CCN(C(c1ccccc1)c1ccccc1)CC2,CHEMBL1523816,0.0,CurationNote.canonical,
c1csc(CNc2ncnc3ccc(-c4ccoc4)cc23)c1,CHEMBL1410859,0.0,CurationNote.canonical,
CCOc1ccc(Cl)cc1CNCCNCCO.Cl,CHEMBL1347631,0.0,CurationNote.canonical,CurationIssue.mixture
CC[N@+]1(C)CCC[C@@H](OC(=O)C(O)(c2ccccc2)c2ccccc2)C1,CHEMBL1393947,1.0,CurationNote.canonical,
COCC(=O)N1CCC2(CC1)CN(c1ccccn1)C2,CHEMBL1399394,0.0,CurationNote.canonical,
N#Cc1ccccc1/C=N/Nc1nc(-c2ccccc2)c2cc(Cl)ccc2n1,CHEMBL1973729,1.0,CurationNote.canonical,
CC(=O)c1ccc(O)c(CN(C2CCCCC2)C2CCCCC2)c1O,CHEMBL1373954,1.0,CurationNote.canonical,
None,,nan,,CurationIssue.rdkit_failed
None,,nan,,CurationIssue.rdkit_failed
None,,nan,,CurationIssue.rdkit_failed
COC(=O)[C@@]1(Cc2ccc(F)cc2)[C@H]2c3cc(C(=O)N(C)C)n(CCO)c3C[C@H]2CN1C(=O)c1ccccc1,CHEMBL1526170,0.0,CurationNote.canonical,
None,,nan,,CurationIssue.rdkit_failed
Cc1ccc(C(c2ccc(C)o2)c2cccc([N+](=O)[O-])c2O)o1,CHEMBL1531779,0.0,CurationNote.canonical,
None,,nan,,CurationIssue.rdkit_failed
COc1ccc(-c2nnn(CC(=O)N(CC(=O)NCCC(C)C)Cc3cccs3)n2)cc1OC,CHEMBL1487092,0.0,CurationNote.canonical,
C=CCN1CC[C@@]2(C)c3cc(O)ccc3C[C@H]1[C@H]2C,CHEMBL101510,1.0,CurationNote.canonical,CurationIssue.duplicate
CN1CCc2c(cc(O)c(O)c2Cl)[C@H](c2cccc(Cl)c2)C1,CHEMBL1476075,0.0,CurationNote.canonical,
CC1CCC(=C(C#N)C(=O)Nc2cccc(Cl)c2)CC1,CHEMBL1424256,0.0,CurationNote.canonical,
O=C(CSc1nnc(CNc2ccc(F)cc2)o1)N1c2ccccc2Sc2ccccc21,CHEMBL1517085,1.0,CurationNote.canonical,CurationIssue.inorganic
C=CCc1ccccc1OC[C@H](O)CN[C@]1(C)CCC[C@@H](C(C)(C)NC(=O)CBr)C1,CHEMBL1396528,1.0,CurationNote.canonical,
None,SULFAPYRIDINE,nan,,CurationIssue.rdkit_failed
None,,nan,,CurationIssue.rdkit_failed
None,DIPYRIDAMOLE,nan,,CurationIssue.rdkit_failed
None,,nan,,CurationIssue.rdkit_failed
None,,nan,,CurationIssue.rdkit_failed
None,,nan,,CurationIssue.rdkit_failed
None,,nan,,CurationIssue.rdkit_failed
None,,nan,,CurationIssue.rdkit_failed
None,,nan,,CurationIssue.rdkit_failed
None,,nan,,CurationIssue.rdkit_failed
None,,nan,,CurationIssue.rdkit_failed
None,,nan,,CurationIssue.rdkit_failed
None,,nan,,CurationIssue.rdkit_failed
None,,nan,,CurationIssue.rdkit_failed
None,,nan,,CurationIssue.rdkit_failed
None,,nan,,CurationIssue.rdkit_failed
None,,nan,,CurationIssue.rdkit_failed
None,,nan,,CurationIssue.rdkit_failed
None,,nan,,CurationIssue.rdkit_failed
None,,nan,,CurationIssue.rdkit_failed
None,,nan,,CurationIssue.rdkit_failed
None,,nan,,CurationIssue.rdkit_failed
None,,nan,,CurationIssue.rdkit_failed
None,,nan,,CurationIssue.rdkit_failed
None,,nan,,CurationIssue.rdkit_failed
None,PROBENECID,nan,,CurationIssue.rdkit_failed
CCCc1n[nH]c2c1C(c1ccncc1)C(C#N)=C(N)O2,CHEMBL1352082,0.0,CurationNote.canonical,
CCCn1c(/C=C/c2ccccc2)nc2ccccc21,CHEMBL1376258,1.0,CurationNote.canonical,
O=C(c1cccc(F)c1)N1CCC2(CC1)CCN(c1ncccn1)CC2,CHEMBL1516249,0.0,CurationNote.canonical,
CC1(C)Oc2ccc(C#N)cc2[C@H](N2CCCC2=O)[C@H]1O,CHEMBL11684,1.0,CurationNote.canonical,
CCc1cc2c(NCc3ccco3)ncnc2s1.Cl,CHEMBL1501400,0.0,CurationNote.canonical,CurationIssue.mixture
COc1cc2c(cc1OC)[C@H](c1ccccc1)CN(C)CC2,CHEMBL1514768,0.0,CurationNote.canonical,
COc1cccc(-c2cncnc2NCCN2CCOCC2)c1,CHEMBL1321846,1.0,CurationNote.canonical,
CCN(CC)CCOCCOC(=O)C1(c2ccccc2)CCCC1,CHEMBL73234,1.0,CurationNote.canonical,
None,,nan,,CurationIssue.rdkit_failed
None,,nan,,CurationIssue.rdkit_failed
CC(=O)Nc1ccc(OCC(O)Cn2c3ccccc3c3ccccc32)c(C)c1,CHEMBL1404209,0.0,CurationNote.canonical,
O=C(CN1CCN(Cc2ccccc2)CC1)c1ccc(Br)cc1,CHEMBL1543808,1.0,CurationNote.canonical,
COC(=O)N1CCC2(CCN(C(=O)Nc3cccc(F)c3)CC2)CC1,CHEMBL1593432,1.0,CurationNote.canonical,
O=c1cnc2cnc(Oc3cccc(Cl)c3)nc2n1Cc1ccc(F)cc1,CHEMBL1567251,0.0,CurationNote.canonical,
Cc1ccc(/C=N/n2c(S)nnc2-c2cccs2)cc1,CHEMBL3196654,1.0,CurationNote.canonical,
O=C(COC(=O)c1ccccc1Nc1cccc(C(F)(F)F)c1)NCc1ccco1,CHEMBL1493910,1.0,CurationNote.canonical,
COCOc1ccc(Br)cc1C(=O)[C@H]1O[C@H]1c1cccc(OC)c1,CHEMBL1559163,1.0,CurationNote.canonical,
CCc1ccc(OCCCC(=O)Nc2ccc(N3CCCCC3)cc2)cc1,CHEMBL1420699,1.0,CurationNote.canonical,
None,,nan,,CurationIssue.rdkit_failed
Br.N=C(N)SCc1nc2ccccc2c(=O)n1-c1ccccc1Cl,CHEMBL1423533,1.0,CurationNote.canonical,CurationIssue.mixture
CN1CCC[C@@H]1CCO[C@](C)(c1ccccc1)c1ccc(Cl)cc1,CHEMBL1626,1.0,CurationNote.canonical,CurationIssue.duplicate
C[C@@H]1Cc2cc3c(cc2C(c2ccc(N)cc2)=NN1)OCO3,CHEMBL1324434,0.0,CurationNote.canonical,
C=CCN1CCN(c2nc3ccccc3nc2C#N)CC1,CHEMBL90769,1.0,CurationNote.canonical,
COc1ccccc1N=C(S)NCCc1ccccc1,CHEMBL1421262,1.0,CurationNote.canonical,
COc1cccc(Cn2c(=O)c(-c3ccccc3)nc3cncnc32)c1,CHEMBL1558526,1.0,CurationNote.canonical,
COc1cc(N)c(Cl)cc1C(=O)N[C@H]1CCN(CCCOc2ccc(F)cc2)C[C@@H]1OC,CHEMBL1358628,1.0,CurationNote.canonical,
None,,nan,,CurationIssue.rdkit_failed
None,,nan,,CurationIssue.rdkit_failed
None,,nan,,CurationIssue.rdkit_failed
None,,nan,,CurationIssue.rdkit_failed
None,,nan,,CurationIssue.rdkit_failed
None,,nan,,CurationIssue.rdkit_failed
None,,nan,,CurationIssue.rdkit_failed
None,,nan,,CurationIssue.rdkit_failed
None,,nan,,CurationIssue.rdkit_failed
None,,nan,,CurationIssue.rdkit_failed
None,,nan,,CurationIssue.rdkit_failed
None,,nan,,CurationIssue.rdkit_failed
None,,nan,,CurationIssue.rdkit_failed
None,,nan,,CurationIssue.rdkit_failed
None,,nan,,CurationIssue.rdkit_failed
None,,nan,,CurationIssue.rdkit_failed
None,SERINE,nan,,CurationIssue.rdkit_failed
None,,nan,,CurationIssue.rdkit_failed
None,,nan,,CurationIssue.rdkit_failed
None,,nan,,CurationIssue.rdkit_failed
None,,nan,,CurationIssue.rdkit_failed
None,FENOFIBRATE,nan,,CurationIssue.rdkit_failed
None,,nan,,CurationIssue.rdkit_failed
None,,nan,,CurationIssue.rdkit_failed
None,,nan,,CurationIssue.rdkit_failed
None,,nan,,CurationIssue.rdkit_failed
None,,nan,,CurationIssue.rdkit_failed
None,,nan,,CurationIssue.rdkit_failed
CCSc1nnc(C(N)Cc2ccccc2)o1.Cl,CHEMBL1376958,0.0,CurationNote.canonical,CurationIssue.mixture
CN(C(=O)Cc1ccc(Cl)c(Cl)c1)[C@H]1CCCC[C@@H]1N1CCCC1,CHEMBL58033,1.0,CurationNote.canonical,CurationIssue.duplicate
COc1ccc(C(C(=O)NC2CCCCC2)N2CCC3(CC2)OCCO3)cc1,CHEMBL1340207,1.0,CurationNote.canonical,
O=C1[C@H]2CC[C@H]3/C(=N\OCc4ccccc4)C[C@@H](O)[C@@H](O)[C@@H]3[C@@H]2C(=O)N1Cc1ccc2c(c1)OCO2,CHEMBL1516468,1.0,CurationNote.canonical,
None,,nan,,CurationIssue.rdkit_failed
None,,nan,,CurationIssue.rdkit_failed
O=C(Oc1ccccc1)N1CCC2(CCN(Cc3ccccc3)CC2)CC1,CHEMBL1534951,0.0,CurationNote.canonical,
COc1ccc(CCNc2c([N+](=O)[O-])nn(-c3ccccc3)[n+]2[O-])cc1OC,CHEMBL1340002,0.0,CurationNote.canonical,
CCCCC1CCC(c2nc(-c3ccccn3)no2)CC1,CHEMBL1522803,0.0,CurationNote.canonical,
None,,nan,,CurationIssue.rdkit_failed
None,,nan,,CurationIssue.rdkit_failed
None,TRIAMTERENE,nan,,CurationIssue.rdkit_failed
None,,nan,,CurationIssue.rdkit_failed
None,,nan,,CurationIssue.rdkit_failed
None,,nan,,CurationIssue.rdkit_failed
None,,nan,,CurationIssue.rdkit_failed
None,DEXTROTHYROXINE,nan,,CurationIssue.rdkit_failed
None,,nan,,CurationIssue.rdkit_failed
None,,nan,,CurationIssue.rdkit_failed
None,,nan,,CurationIssue.rdkit_failed
None,,nan,,CurationIssue.rdkit_failed
None,,nan,,CurationIssue.rdkit_failed
COc1ccc(O[C@H]2C=C[C@@H](c3ccccc3)O[C@@H]2CO/N=C(\C)CCN2CCCc3nc(C)c(C)cc32)cc1,CHEMBL1594054,1.0,CurationNote.canonical,
CN(Cc1ccco1)c1nc(-c2cccc(C#N)c2)nc2ccccc12,CHEMBL1609324,0.0,CurationNote.canonical,
CNCC[C@H](Oc1ccc(C(F)(F)F)cc1)c1ccccc1,CHEMBL1169388,1.0,CurationNote.canonical,CurationIssue.duplicate
None,,nan,,CurationIssue.rdkit_failed
None,,nan,,CurationIssue.rdkit_failed
None,,nan,,CurationIssue.rdkit_failed
None,,nan,,CurationIssue.rdkit_failed
None,,nan,,CurationIssue.rdkit_failed
None,,nan,,CurationIssue.rdkit_failed
O=C1NCN(c2ccccc2)C12CCN(CCCC(c1ccc(F)cc1)c1ccc(F)cc1)CC2,CHEMBL46516,1.0,CurationNote.canonical,
NCCSc1nc2ccccc2s1,CHEMBL1402049,1.0,CurationNote.canonical,CurationIssue.inorganic
COc1ccc([C@@H](C)c2cc3c(cc2O)OCO3)cc1,CHEMBL1322414,1.0,CurationNote.canonical,
CCOC(=O)C1=C[C@@]2(CC)CCCN3CCc4c(n1c1ccccc41)[C@H]32,CHEMBL1360725,1.0,CurationNote.canonical,
CC(C)N(CCC(=O)c1ccc2ccccc2c1)Cc1ccccc1,CHEMBL596674,1.0,CurationNote.canonical,
COc1ccccc1-c1cc(C(=O)Nc2cc(C)n(Cc3ccc(Cl)cc3)n2)no1,CHEMBL1482510,1.0,CurationNote.canonical,
Cc1cc([C@](C)(N)C(=O)O)ccc1P(=O)(O)O,CHEMBL1593775,0.0,CurationNote.canonical,
C=CCn1c(C)c(C(C)=O)c(N2CCN(c3ccccc3)CC2)nc1=S,CHEMBL1414317,0.0,CurationNote.canonical,
None,,nan,,CurationIssue.rdkit_failed
None,,nan,,CurationIssue.rdkit_failed
None,PENTETIC ACID,nan,,CurationIssue.rdkit_failed
None,,nan,,CurationIssue.rdkit_failed
None,,nan,,CurationIssue.rdkit_failed
COCCNc1nc(-c2ccccc2CN(C)C)nc2ccccc12,CHEMBL1317626,0.0,CurationNote.canonical,
None,,nan,,CurationIssue.rdkit_failed
None,,nan,,CurationIssue.rdkit_failed
None,,nan,,CurationIssue.rdkit_failed
None,,nan,,CurationIssue.rdkit_failed
None,,nan,,CurationIssue.rdkit_failed
None,,nan,,CurationIssue.rdkit_failed
None,,nan,,CurationIssue.rdkit_failed
None,,nan,,CurationIssue.rdkit_failed
None,,nan,,CurationIssue.rdkit_failed
None,,nan,,CurationIssue.rdkit_failed
None,,nan,,CurationIssue.rdkit_failed
None,,nan,,CurationIssue.rdkit_failed
None,,nan,,CurationIssue.rdkit_failed
None,,nan,,CurationIssue.rdkit_failed
None,,nan,,CurationIssue.rdkit_failed
None,,nan,,CurationIssue.rdkit_failed
None,,nan,,CurationIssue.rdkit_failed
None,,nan,,CurationIssue.rdkit_failed
None,,nan,,CurationIssue.rdkit_failed
None,,nan,,CurationIssue.rdkit_failed
None,,nan,,CurationIssue.rdkit_failed
None,,nan,,CurationIssue.rdkit_failed
None,,nan,,CurationIssue.rdkit_failed
None,,nan,,CurationIssue.rdkit_failed
None,,nan,,CurationIssue.rdkit_failed
None,,nan,,CurationIssue.rdkit_failed
None,,nan,,CurationIssue.rdkit_failed
None,,nan,,CurationIssue.rdkit_failed
None,,nan,,CurationIssue.rdkit_failed
None,,nan,,CurationIssue.rdkit_failed
None,,nan,,CurationIssue.rdkit_failed
None,,nan,,CurationIssue.rdkit_failed
O=C(CSc1nnc(-c2cccs2)n1-c1ccccc1)N1CCCC1,CHEMBL1458583,1.0,CurationNote.canonical,CurationIssue.inorganic
O=C(c1cc(C(F)(F)F)cc(C(F)(F)F)c1)N1CCC2(CCCN(c3ccncc3)C2)CC1,CHEMBL1519225,0.0,CurationNote.canonical,
O=C1C(=O)N(Cc2ccc(Cl)c(Cl)c2)c2ccccc21,CHEMBL375126,1.0,CurationNote.canonical,
COc1cc2c(cc1OC)/C(=C/C(=O)N1CCOCC1)NC(C)(C)C2.Cl,CHEMBL1444632,1.0,CurationNote.canonical,CurationIssue.mixture
Cc1[nH]c2ccccc2c1CCNC(=O)c1ccc2c(c1[N+](=O)[O-])C(=O)c1ccccc1C2=O,CHEMBL1313043,1.0,CurationNote.canonical,
O=C(NCCCN1CCc2ccccc2C1)Nc1ccc(Cl)cc1,CHEMBL1559187,1.0,CurationNote.canonical,
CC(=O)Nc1ccc2[nH]c(C3CCCCC3)nc2c1,CHEMBL1733680,0.0,CurationNote.canonical,
CN(C)CCCN1c2ccccc2C(C)(C)c2ccccc21,CHEMBL1328913,1.0,CurationNote.canonical,
Cc1cc(C)c2cc(CN(Cc3nnnn3Cc3ccc(F)cc3)C3CCCC3)c(O)nc2c1,CHEMBL1605237,0.0,CurationNote.canonical,
None,,nan,,CurationIssue.rdkit_failed
None,,nan,,CurationIssue.rdkit_failed
None,,nan,,CurationIssue.rdkit_failed
None,,nan,,CurationIssue.rdkit_failed
None,,nan,,CurationIssue.rdkit_failed
None,,nan,,CurationIssue.rdkit_failed
None,,nan,,CurationIssue.rdkit_failed
None,,nan,,CurationIssue.rdkit_failed
None,,nan,,CurationIssue.rdkit_failed
None,,nan,,CurationIssue.rdkit_failed
None,,nan,,CurationIssue.rdkit_failed
CC[n+]1c(/C=C/C=C/N(C(C)=O)c2ccccc2)sc2ccccc21.[I-],CHEMBL1351426,1.0,CurationNote.canonical,CurationIssue.mixture
CC(C)CN1CCCC2(CCN(C(=O)c3csnn3)CC2)C1,CHEMBL1355292,1.0,CurationNote.canonical,
COc1cccc(C(=O)Nc2cc(C(F)(F)F)ccc2Cl)c1,CHEMBL1733013,0.0,CurationNote.canonical,
COC(=O)[C@@]1(Cc2ccccc2)[C@H]2c3cc(C(=O)N4CCCC4)n(Cc4ccc(O)c(OC)c4)c3C[C@H]2CN1C(=O)c1ccccc1,CHEMBL1532597,0.0,CurationNote.canonical,
Cc1ccccc1[C@@H](OCCN(C)C)c1ccccc1,CHEMBL1354398,1.0,CurationNote.canonical,
CCN(CC)CCCCCCCCOC(=O)c1cc(OC)c(OC)c(OC)c1,CHEMBL258764,0.0,CurationNote.canonical,
None,,nan,,CurationIssue.rdkit_failed
Nc1nc(Cl)cc(N2CCOCC2)n1,CHEMBL1384628,0.0,CurationNote.canonical,
CCCC/C=C/C(NC(=O)C(C)(C)C)c1ccccc1,CHEMBL1369062,0.0,CurationNote.canonical,
CN(C)Cc1ccccc1-c1nc(N(C)Cc2ccco2)c2ccccc2n1,CHEMBL1589856,1.0,CurationNote.canonical,
None,,nan,,CurationIssue.rdkit_failed
None,,nan,,CurationIssue.rdkit_failed
None,,nan,,CurationIssue.rdkit_failed
None,,nan,,CurationIssue.rdkit_failed
None,,nan,,CurationIssue.rdkit_failed
None,,nan,,CurationIssue.rdkit_failed
None,,nan,,CurationIssue.rdkit_failed
None,,nan,,CurationIssue.rdkit_failed
None,,nan,,CurationIssue.rdkit_failed
None,,nan,,CurationIssue.rdkit_failed
None,,nan,,CurationIssue.rdkit_failed
None,,nan,,CurationIssue.rdkit_failed
None,,nan,,CurationIssue.rdkit_failed
O=C1OCCN1/N=C\c1ccc([N+](=O)[O-])o1,CHEMBL1572167,0.0,CurationNote.canonical,
None,,nan,,CurationIssue.rdkit_failed
None,,nan,,CurationIssue.rdkit_failed
None,,nan,,CurationIssue.rdkit_failed
None,,nan,,CurationIssue.rdkit_failed
None,,nan,,CurationIssue.rdkit_failed
None,,nan,,CurationIssue.rdkit_failed
None,,nan,,CurationIssue.rdkit_failed
None,,nan,,CurationIssue.rdkit_failed
None,,nan,,CurationIssue.rdkit_failed
None,,nan,,CurationIssue.rdkit_failed
None,,nan,,CurationIssue.rdkit_failed
None,,nan,,CurationIssue.rdkit_failed
None,,nan,,CurationIssue.rdkit_failed
None,,nan,,CurationIssue.rdkit_failed
None,,nan,,CurationIssue.rdkit_failed
None,,nan,,CurationIssue.rdkit_failed
COc1cc(-c2nnc(SCC3(c4ccc(Br)cc4)OCCO3)o2)cc(OC)c1OC,CHEMBL1425640,0.0,CurationNote.canonical,
Cc1ccc(NC(=O)CCc2ccc(S(=O)(=O)NC3CCCCC3)cc2)cc1,CHEMBL1384971,0.0,CurationNote.canonical,
CCCN(CCC)[C@H]1CCc2c(F)ccc(O)c2C1,CHEMBL22778,1.0,CurationNote.canonical,CurationIssue.duplicate
Cc1ccc(Cn2nnc3c(O)nc(C4CCN(C(=O)Cc5cccs5)CC4)nc32)cc1,CHEMBL1565409,0.0,CurationNote.canonical,
COc1ccccc1CN1CC[C@@]2(CCCN(C(=O)c3cccn3C)C2)C1,CHEMBL1572683,1.0,CurationNote.canonical,
C/C(=N\OC(=O)c1ccccc1F)c1nccs1,CHEMBL1093717,0.0,CurationNote.canonical,
N/C(=N\C(=O)c1nc(Cl)c(N)nc1N)NCc1ccc(Cl)c(Cl)c1,CHEMBL587714,0.0,CurationNote.canonical,
CC(C)(C)c1onc(O)c1C[C@H](N)C(=O)O,CHEMBL27130,1.0,CurationNote.canonical,
None,,nan,,CurationIssue.rdkit_failed
None,,nan,,CurationIssue.rdkit_failed
None,,nan,,CurationIssue.rdkit_failed
None,MINOXIDIL,nan,,CurationIssue.rdkit_failed
None,,nan,,CurationIssue.rdkit_failed
None,,nan,,CurationIssue.rdkit_failed
None,,nan,,CurationIssue.rdkit_failed
None,,nan,,CurationIssue.rdkit_failed
None,,nan,,CurationIssue.rdkit_failed
None,,nan,,CurationIssue.rdkit_failed
None,,nan,,CurationIssue.rdkit_failed
O[C@@](CCN1CCCCC1)(c1ccccc1)[C@@H]1C[C@H]2C=C[C@@H]1C2,CHEMBL1407769,1.0,CurationNote.canonical,
c1ccc(CN2CC[C@@]3(CCCNC3)C2)cc1,CHEMBL1355831,0.0,CurationNote.canonical,
None,,nan,,CurationIssue.rdkit_failed
None,,nan,,CurationIssue.rdkit_failed
None,,nan,,CurationIssue.rdkit_failed
None,,nan,,CurationIssue.rdkit_failed
None,,nan,,CurationIssue.rdkit_failed
None,,nan,,CurationIssue.rdkit_failed
None,,nan,,CurationIssue.rdkit_failed
None,,nan,,CurationIssue.rdkit_failed
CCc1ccc(N(C(=O)c2ccoc2C)C(C(=O)NC2CCCC2)c2ccc(OC)cc2)cc1,CHEMBL1393997,0.0,CurationNote.canonical,
COc1ccc(/C=N/NC(=O)c2cc[nH]n2)cc1COc1ccc(Cl)cc1,CHEMBL1988621,0.0,CurationNote.canonical,
None,,nan,,CurationIssue.rdkit_failed
COc1ccccc1NC(=O)COC(=O)c1ccc(S(=O)(=O)NCc2ccco2)cc1,CHEMBL1568588,0.0,CurationNote.canonical,
None,,nan,,CurationIssue.rdkit_failed
None,,nan,,CurationIssue.rdkit_failed
None,,nan,,CurationIssue.rdkit_failed
None,,nan,,CurationIssue.rdkit_failed
None,,nan,,CurationIssue.rdkit_failed
None,,nan,,CurationIssue.rdkit_failed
None,,nan,,CurationIssue.rdkit_failed
None,,nan,,CurationIssue.rdkit_failed
None,,nan,,CurationIssue.rdkit_failed
O=C1c2ccccc2S(=O)(=O)N1CCCCN1CCN(c2ncccn2)CC1,CHEMBL8412,0.0,CurationNote.canonical,
CCN(CC)S(=O)(=O)c1ccc2c(c1)nc(CCC(=O)Nc1cccc(C(F)(F)F)c1)n2CC,CHEMBL1374931,1.0,CurationNote.canonical,
Cc1ccc(-c2ccc(=O)n(CC(=O)NCc3ccco3)n2)cc1,CHEMBL1599203,0.0,CurationNote.canonical,
None,,nan,,CurationIssue.rdkit_failed
None,,nan,,CurationIssue.rdkit_failed
None,,nan,,CurationIssue.rdkit_failed
None,,nan,,CurationIssue.rdkit_failed
None,,nan,,CurationIssue.rdkit_failed
COc1cccc(Cn2c(=O)cnc3cnc(Oc4cccc(Cl)c4)nc32)c1,CHEMBL1395899,0.0,CurationNote.canonical,
O=C(Nc1nc2ccccc2n1CCN1CCCCC1)C1CCCCC1,CHEMBL1561910,1.0,CurationNote.canonical,
CCOC(=O)c1oc2ccccc2c1NC(=O)c1ccc2c(c1)OCO2,CHEMBL1585534,1.0,CurationNote.canonical,
Cc1cc(Br)ccc1NC(=O)CCSc1ccccc1,CHEMBL1394031,1.0,CurationNote.canonical,CurationIssue.inorganic
Cc1onc(-c2ccccc2)c1C(=O)NCCc1c[nH]c2ccccc12,CHEMBL1741578,0.0,CurationNote.canonical,
Clc1cccc(Cl)c1CSc1nnc(/C=C/c2ccccc2)o1,CHEMBL1544494,0.0,CurationNote.canonical,CurationIssue.inorganic
O=c1cnc2cnc(Oc3cccc(Cl)c3)nc2n1CCc1ccccc1,CHEMBL1417025,0.0,CurationNote.canonical,
O=C(CCCN1CCN(c2ccccn2)CC1)c1ccc(F)cc1,CHEMBL340211,1.0,CurationNote.canonical,
COc1ccc(-n2c(=O)c(-c3ccccc3)nc3cncnc32)cc1,CHEMBL1554826,0.0,CurationNote.canonical,
CSc1ccc(NC(=O)NCCN2CCc3ccccc3C2)cc1,CHEMBL1478703,1.0,CurationNote.canonical,CurationIssue.inorganic
Cc1cccc(NC(=O)CSc2nnc(-c3ccco3)c(-c3ccco3)n2)c1C,CHEMBL1546136,0.0,CurationNote.canonical,CurationIssue.inorganic
CC(=O)/N=c1\sccn1CC(=O)c1ccc([N+](=O)[O-])cc1,CHEMBL1985310,0.0,CurationNote.canonical,
COc1cc(OC)c2nc(C)c3c(c2c1)N(c1ccc(O)cc1)CC3,CHEMBL1468264,1.0,CurationNote.canonical,
CN(CCCNC(=O)C1CCN(S(=O)(=O)c2cccc3nsnc23)CC1)Cc1ccccc1,CHEMBL1330483,1.0,CurationNote.canonical,
None,,nan,,CurationIssue.rdkit_failed
None,,nan,,CurationIssue.rdkit_failed
None,,nan,,CurationIssue.rdkit_failed
None,,nan,,CurationIssue.rdkit_failed
None,,nan,,CurationIssue.rdkit_failed
None,,nan,,CurationIssue.rdkit_failed
None,,nan,,CurationIssue.rdkit_failed
None,,nan,,CurationIssue.rdkit_failed
None,,nan,,CurationIssue.rdkit_failed
None,,nan,,CurationIssue.rdkit_failed
None,,nan,,CurationIssue.rdkit_failed
None,ACETAMINOPHEN,nan,,CurationIssue.rdkit_failed
None,,nan,,CurationIssue.rdkit_failed
None,,nan,,CurationIssue.rdkit_failed
None,,nan,,CurationIssue.rdkit_failed
None,,nan,,CurationIssue.rdkit_failed
None,,nan,,CurationIssue.rdkit_failed
None,,nan,,CurationIssue.rdkit_failed
COc1cc(NC(=O)C2CCN(S(=O)(=O)c3cccc4nonc34)CC2)cc(OC)c1,CHEMBL1522579,1.0,CurationNote.canonical,
COC(=O)c1ccc(COc2ccc(/C=C(\C#N)c3nc4ccccc4[nH]3)cc2OC)o1,CHEMBL1422472,1.0,CurationNote.canonical,
C#CCCCC(=S)Nc1ccccc1,CHEMBL1566670,0.0,CurationNote.canonical,
None,,nan,,CurationIssue.rdkit_failed
None,,nan,,CurationIssue.rdkit_failed
None,,nan,,CurationIssue.rdkit_failed
None,,nan,,CurationIssue.rdkit_failed
None,,nan,,CurationIssue.rdkit_failed
None,,nan,,CurationIssue.rdkit_failed
None,,nan,,CurationIssue.rdkit_failed
None,,nan,,CurationIssue.rdkit_failed
None,,nan,,CurationIssue.rdkit_failed
NC1=C(c2nc(-c3ccc(F)cc3)cs2)C(=O)CN1CCCN1CCOCC1,CHEMBL1351101,0.0,CurationNote.canonical,
None,,nan,,CurationIssue.rdkit_failed
None,,nan,,CurationIssue.rdkit_failed
COc1cc(/C=C(/C#N)c2nc3ccccc3[nH]2)ccc1Oc1ncccc1[N+](=O)[O-],CHEMBL1385652,1.0,CurationNote.canonical,
Cc1cc([N+](=O)[O-])ccc1NCc1ccccc1,CHEMBL1483550,0.0,CurationNote.canonical,
CCc1noc(N)c1C(=O)Nc1ccc(F)c(Cl)c1,CHEMBL1393667,0.0,CurationNote.canonical,
CS(=O)(=O)O.N=C(NC(=O)c1nc(Cl)c(N)nc1N)Nc1ccccc1,CHEMBL1256775,0.0,CurationNote.canonical,CurationIssue.mixture
None,,nan,,CurationIssue.rdkit_failed
None,,nan,,CurationIssue.rdkit_failed
None,DIPLOSALSALATE,nan,,CurationIssue.rdkit_failed
None,CLOFIBRATE,nan,,CurationIssue.rdkit_failed
None,NILUTAMIDE,nan,,CurationIssue.rdkit_failed
None,,nan,,CurationIssue.rdkit_failed
None,,nan,,CurationIssue.rdkit_failed
None,,nan,,CurationIssue.rdkit_failed
None,,nan,,CurationIssue.rdkit_failed
None,,nan,,CurationIssue.rdkit_failed
None,,nan,,CurationIssue.rdkit_failed
None,,nan,,CurationIssue.rdkit_failed
None,,nan,,CurationIssue.rdkit_failed
None,DEXIBUPROFEN,nan,,CurationIssue.rdkit_failed
None,,nan,,CurationIssue.rdkit_failed
None,,nan,,CurationIssue.rdkit_failed
None,,nan,,CurationIssue.rdkit_failed
None,,nan,,CurationIssue.rdkit_failed
None,,nan,,CurationIssue.rdkit_failed
None,,nan,,CurationIssue.rdkit_failed
None,,nan,,CurationIssue.rdkit_failed
O=c1c(O)c(-c2cc(O)c(O)c(O)c2)oc2cc(O)cc(O)c12,CHEMBL164,0.0,CurationNote.canonical,
Cc1ccccc1CS(=O)(=O)Cc1ccc(C(=O)NCc2cccnc2)o1,CHEMBL1742323,1.0,CurationNote.canonical,
None,,nan,,CurationIssue.rdkit_failed
None,,nan,,CurationIssue.rdkit_failed
None,,nan,,CurationIssue.rdkit_failed
None,,nan,,CurationIssue.rdkit_failed
None,,nan,,CurationIssue.rdkit_failed
None,,nan,,CurationIssue.rdkit_failed
None,,nan,,CurationIssue.rdkit_failed
N#CC(=C(/N)Sc1ccccc1N)/C(C#N)=C(/N)Sc1ccccc1N,CHEMBL100473,0.0,CurationNote.canonical,CurationIssue.inorganic
O=C(COc1ccc([N+](=O)[O-])cc1)Nc1ccc(C(=O)NCc2cccnc2)cc1,CHEMBL1386058,1.0,CurationNote.canonical,
CCOc1ccc(-n2c(SCC(=O)Nc3ccc4c(c3)OCCO4)nc3c(c2=O)SCC3)cc1,CHEMBL1711464,1.0,CurationNote.canonical,
O=C(c1cc(C(F)(F)F)cc(C(F)(F)F)c1)N1CCC[C@@]2(CCN(Cc3ccccc3)C2)C1,CHEMBL1317998,1.0,CurationNote.canonical,
CNc1ncncc1-c1ccccc1C,CHEMBL1476051,0.0,CurationNote.canonical,
CNCCCN1c2ccccc2CCc2ccccc21,CHEMBL72,1.0,CurationNote.canonical,
CCNc1ncc2nc(CCc3ccccc3)c(=O)n(-c3ccc(OC)cc3)c2n1,CHEMBL1593663,1.0,CurationNote.canonical,
None,,nan,,CurationIssue.rdkit_failed
None,,nan,,CurationIssue.rdkit_failed
None,,nan,,CurationIssue.rdkit_failed
None,,nan,,CurationIssue.rdkit_failed
None,,nan,,CurationIssue.rdkit_failed
None,,nan,,CurationIssue.rdkit_failed
None,,nan,,CurationIssue.rdkit_failed
None,,nan,,CurationIssue.rdkit_failed
None,,nan,,CurationIssue.rdkit_failed
None,ISOXANTHOPTERIN,nan,,CurationIssue.rdkit_failed
None,,nan,,CurationIssue.rdkit_failed
None,,nan,,CurationIssue.rdkit_failed
None,,nan,,CurationIssue.rdkit_failed
None,,nan,,CurationIssue.rdkit_failed
None,,nan,,CurationIssue.rdkit_failed
None,,nan,,CurationIssue.rdkit_failed
None,,nan,,CurationIssue.rdkit_failed
None,,nan,,CurationIssue.rdkit_failed
None,FUSARIC ACID,nan,,CurationIssue.rdkit_failed
None,,nan,,CurationIssue.rdkit_failed
None,,nan,,CurationIssue.rdkit_failed
None,,nan,,CurationIssue.rdkit_failed
None,,nan,,CurationIssue.rdkit_failed
None,,nan,,CurationIssue.rdkit_failed
None,,nan,,CurationIssue.rdkit_failed
None,,nan,,CurationIssue.rdkit_failed
None,,nan,,CurationIssue.rdkit_failed
None,,nan,,CurationIssue.rdkit_failed
None,,nan,,CurationIssue.rdkit_failed
None,,nan,,CurationIssue.rdkit_failed
None,,nan,,CurationIssue.rdkit_failed
None,,nan,,CurationIssue.rdkit_failed
None,,nan,,CurationIssue.rdkit_failed
None,,nan,,CurationIssue.rdkit_failed
None,,nan,,CurationIssue.rdkit_failed
None,,nan,,CurationIssue.rdkit_failed
None,,nan,,CurationIssue.rdkit_failed
None,,nan,,CurationIssue.rdkit_failed
None,,nan,,CurationIssue.rdkit_failed
C[N+](C)(C)CC#CCN1CCCC1=O,CHEMBL44674,1.0,CurationNote.canonical,
Cc1ccc2[nH]c(C3CCCN(C(S)=Nc4ccccc4C)C3)nc2c1,CHEMBL1487013,1.0,CurationNote.canonical,
CN1CCN(c2nc(-c3ccccc3)cc(C(F)(F)F)n2)CC1,CHEMBL1496344,0.0,CurationNote.canonical,
None,,nan,,CurationIssue.rdkit_failed
None,,nan,,CurationIssue.rdkit_failed
None,,nan,,CurationIssue.rdkit_failed
None,,nan,,CurationIssue.rdkit_failed
None,TICARCILLIN DISODIUM,nan,,CurationIssue.rdkit_failed
None,,nan,,CurationIssue.rdkit_failed
None,,nan,,CurationIssue.rdkit_failed
None,,nan,,CurationIssue.rdkit_failed
None,,nan,,CurationIssue.rdkit_failed
None,,nan,,CurationIssue.rdkit_failed
None,(S)-AMPA,nan,,CurationIssue.rdkit_failed
None,,nan,,CurationIssue.rdkit_failed
CCCCCn1c(=O)c(C(=O)c2ccccc2)nc2ccccc21,CHEMBL1538481,0.0,CurationNote.canonical,
CC(C)c1ccccc1-n1c(SCC(=O)N2CCN(c3ccccc3)CC2)nnc1-c1cccnc1,CHEMBL1545055,0.0,CurationNote.canonical,
None,,nan,,CurationIssue.rdkit_failed
None,,nan,,CurationIssue.rdkit_failed
None,,nan,,CurationIssue.rdkit_failed
None,,nan,,CurationIssue.rdkit_failed
None,,nan,,CurationIssue.rdkit_failed
None,,nan,,CurationIssue.rdkit_failed
None,,nan,,CurationIssue.rdkit_failed
None,,nan,,CurationIssue.rdkit_failed
None,,nan,,CurationIssue.rdkit_failed
OCCN(Cc1ccccc1)Cc1cccc(Cl)c1Cl,CHEMBL1414240,1.0,CurationNote.canonical,
O=c1[nH]c2ccccc2n1C1CCN(CCCC(c2ccc(F)cc2)c2ccc(F)cc2)CC1,CHEMBL1423,1.0,CurationNote.canonical,
C[C@@]12C=CC(=O)C=C1CC[C@@H]1C2=CC[C@@]2(C)[C@H](C(=O)CN3CCN(c4cc(N5CCCC5)nc(N5CCCC5)n4)CC3)CC[C@H]12,CHEMBL1448859,0.0,CurationNote.canonical,
Cc1cc(-c2ccc(/C=N/n3cnnc3)o2)c([N+](=O)[O-])cc1C,CHEMBL3190938,0.0,CurationNote.canonical,
C=CCN1CC[C@@]2(C)c3cc(O)ccc3C[C@H]1[C@H]2C,CHEMBL101510,0.0,CurationNote.canonical,
N#Cc1ccc(CN2CC[C@@]3(CCCN(C(=O)c4ccncc4)C3)C2)cc1,CHEMBL1495875,0.0,CurationNote.canonical,
None,,nan,,CurationIssue.rdkit_failed
None,,nan,,CurationIssue.rdkit_failed
N#Cc1cccc(-c2cc(NCc3cccs3)ncn2)c1,CHEMBL1555396,0.0,CurationNote.canonical,
Cc1ccc(C(=O)NN2CCOCC2)cc1,CHEMBL1742372,1.0,CurationNote.canonical,
Cc1c(Cl)c(S(N)(=O)=O)cc2c1N=CN=S2(=O)O,CHEMBL1332803,1.0,CurationNote.canonical,
FC(F)(F)c1ccccc1-c1nc(NCCN2CCOCC2)c2ccccc2n1,CHEMBL1320565,0.0,CurationNote.canonical,
O=C(CSc1nnc(-c2ccc(Cl)cc2Cl)n1C1CCCCC1)NC1CCS(=O)(=O)C1,CHEMBL1306278,0.0,CurationNote.canonical,CurationIssue.inorganic
COC(=O)c1ccc(N2CCN(CC(=O)c3ccc(-c4ccccc4)cc3)CC2)c([N+](=O)[O-])c1,CHEMBL1532736,0.0,CurationNote.canonical,
None,,nan,,CurationIssue.rdkit_failed
None,,nan,,CurationIssue.rdkit_failed
None,,nan,,CurationIssue.rdkit_failed
Cc1c(Br)c([N+](=O)[O-])nn1C(C)C(=O)Nc1ccc2c(c1)OCO2,CHEMBL1342562,0.0,CurationNote.canonical,
COC(=O)C1CC1C(NC(=O)[C@H]1CCCCN1)c1ccccc1,CHEMBL1411519,0.0,CurationNote.canonical,
None,,nan,,CurationIssue.rdkit_failed
None,,nan,,CurationIssue.rdkit_failed
None,,nan,,CurationIssue.rdkit_failed
None,,nan,,CurationIssue.rdkit_failed
None,ESATENOLOL,nan,,CurationIssue.rdkit_failed
None,,nan,,CurationIssue.rdkit_failed
None,,nan,,CurationIssue.rdkit_failed
None,,nan,,CurationIssue.rdkit_failed
None,,nan,,CurationIssue.rdkit_failed
None,,nan,,CurationIssue.rdkit_failed
None,,nan,,CurationIssue.rdkit_failed
None,,nan,,CurationIssue.rdkit_failed
None,,nan,,CurationIssue.rdkit_failed
None,,nan,,CurationIssue.rdkit_failed
None,,nan,,CurationIssue.rdkit_failed
None,,nan,,CurationIssue.rdkit_failed
None,,nan,,CurationIssue.rdkit_failed
C=CCN1C[C@@H](C)N([C@H](c2ccc(C(=O)N(CC)CC)cc2)c2cccc(OC)c2)C[C@H]1C,CHEMBL1360454,0.0,CurationNote.canonical,
,CHEMBL1358057,0.0,CurationNote.canonical,CurationIssue.duplicate
CCOC(=O)c1[nH]c2ccc(OC)cc2c1NC(=O)c1ccc2c(c1)OCO2,CHEMBL1442060,0.0,CurationNote.canonical,
O=C(CCSc1ccc(Cl)cc1)N1CCCCCC1,CHEMBL1525073,0.0,CurationNote.canonical,CurationIssue.inorganic
None,,nan,,CurationIssue.rdkit_failed
None,,nan,,CurationIssue.rdkit_failed
None,,nan,,CurationIssue.rdkit_failed
None,,nan,,CurationIssue.rdkit_failed
None,,nan,,CurationIssue.rdkit_failed
None,,nan,,CurationIssue.rdkit_failed
None,,nan,,CurationIssue.rdkit_failed
Cc1cc(C)c(S(=O)(=O)NNC(=O)C2CCN(Cc3ccccc3)CC2)c(C)c1,CHEMBL1724517,0.0,CurationNote.canonical,
Cc1ccccc1NC(=O)CSc1nnc(-c2ccccc2)n1-c1ccccc1,CHEMBL1439338,1.0,CurationNote.canonical,CurationIssue.inorganic
C[C@@H]([C@H](O)c1ccc(O)cc1)N1CCC(Cc2ccccc2)CC1,CHEMBL49623,1.0,CurationNote.canonical,
CC#C[C@@]1(O)CC[C@H]2[C@@H]3CCC4=CC(=O)CCC4=C3[C@H](c3ccc(N(C)C)cc3)C[C@]21C,CHEMBL1556464,0.0,CurationNote.canonical,
None,,nan,,CurationIssue.rdkit_failed
None,,nan,,CurationIssue.rdkit_failed
None,,nan,,CurationIssue.rdkit_failed
O=C(CN(C(=O)CSc1nc2ccccc2o1)c1cccc(F)c1)NC1CCCCC1,CHEMBL1336557,0.0,CurationNote.canonical,CurationIssue.inorganic
O=c1ccc2c(OCCCCc3ccccc3)c3ccoc3cc2o1,CHEMBL1256851,1.0,CurationNote.canonical,
COc1ccccc1N1CCN(CCCCNC(=O)c2ccc3ccccc3c2)CC1,CHEMBL25236,1.0,CurationNote.canonical,CurationIssue.duplicate
CCOC(=O)C1=C(O)C(=O)N(Cc2ccccc2)C1,CHEMBL269550,0.0,CurationNote.canonical,
O=C(O)C(O)C(O)C(=O)O.O=C(c1ccc(F)cc1)C1CCN(CCn2c(=O)[nH]c3ccccc3c2=O)CC1,CHEMBL1256709,0.0,CurationNote.canonical,CurationIssue.mixture
Cc1ccc(S(=O)(=O)NNc2ccccc2)cc1,CHEMBL1330954,1.0,CurationNote.canonical,
COc1ccc(C(O)c2nccn2Cc2ccccc2)cc1,CHEMBL1575726,1.0,CurationNote.canonical,
O=[N+]([O-])c1ccc2nc(-c3ccccc3)n(OCc3ccc(Cl)cc3)c2c1,CHEMBL1365033,1.0,CurationNote.canonical,
COc1cc(/N=c2\ssnc2Cl)cc(OC)c1OC,CHEMBL75913,1.0,CurationNote.canonical,
Cc1cccc(CNc2ccnc(-c3ccc(N(C)C)cc3)n2)c1,CHEMBL1516211,1.0,CurationNote.canonical,
COc1ccc2[nH]cc(CCNc3ncncc3-c3ccccc3C)c2c1,CHEMBL1554577,1.0,CurationNote.canonical,
COc1cccc(-c2nc(N(C)C)c3ccccc3n2)c1,CHEMBL1512562,0.0,CurationNote.canonical,
CN(C)c1ccc(-c2nc3n(n2)C(c2cccnc2)C2=C(O)CC(C)(C)CC2=N3)cc1,CHEMBL1439144,0.0,CurationNote.canonical,
O=c1cnc2cncnc2n1Cc1ccccc1Cl,CHEMBL1433783,0.0,CurationNote.canonical,
NCCSCCc1ccccc1,CHEMBL1321511,1.0,CurationNote.canonical,
CCCC(=O)Nc1ccc(C(=O)NNC(=S)NC(=O)c2cccs2)cc1,CHEMBL1505752,0.0,CurationNote.canonical,
CCCS(=O)(=O)N1CCCC(C(=O)NCCCN(Cc2ccccc2)C(C)C)C1,CHEMBL1561615,0.0,CurationNote.canonical,
O=S(=O)(c1ccc(F)cc1)n1ccc(-c2cnc(-c3ccccc3)s2)n1,CHEMBL1597843,0.0,CurationNote.canonical,
CS(=O)(=O)N1CCC2(CCCN(Cc3ccc(C#N)cc3)C2)CC1,CHEMBL1416452,0.0,CurationNote.canonical,
None,,nan,,CurationIssue.rdkit_failed
None,,nan,,CurationIssue.rdkit_failed
None,,nan,,CurationIssue.rdkit_failed
None,,nan,,CurationIssue.rdkit_failed
None,,nan,,CurationIssue.rdkit_failed
None,,nan,,CurationIssue.rdkit_failed
None,,nan,,CurationIssue.rdkit_failed
None,,nan,,CurationIssue.rdkit_failed
None,,nan,,CurationIssue.rdkit_failed
None,,nan,,CurationIssue.rdkit_failed
COc1cc2c(cc1OC)CN(CC(=O)Nc1ccc3c(c1)OCO3)CC2,CHEMBL1308726,1.0,CurationNote.canonical,
O=C(c1csnn1)N1CCC2(CC1)CN(C(c1ccccc1)c1ccccc1)C2,CHEMBL1552314,0.0,CurationNote.canonical,
CN(CCc1ccc(Cl)c(Cl)c1)CCN1CCCC1,CHEMBL20377,1.0,CurationNote.canonical,
CC(C(=O)c1c[nH]c2ccccc12)N1CCSCC1,CHEMBL1586050,1.0,CurationNote.canonical,
O=S(=O)(c1cccc2cnccc12)N1CCCNCC1,CHEMBL38380,1.0,CurationNote.canonical,
None,,nan,,CurationIssue.rdkit_failed
None,,nan,,CurationIssue.rdkit_failed
None,,nan,,CurationIssue.rdkit_failed
c1ccc2nc(CC[C@@H]3CCCCN3)ccc2c1,CHEMBL1371311,1.0,CurationNote.canonical,
None,,nan,,CurationIssue.rdkit_failed
None,,nan,,CurationIssue.rdkit_failed
None,,nan,,CurationIssue.rdkit_failed
None,,nan,,CurationIssue.rdkit_failed
None,,nan,,CurationIssue.rdkit_failed
None,,nan,,CurationIssue.rdkit_failed
None,,nan,,CurationIssue.rdkit_failed
O=C(NC1CCCCC1)C(c1cccs1)N(Cc1cccs1)C(=O)c1ccco1,CHEMBL1376629,0.0,CurationNote.canonical,
CC1Cc2ccccc2N1C(=O)Cn1c(=O)cc(O)c2ccccc21,CHEMBL1467364,0.0,CurationNote.canonical,
None,,nan,,CurationIssue.rdkit_failed
None,,nan,,CurationIssue.rdkit_failed
None,,nan,,CurationIssue.rdkit_failed
None,,nan,,CurationIssue.rdkit_failed
None,,nan,,CurationIssue.rdkit_failed
None,,nan,,CurationIssue.rdkit_failed
None,,nan,,CurationIssue.rdkit_failed
None,ESTRONE SULFURIC ACID,nan,,CurationIssue.rdkit_failed
CC(C)CN1CC[C@@]2(CCCN(S(=O)(=O)c3ccccc3)C2)C1,CHEMBL1473480,1.0,CurationNote.canonical,
O=C(Nc1cccc2ccccc12)c1ccccc1,CHEMBL1330614,1.0,CurationNote.canonical,
COc1cccc2c1[C@@H]1CN(CCCCn3c(=O)[nH]c4c(sc5ncc(-c6ccccc6)nc54)c3=O)C[C@H]1CO2,CHEMBL1514375,0.0,CurationNote.canonical,
O=C(c1ccc(COc2ccc(F)cc2)o1)n1cccn1,CHEMBL1407398,1.0,CurationNote.canonical,
None,,nan,,CurationIssue.rdkit_failed
O=S(=O)(c1ccccc1)N1CCC[C@@]2(CCN(c3ccncc3)C2)C1,CHEMBL1395088,0.0,CurationNote.canonical,
CN(C)c1ccc(-c2nc(-n3ccnc3)c3ccccc3n2)cc1,CHEMBL1475255,1.0,CurationNote.canonical,
None,,nan,,CurationIssue.rdkit_failed
None,GANCICLOVIR,nan,,CurationIssue.rdkit_failed
None,,nan,,CurationIssue.rdkit_failed
None,,nan,,CurationIssue.rdkit_failed
None,PYRIDOXINE,nan,,CurationIssue.rdkit_failed
None,,nan,,CurationIssue.rdkit_failed
O=C(Nc1cccc(F)c1)N1CCC2(CCNCC2)CC1,CHEMBL1495251,0.0,CurationNote.canonical,
None,,nan,,CurationIssue.rdkit_failed
None,,nan,,CurationIssue.rdkit_failed
None,,nan,,CurationIssue.rdkit_failed
None,,nan,,CurationIssue.rdkit_failed
None,,nan,,CurationIssue.rdkit_failed
Fc1ccccc1OCCCCSc1ncccn1,CHEMBL1579467,0.0,CurationNote.canonical,CurationIssue.inorganic
COc1ccc(CN(CCN(C)C)c2ccccn2)cc1,CHEMBL511,1.0,CurationNote.canonical,
COc1cc([C@@H]2c3cc4c(cc3[C@@H](O[C@@H]3O[C@H]5CO[C@@H](C)O[C@@H]5[C@@H](O)[C@H]3O)[C@@H]3COC(=O)[C@H]32)OCO4)cc(OC)c1O,CHEMBL1324854,1.0,CurationNote.canonical,
COC(=O)CNC(=O)CN1C(=O)N(c2ccc(Cl)cc2)C(N(O)C(=O)Nc2ccc(Cl)cc2)C1(C)C,CHEMBL1417583,0.0,CurationNote.canonical,
O=C(Cc1ccccc1)NC(NC(=S)Nc1cc(Cl)ccc1Cl)C(Cl)(Cl)Cl,CHEMBL1594883,1.0,CurationNote.canonical,
Cc1cnc(CNc2ncncc2-c2ccc3c(c2)OCO3)cn1,CHEMBL1403505,0.0,CurationNote.canonical,
CC(=O)Nc1nnc(CCN2CCCCC2)s1,CHEMBL1542442,1.0,CurationNote.canonical,
None,,nan,,CurationIssue.rdkit_failed
None,,nan,,CurationIssue.rdkit_failed
None,,nan,,CurationIssue.rdkit_failed
None,,nan,,CurationIssue.rdkit_failed
None,,nan,,CurationIssue.rdkit_failed
None,,nan,,CurationIssue.rdkit_failed
None,,nan,,CurationIssue.rdkit_failed
None,,nan,,CurationIssue.rdkit_failed
None,,nan,,CurationIssue.rdkit_failed
None,,nan,,CurationIssue.rdkit_failed
None,,nan,,CurationIssue.rdkit_failed
None,,nan,,CurationIssue.rdkit_failed
None,,nan,,CurationIssue.rdkit_failed
None,,nan,,CurationIssue.rdkit_failed
None,,nan,,CurationIssue.rdkit_failed
None,,nan,,CurationIssue.rdkit_failed
None,,nan,,CurationIssue.rdkit_failed
None,,nan,,CurationIssue.rdkit_failed
None,,nan,,CurationIssue.rdkit_failed
COC(=O)C1Cc2c([nH]c3ccccc23)CN1,CHEMBL358326,0.0,CurationNote.canonical,
Cc1ccc(SCC(=O)Nc2cccc(NC(=O)c3ccco3)c2)cc1,CHEMBL1365785,0.0,CurationNote.canonical,
N=C(N)NC(=N)Nc1cccc(Cl)c1,CHEMBL13790,0.0,CurationNote.canonical,CurationIssue.disagreeing_duplicate
CCC/C=C(\CCC)C(NC(=O)c1ccc(C(=O)OC)cc1)c1ccc(C(=O)OC)cc1,CHEMBL1481747,0.0,CurationNote.canonical,
CCOC(=O)c1c(NC(=O)CSc2nnc(C)s2)sc2c1CCCCC2,CHEMBL1377637,1.0,CurationNote.canonical,CurationIssue.inorganic
CN(C)c1ncc2nc(-c3ccc(F)cc3)c(=O)n(C[C@H]3CCCO3)c2n1,CHEMBL1376191,1.0,CurationNote.canonical,
CC(C)[C@H](N)c1nnc(SCc2ccc(Cl)cc2)o1.Cl,CHEMBL1610132,0.0,CurationNote.canonical,CurationIssue.mixture
None,DENOPAMINE,nan,,CurationIssue.rdkit_failed
COc1ccc(CNc2nc(-c3ccccc3OC)nc3ccccc23)c(OC)c1,CHEMBL1475990,1.0,CurationNote.canonical,
CCCCN1C(=O)CN(CCc2ccccc2)C(=O)C1c1ccc(OC)cc1,CHEMBL1414083,0.0,CurationNote.canonical,
Cn1c(=O)cc(SCC(=O)NCCN2CCN(c3ccccc3F)CC2)c2cc(Cl)ccc21,CHEMBL1501406,0.0,CurationNote.canonical,
CCn1c2ccccc2c2cc(/N=C3/SC(CC(=O)Nc4ccccc4)C(=O)N3C)ccc21,CHEMBL3212657,1.0,CurationNote.canonical,
Clc1ccccc1-c1nccc(NCCN2CCOCC2)n1,CHEMBL1362892,0.0,CurationNote.canonical,
None,1-AMINOCYCLOBUTANE CARBOXYLIC ACID,nan,,CurationIssue.rdkit_failed
None,,nan,,CurationIssue.rdkit_failed
None,,nan,,CurationIssue.rdkit_failed
None,,nan,,CurationIssue.rdkit_failed
None,,nan,,CurationIssue.rdkit_failed
None,,nan,,CurationIssue.rdkit_failed
None,,nan,,CurationIssue.rdkit_failed
O=S(=O)(N/N=C\C=C\c1ccccc1)c1ccc(Br)cc1,CHEMBL3212934,0.0,CurationNote.canonical,
OCCNc1nc(NCCC2=CCCCC2)nc(N2CCOCC2)n1,CHEMBL1426500,1.0,CurationNote.canonical,
None,,nan,,CurationIssue.rdkit_failed
None,,nan,,CurationIssue.rdkit_failed
None,,nan,,CurationIssue.rdkit_failed
None,BETA-ALANINE,nan,,CurationIssue.rdkit_failed
None,,nan,,CurationIssue.rdkit_failed
None,,nan,,CurationIssue.rdkit_failed
None,,nan,,CurationIssue.rdkit_failed
c1ccc(CNc2ccnc(-c3ccc4c(c3)OCO4)n2)cc1,CHEMBL1436125,1.0,CurationNote.canonical,
None,,nan,,CurationIssue.rdkit_failed
Cl.c1coc(CN2CCN(C(c3cccs3)c3nnnn3C3CCCC3)CC2)c1,CHEMBL1399750,1.0,CurationNote.canonical,CurationIssue.mixture
None,,nan,,CurationIssue.rdkit_failed
None,,nan,,CurationIssue.rdkit_failed
None,,nan,,CurationIssue.rdkit_failed
None,,nan,,CurationIssue.rdkit_failed
None,,nan,,CurationIssue.rdkit_failed
None,,nan,,CurationIssue.rdkit_failed
None,,nan,,CurationIssue.rdkit_failed
None,,nan,,CurationIssue.rdkit_failed
None,,nan,,CurationIssue.rdkit_failed
Cc1c(/C=C2\SC(=O)N(CC(=O)Nc3ccc4c(c3)OCO4)C2=O)c2ccccc2n1C,CHEMBL1418916,1.0,CurationNote.canonical,
Nc1ccc2oc(CCc3ccccc3)nc2c1,CHEMBL1531277,1.0,CurationNote.canonical,
NC(=O)c1ccccc1-c1nc(-n2ccnc2)c2ccccc2n1,CHEMBL1395337,0.0,CurationNote.canonical,
None,,nan,,CurationIssue.rdkit_failed
None,,nan,,CurationIssue.rdkit_failed
COc1ccc2c(c1)CC[C@@H]1[C@@H]2CC[C@]2(C)[C@@H](NCCCCCCN3C(=O)C=CC3=O)CC[C@@H]12,CHEMBL1256678,1.0,CurationNote.canonical,
O=C(Oc1ccccc1)N1CCC2(CCCN(c3ccncc3)C2)CC1,CHEMBL1473754,0.0,CurationNote.canonical,
COc1ccc2[nH]cc(CCNc3ncnc4ccc(-c5ccc(C(=O)N(C)C)cc5)cc34)c2c1,CHEMBL1356041,0.0,CurationNote.canonical,
CCCn1nc(C(=O)NCC(C)(C)N2CCOCC2)c2ccccc2c1=O,CHEMBL1501081,1.0,CurationNote.canonical,
CN(Cc1ccco1)c1ncnc2ccc(-c3ccccc3C#N)cc12,CHEMBL1327355,0.0,CurationNote.canonical,
C[C@@H](Cc1ccc(OCC(=O)O)cc1)NC[C@H](O)c1cccc(Cl)c1,CHEMBL1594227,0.0,CurationNote.canonical,
Cc1cc(O)c(C(C)C)cc1/N=C\c1ccccc1O,CHEMBL1554411,1.0,CurationNote.canonical,
CN1CCN(NC(=O)c2ccc(F)cc2)CC1,CHEMBL1401822,1.0,CurationNote.canonical,
O=C(Nc1ccc(/C=C/c2nc3ccccc3o2)cc1)c1ccc(F)cc1,CHEMBL1389531,1.0,CurationNote.canonical,
CN1CCC(=C2c3ccccc3C=Cc3ccccc32)CC1,CHEMBL516,1.0,CurationNote.canonical,CurationIssue.duplicate
O=C(Nc1ccc(-n2nncc2-c2ccco2)cc1)c1ccc(F)cc1,CHEMBL1596387,1.0,CurationNote.canonical,
N=C(N)NC(=N)Nc1cccc(Cl)c1,CHEMBL13790,0.0,CurationNote.canonical,CurationIssue.disagreeing_duplicate
CCCN(CCC)CCc1ccc(O)c(O)c1,CHEMBL15564,0.0,CurationNote.canonical,
CC1(C)NC(=O)N(c2ccc([N+](=O)[O-])c(C(F)(F)F)c2)C1=O,CHEMBL1274,0.0,CurationNote.canonical,
O=[N+]([O-])c1cc(Cc2cc([N+](=O)[O-])c3cccnc3c2O)c(O)c2ncccc12,CHEMBL1325408,1.0,CurationNote.canonical,
O=c1oc2c(CN3CCOCC3)c(O)ccc2c2ccccc12,CHEMBL1379083,1.0,CurationNote.canonical,
CC(=O)N1CCC2(CCCN(C(c3ccccc3)c3ccccc3)C2)CC1,CHEMBL1436817,1.0,CurationNote.canonical,
COC(=O)N1CCC2(CCN(C(=O)Nc3ccc(OC)cc3)CC2)CC1,CHEMBL1443695,0.0,CurationNote.canonical,
c1cc2c(cc1C1CCCCC1)c1c3n2CCN[C@H]3CCC1,CHEMBL1493037,0.0,CurationNote.canonical,
COc1ccc(C(=O)N2CCC3(CCN(Cc4ccccc4OC)CC3)CC2)cc1,CHEMBL1317786,0.0,CurationNote.canonical,
Cc1ccc(N/C([S-])=C(/C(=O)c2ccc(C)c([N+](=O)[O-])c2)[n+]2ccccc2)cc1C,CHEMBL1444545,0.0,CurationNote.canonical,
COc1ccc(C(=O)/C=C2/c3ccccc3CC(C)(C)N2C)cc1,CHEMBL1366635,1.0,CurationNote.canonical,
CC[C@@]12CCCN3CCc4c(n(c5ccccc45)[C@](O)(C(=O)OC)C1)[C@H]32,CHEMBL1361052,1.0,CurationNote.canonical,
N#C/C(=C\c1ccc(O)c(O)c1)C(=O)NCCc1ccccc1,CHEMBL293749,0.0,CurationNote.canonical,
Cc1c(C(=O)N2CCCCCC2)nnn1-c1nonc1N,CHEMBL1602940,0.0,CurationNote.canonical,
O=C(CCn1nc(-c2ccccc2)ccc1=O)NCCCN1CCCCCC1,CHEMBL1333236,0.0,CurationNote.canonical,
O=C(CCCn1c(=S)[nH]c2cc3c(cc2c1=O)OCO3)N1CCN(c2ccccc2)CC1,CHEMBL1419356,1.0,CurationNote.canonical,
COCC(=O)N1CCC[C@@]2(CCN(Cc3cc(C(F)(F)F)cc(C(F)(F)F)c3)C2)C1,CHEMBL1475484,0.0,CurationNote.canonical,
CCOC(=O)CSC1=NC(=O)/C(=C\c2ccc(OC(C)=O)cc2)S1,CHEMBL1542591,0.0,CurationNote.canonical,
Cc1ccc(/C(=C/CN2CCCC2)c2ccccn2)cc1,CHEMBL252745,1.0,CurationNote.canonical,CurationIssue.duplicate
C=C(C)CSc1nnc([C@@H](N)Cc2c[nH]c3ccccc23)o1.Cl,CHEMBL1538177,1.0,CurationNote.canonical,CurationIssue.mixture
COc1ccccc1CNc1ccnc(-c2ccoc2)n1,CHEMBL1440487,0.0,CurationNote.canonical,
Clc1ccccc1-c1ccc2ncnc(NCc3cccnc3)c2c1,CHEMBL1480806,1.0,CurationNote.canonical,
CS(=O)(=O)N1CCC2(CC1)CN(c1ccccc1)C2,CHEMBL1473498,1.0,CurationNote.canonical,
COc1ccccc1CNc1cc(-c2cccnc2)ncn1,CHEMBL1377727,1.0,CurationNote.canonical,
COC(=O)CN1CN(c2ccccc2)C2(CCN(Cc3ccc4ccccc4c3)CC2)C1=O,CHEMBL1395252,0.0,CurationNote.canonical,
None,,nan,,CurationIssue.rdkit_failed
None,,nan,,CurationIssue.rdkit_failed
None,,nan,,CurationIssue.rdkit_failed
None,,nan,,CurationIssue.rdkit_failed
None,,nan,,CurationIssue.rdkit_failed
None,,nan,,CurationIssue.rdkit_failed
None,,nan,,CurationIssue.rdkit_failed
O=C1COC(c2ccccc2O)=NN1CCCN1CCCC1,CHEMBL1437171,1.0,CurationNote.canonical,
Oc1c(CN2CCCCC2)cc(Br)c2cccnc12,CHEMBL591126,1.0,CurationNote.canonical,
None,,nan,,CurationIssue.rdkit_failed
None,,nan,,CurationIssue.rdkit_failed
None,,nan,,CurationIssue.rdkit_failed
None,,nan,,CurationIssue.rdkit_failed
None,,nan,,CurationIssue.rdkit_failed
None,,nan,,CurationIssue.rdkit_failed
None,,nan,,CurationIssue.rdkit_failed
C/C(CCN1CCCCc2nc(C)c(C)cc21)=N\O[C@@H](C)CN1CCCCc2nc(C)c(C)cc21,CHEMBL1316401,1.0,CurationNote.canonical,
None,,nan,,CurationIssue.rdkit_failed
None,,nan,,CurationIssue.rdkit_failed
None,,nan,,CurationIssue.rdkit_failed
None,,nan,,CurationIssue.rdkit_failed
None,TRIMETHADIONE,nan,,CurationIssue.rdkit_failed
COc1ccc(C2=NOC(C(=O)NC(C)(C)C)C2)cc1,CHEMBL1391723,1.0,CurationNote.canonical,
C[C@H](NCCc1ccc(O)cc1)[C@@H](O)c1ccc(O)cc1,CHEMBL1321005,0.0,CurationNote.canonical,CurationIssue.disagreeing_duplicate
None,,nan,,CurationIssue.rdkit_failed
Cc1cccc(C)c1NC(=O)CN1CCN(CCCC(c2ccc(F)cc2)c2ccc(F)cc2)CC1,CHEMBL92870,1.0,CurationNote.canonical,
CCC[C@@H]1C[C@@]1(CCC)C(NC(=O)OCc1ccccc1)c1ccc(-c2ccccc2)cc1,CHEMBL1552066,1.0,CurationNote.canonical,
CCCN1CCOC2c3cc(O)ccc3OCC21,CHEMBL1626274,1.0,CurationNote.canonical,
CC(=O)N1CCN(c2ccc(OCC3COC(Cn4ccnc4)(c4ccc(Cl)cc4Cl)O3)cc2)CC1,CHEMBL157101,1.0,CurationNote.canonical,
O=C(N/N=C/c1ccncc1)c1cc([N+](=O)[O-])cc([N+](=O)[O-])c1O,CHEMBL3191557,0.0,CurationNote.canonical,
COc1ccc(CNCCc2ccccc2)cc1OCC(N)=O,CHEMBL1578522,1.0,CurationNote.canonical,
O=C(Oc1ccccc1)N1CCC[C@@]2(CCN(c3ccncc3)C2)C1,CHEMBL1551834,0.0,CurationNote.canonical,
Cc1noc(C)c1C(=O)OCC(=O)NC(c1ccccc1)c1ccccc1,CHEMBL1504955,1.0,CurationNote.canonical,
Cc1ccc(S(=O)(=O)N(CCCN2CCCC2=O)Cc2cc3c(C)ccc(C)c3nc2O)cc1,CHEMBL1457785,0.0,CurationNote.canonical,
C[n+]1c(/C=C/c2ccc(O)c3ncccc23)[se]c2ccccc21,CHEMBL1610945,1.0,CurationNote.canonical,
O=C(c1cc(C(F)(F)F)cc(C(F)(F)F)c1)N1CCC2(CCCN(c3ncccn3)C2)CC1,CHEMBL1434111,1.0,CurationNote.canonical,
Cc1ccc(NS(=O)(=O)c2ccccc2Cl)c2c1CC(C)(C)O2,CHEMBL1305916,0.0,CurationNote.canonical,
Cc1ccc(C(=O)N/N=C/c2ccc([N+](=O)[O-])s2)cc1,CHEMBL482116,0.0,CurationNote.canonical,
CC(=O)N1CCC2(CC1)CCN(C(=O)Nc1cccc(F)c1)CC2,CHEMBL1321275,1.0,CurationNote.canonical,
CN(C)CCOC(c1ccccc1)c1ccccc1,CHEMBL657,1.0,CurationNote.canonical,
CCN(CC)CCC[C@H](C)Nc1ccnc2cc(Cl)ccc12,CHEMBL250447,0.0,CurationNote.canonical,
COc1cc(C[C@H](C)N)c(OC)cc1I,CHEMBL1434583,0.0,CurationNote.canonical,CurationIssue.disagreeing_duplicate
Cc1c(C(=O)NN2CCCCC2)nn(-c2ccc(Cl)cc2Cl)c1-c1ccc(I)cc1,CHEMBL285932,1.0,CurationNote.canonical,
Cc1ccc(NC(=O)NNc2cccc(Cl)n2)cc1,CHEMBL1319195,0.0,CurationNote.canonical,
O=C(Nc1ncc(Cc2cccc(Cl)c2)s1)c1cccs1,CHEMBL518430,1.0,CurationNote.canonical,
None,,nan,,CurationIssue.rdkit_failed
O=C(C1CCCN(S(=O)(=O)c2cccc3nsnc23)C1)N1CC=C(c2ccccc2)CC1,CHEMBL1350293,1.0,CurationNote.canonical,
COC(=O)C(Cc1ccc(OC(=O)c2ccc(Cl)cc2)cc1)N1Cc2ccccc2C1=O,CHEMBL1338596,1.0,CurationNote.canonical,
COC1=C(C)C(=O)c2c(c(COC(N)=O)c3n2C[C@@H]2[C@@H]3N2C)C1=O,CHEMBL1315725,1.0,CurationNote.canonical,
None,,nan,,CurationIssue.rdkit_failed
CCCC(C(=O)Nc1nccs1)c1ccccc1,CHEMBL1612976,0.0,CurationNote.canonical,
None,,nan,,CurationIssue.rdkit_failed
None,GABAZINE,nan,,CurationIssue.rdkit_failed
None,,nan,,CurationIssue.rdkit_failed
None,,nan,,CurationIssue.rdkit_failed
None,FOSFOSAL,nan,,CurationIssue.rdkit_failed
None,,nan,,CurationIssue.rdkit_failed
None,,nan,,CurationIssue.rdkit_failed
CCNc1ncc2nc(CCc3ccccc3)c(=O)n(C[C@H]3CCCO3)c2n1,CHEMBL1405546,1.0,CurationNote.canonical,
O=C(CCCN1CCC(O)(c2ccc(Br)cc2)CC1)c1ccc(F)cc1,CHEMBL28218,1.0,CurationNote.canonical,
c1ccc2c(CN3CCN(Cc4c[nH]c5ccccc45)CC3)c[nH]c2c1,CHEMBL1410004,1.0,CurationNote.canonical,
None,,nan,,CurationIssue.rdkit_failed
None,,nan,,CurationIssue.rdkit_failed
None,,nan,,CurationIssue.rdkit_failed
CCN(CC)CC#CCOC(=O)[C@@](O)(c1ccccc1)C1CCCCC1,CHEMBL1394756,1.0,CurationNote.canonical,CurationIssue.duplicate
None,,nan,,CurationIssue.rdkit_failed
None,,nan,,CurationIssue.rdkit_failed
None,,nan,,CurationIssue.rdkit_failed
None,,nan,,CurationIssue.rdkit_failed
COc1ccc(CCNC(=O)c2nnc(O)c3ccccc23)cc1,CHEMBL1726157,1.0,CurationNote.canonical,
None,,nan,,CurationIssue.rdkit_failed
None,,nan,,CurationIssue.rdkit_failed
None,,nan,,CurationIssue.rdkit_failed
None,,nan,,CurationIssue.rdkit_failed
None,,nan,,CurationIssue.rdkit_failed
None,,nan,,CurationIssue.rdkit_failed
None,,nan,,CurationIssue.rdkit_failed
O=C(c1ccc(F)cc1)C1CCN(CCCCc2ccccc2)CC1,CHEMBL19259,1.0,CurationNote.canonical,
Clc1ccc(CS[C@@H](Cn2ccnc2)c2ccc(Cl)cc2Cl)cc1,CHEMBL1446716,1.0,CurationNote.canonical,
CN(N=O)c1cc(O)ccc1O,CHEMBL269733,0.0,CurationNote.canonical,
None,,nan,,CurationIssue.rdkit_failed
None,,nan,,CurationIssue.rdkit_failed
None,,nan,,CurationIssue.rdkit_failed
None,,nan,,CurationIssue.rdkit_failed
None,,nan,,CurationIssue.rdkit_failed
None,,nan,,CurationIssue.rdkit_failed
CN(c1ccccc1)c1nc(-n2ccnc2)nc(-n2ccnc2)n1,CHEMBL1482566,0.0,CurationNote.canonical,
O=C(CNC(=O)c1ccccc1)NCC(=O)OCc1ccc(Cl)cc1,CHEMBL1383348,0.0,CurationNote.canonical,
COc1cccc(-c2cc(NCc3cccs3)ncn2)c1,CHEMBL1441891,0.0,CurationNote.canonical,
None,,nan,,CurationIssue.rdkit_failed
None,,nan,,CurationIssue.rdkit_failed
None,,nan,,CurationIssue.rdkit_failed
None,,nan,,CurationIssue.rdkit_failed
None,,nan,,CurationIssue.rdkit_failed
None,,nan,,CurationIssue.rdkit_failed
None,,nan,,CurationIssue.rdkit_failed
None,,nan,,CurationIssue.rdkit_failed
None,,nan,,CurationIssue.rdkit_failed
None,,nan,,CurationIssue.rdkit_failed
None,,nan,,CurationIssue.rdkit_failed
None,,nan,,CurationIssue.rdkit_failed
None,,nan,,CurationIssue.rdkit_failed
None,,nan,,CurationIssue.rdkit_failed
None,,nan,,CurationIssue.rdkit_failed
None,CANTHARIDIN,nan,,CurationIssue.rdkit_failed
None,,nan,,CurationIssue.rdkit_failed
None,ETIDRONATE DISODIUM,nan,,CurationIssue.rdkit_failed
None,,nan,,CurationIssue.rdkit_failed
None,,nan,,CurationIssue.rdkit_failed
O=C(Oc1ccccc1)N1CCC2(CC1)CCN(c1ccncc1)CC2,CHEMBL1408760,0.0,CurationNote.canonical,
Cn1c(=O)n(C)c2cc([N+](=O)[O-])c(N3CCN(C(=O)c4ccccc4Cl)CC3)cc21,CHEMBL1310415,1.0,CurationNote.canonical,
O=C(c1ccncc1)N1CCC2(CC1)CN(Cc1ccccc1)C2,CHEMBL1553530,1.0,CurationNote.canonical,
CN(C)CC/C=C1\c2ccccc2COc2ccccc21,CHEMBL860,0.0,CurationNote.canonical,CurationIssue.duplicate
CCc1cccc(CC)c1NC(=O)/C(=C/c1ccccc1)c1ccccc1,CHEMBL1594473,1.0,CurationNote.canonical,
Cc1onc(-c2c(Cl)cccc2Cl)c1C(=O)N1CCc2ccccc2C1,CHEMBL1418721,0.0,CurationNote.canonical,
COc1ccc2[nH]cc(CCNc3ccnc(-c4ccccc4C(F)(F)F)n3)c2c1,CHEMBL1474927,0.0,CurationNote.canonical,
CNCC[C@H](Oc1ccc(C(F)(F)F)cc1)c1ccccc1,CHEMBL1169388,1.0,CurationNote.canonical,
S=C1SCN(Cc2ccccn2)CN1Cc1ccco1,CHEMBL1603700,0.0,CurationNote.canonical,
COc1cccc(Cn2c(=O)c(CCc3ccccc3)nc3cnc(N4CCN(C)CC4)nc32)c1,CHEMBL1406879,0.0,CurationNote.canonical,
COc1ccccc1N1CCN(CCCCNS(=O)(=O)c2cccc3c(N(C)C)cccc23)CC1,CHEMBL575768,0.0,CurationNote.canonical,
O=C(NCc1ccccn1)[C@H]1C[C@@H]1[C@H](NP(=O)(c1ccccc1)c1ccccc1)c1ccccc1,CHEMBL1373464,0.0,CurationNote.canonical,
O=C(Nc1ccc(S(=O)(=O)N2CCOCC2)cc1)c1ccc(CN2CCc3ccccc3C2)cc1,CHEMBL1411912,1.0,CurationNote.canonical,
O=C1C=CC(=O)c2c(O)c(N3CCN(c4ccccn4)CC3)cc(O)c21,CHEMBL1703229,1.0,CurationNote.canonical,
Cc1cccc([C@@H]2CN(C)CCc3c2cc(O)c(O)c3Cl)c1,CHEMBL1416789,0.0,CurationNote.canonical,
O[C@@H](c1ccccc1)C1CCN(CCc2ccccc2)CC1,CHEMBL1435444,0.0,CurationNote.canonical,
CC(C)c1ccc(Cn2ccc3c4c(N)nc(NC5CC5)nc4ccc32)cc1,CHEMBL63426,1.0,CurationNote.canonical,
COc1ccc(CNc2ncncc2-c2cccc(NS(C)(=O)=O)c2)c(OC)c1,CHEMBL521971,0.0,CurationNote.canonical,
CCOCCCN1CC(C(=O)NCCc2ccc(C)cc2)CC1=O,CHEMBL1483257,1.0,CurationNote.canonical,
CN(C)S(=O)(=O)Oc1ccsc1C(=O)Nc1cccc(Cl)c1,CHEMBL1310284,0.0,CurationNote.canonical,
CCOc1c(OC(C)=O)ccc(/C=C2\N=C(SCC)SC2=O)c1[N+](=O)[O-],CHEMBL1349047,0.0,CurationNote.canonical,
COc1ccccc1CNc1ncncc1-c1ccccc1C(F)(F)F,CHEMBL491910,1.0,CurationNote.canonical,
None,,nan,,CurationIssue.rdkit_failed
CCn1c(SCC(=O)c2ccc(OC)cc2)nnc1C1CC1,CHEMBL1301140,0.0,CurationNote.canonical,
C/N=C(N)/N=C(\N)Nc1cc2ccccc2c2ccccc12,CHEMBL425403,1.0,CurationNote.canonical,
O/N=C/c1cc(Br)ccc1OCc1cccc(F)c1,CHEMBL3207808,0.0,CurationNote.canonical,
CC1CCOC2(O1)C(=O)N(CN1CCN(c3ccccc3F)CC1)c1ccccc12,CHEMBL1574071,0.0,CurationNote.canonical,
c1csc(CNc2ccnc(-c3ccoc3)n2)c1,CHEMBL1437011,1.0,CurationNote.canonical,
CN1CCC[C@@H](CC2c3ccccc3Sc3ccccc32)C1,CHEMBL1494878,1.0,CurationNote.canonical,CurationIssue.inorganic
N#Cc1c(Cl)cccc1-n1ccnc1,CHEMBL1741361,1.0,CurationNote.canonical,
CCCN1CCO[C@@H]2c3cc(O)ccc3OC[C@H]21,CHEMBL70565,0.0,CurationNote.canonical,CurationIssue.disagreeing_duplicate
N#Cc1cccc(NC(=O)N2CCCC3(CCN(C(=O)c4cccc(F)c4)CC3)C2)c1,CHEMBL1408703,0.0,CurationNote.canonical,
None,,nan,,CurationIssue.rdkit_failed
None,,nan,,CurationIssue.rdkit_failed
None,,nan,,CurationIssue.rdkit_failed
None,,nan,,CurationIssue.rdkit_failed
None,,nan,,CurationIssue.rdkit_failed
None,,nan,,CurationIssue.rdkit_failed
None,,nan,,CurationIssue.rdkit_failed
None,,nan,,CurationIssue.rdkit_failed
None,,nan,,CurationIssue.rdkit_failed
None,,nan,,CurationIssue.rdkit_failed
None,,nan,,CurationIssue.rdkit_failed
None,,nan,,CurationIssue.rdkit_failed
None,,nan,,CurationIssue.rdkit_failed
None,,nan,,CurationIssue.rdkit_failed
None,,nan,,CurationIssue.rdkit_failed
None,,nan,,CurationIssue.rdkit_failed
None,,nan,,CurationIssue.rdkit_failed
None,,nan,,CurationIssue.rdkit_failed
None,,nan,,CurationIssue.rdkit_failed
None,,nan,,CurationIssue.rdkit_failed
None,IMMEPIP,nan,,CurationIssue.rdkit_failed
None,,nan,,CurationIssue.rdkit_failed
None,,nan,,CurationIssue.rdkit_failed
None,,nan,,CurationIssue.rdkit_failed
None,,nan,,CurationIssue.rdkit_failed
None,,nan,,CurationIssue.rdkit_failed
None,,nan,,CurationIssue.rdkit_failed
None,,nan,,CurationIssue.rdkit_failed
None,,nan,,CurationIssue.rdkit_failed
None,,nan,,CurationIssue.rdkit_failed
None,,nan,,CurationIssue.rdkit_failed
None,,nan,,CurationIssue.rdkit_failed
None,,nan,,CurationIssue.rdkit_failed
None,,nan,,CurationIssue.rdkit_failed
None,3,4-DIHYDROXYPHENYLACETIC ACID ,nan,,CurationIssue.rdkit_failed
None,,nan,,CurationIssue.rdkit_failed
None,,nan,,CurationIssue.rdkit_failed
None,,nan,,CurationIssue.rdkit_failed
None,,nan,,CurationIssue.rdkit_failed
None,,nan,,CurationIssue.rdkit_failed
None,,nan,,CurationIssue.rdkit_failed
None,,nan,,CurationIssue.rdkit_failed
None,,nan,,CurationIssue.rdkit_failed
None,,nan,,CurationIssue.rdkit_failed
None,,nan,,CurationIssue.rdkit_failed
None,,nan,,CurationIssue.rdkit_failed
None,,nan,,CurationIssue.rdkit_failed
None,,nan,,CurationIssue.rdkit_failed
None,,nan,,CurationIssue.rdkit_failed
None,,nan,,CurationIssue.rdkit_failed
None,MONOBENZONE,nan,,CurationIssue.rdkit_failed
None,,nan,,CurationIssue.rdkit_failed
None,,nan,,CurationIssue.rdkit_failed
None,,nan,,CurationIssue.rdkit_failed
None,,nan,,CurationIssue.rdkit_failed
None,,nan,,CurationIssue.rdkit_failed
CN(CCc1ccc(Cl)c(Cl)c1)[C@H]1CCCC[C@H]1N1CCCC1,CHEMBL106437,1.0,CurationNote.canonical,
None,,nan,,CurationIssue.rdkit_failed
None,,nan,,CurationIssue.rdkit_failed
None,,nan,,CurationIssue.rdkit_failed
None,,nan,,CurationIssue.rdkit_failed
None,,nan,,CurationIssue.rdkit_failed
O=C(c1ccncc1)N1CCC2(CCN(Cc3nccs3)CC2)CC1,CHEMBL1481017,0.0,CurationNote.canonical,
CCOc1c2ccc(C(=O)NCCCCc3ccccc3)cc2nn1CC,CHEMBL1309646,1.0,CurationNote.canonical,
COc1cccc(-c2nc(Nc3ccncc3)c3ccccc3n2)c1,CHEMBL1435450,0.0,CurationNote.canonical,
Cc1cccc(C)c1-n1nnnc1C(C)(C)/N=C\c1ccc(Cl)cc1Cl,CHEMBL3194051,1.0,CurationNote.canonical,
None,,nan,,CurationIssue.rdkit_failed
None,,nan,,CurationIssue.rdkit_failed
None,,nan,,CurationIssue.rdkit_failed
None,,nan,,CurationIssue.rdkit_failed
None,TRETAZICAR,nan,,CurationIssue.rdkit_failed
CSc1nc2ccccc2cc1/C=C(\C#N)c1cccc(C)c1,CHEMBL1347660,1.0,CurationNote.canonical,CurationIssue.inorganic
COc1ccc2[nH]cc(CCNc3ccnc(-c4ccccc4Cl)n3)c2c1,CHEMBL1370622,0.0,CurationNote.canonical,
CCCN1CCc2cccc3c2[C@@H]1Cc1ccc(O)c(O)c1-3,CHEMBL330274,1.0,CurationNote.canonical,
None,,nan,,CurationIssue.rdkit_failed
CN1CCC2=C[C@H](O)[C@@H]3OC(=O)c4cc5c(cc4[C@H]3[C@H]21)OCO5,CHEMBL1333401,1.0,CurationNote.canonical,
None,,nan,,CurationIssue.rdkit_failed
CNC[C@H](O)c1ccc(O)c(O)c1,CHEMBL679,0.0,CurationNote.canonical,
CN1CC[C@@]23CCCC[C@@H]2[C@@H]1Cc1ccc(O)cc13.O=C(O)C(O)C(O)C(=O)O,CHEMBL1426948,0.0,CurationNote.canonical,CurationIssue.mixture
COc1ccc(NC2=Nc3cccc4cccc2c34)cc1OC,CHEMBL1349246,1.0,CurationNote.canonical,
COc1cccc(-c2nccc(N(C)Cc3ccco3)n2)c1,CHEMBL1322233,1.0,CurationNote.canonical,
Cc1ccc(CC(=O)N2CCN(c3cccc(C(F)(F)F)c3)CC2)cc1,CHEMBL1389308,0.0,CurationNote.canonical,
CCCCCCNCc1cccc(Br)c1.Cl,CHEMBL1430918,1.0,CurationNote.canonical,CurationIssue.mixture
NC(=O)CCCCn1ccc(/N=C(\N)NCC(F)(F)F)n1,CHEMBL1593717,1.0,CurationNote.canonical,
None,,nan,,CurationIssue.rdkit_failed
C#CCCCO/N=C1/C[C@@H](O)[C@@H](O)[C@H]2[C@@H]1CC[C@@H]1C(=O)N(C(C)(C)C)C(=O)[C@H]12,CHEMBL1318650,1.0,CurationNote.canonical,
None,,nan,,CurationIssue.rdkit_failed
None,,nan,,CurationIssue.rdkit_failed
None,,nan,,CurationIssue.rdkit_failed
None,,nan,,CurationIssue.rdkit_failed
Cl.O=C(CN1CCN(c2ncccn2)CC1)NCCC1=CCCCC1,CHEMBL1533852,1.0,CurationNote.canonical,CurationIssue.mixture
CCC[C@@H]1C[C@@]1(CCC)C(NS(=O)(=O)c1cccc2cccnc12)c1ccc(Cl)cc1,CHEMBL1413701,0.0,CurationNote.canonical,
None,,nan,,CurationIssue.rdkit_failed
None,CARBACHOL,nan,,CurationIssue.rdkit_failed
None,(S)-NITRENDIPINE,nan,,CurationIssue.rdkit_failed
None,,nan,,CurationIssue.rdkit_failed
None,,nan,,CurationIssue.rdkit_failed
None,,nan,,CurationIssue.rdkit_failed
None,,nan,,CurationIssue.rdkit_failed
None,,nan,,CurationIssue.rdkit_failed
None,,nan,,CurationIssue.rdkit_failed
None,,nan,,CurationIssue.rdkit_failed
None,,nan,,CurationIssue.rdkit_failed
None,,nan,,CurationIssue.rdkit_failed
None,,nan,,CurationIssue.rdkit_failed
None,,nan,,CurationIssue.rdkit_failed
None,,nan,,CurationIssue.rdkit_failed
None,,nan,,CurationIssue.rdkit_failed
None,PENTYLENETETRAZOL,nan,,CurationIssue.rdkit_failed
CC(=O)OC[C@@H]1O[C@@H](O/N=C2/C[C@@H](O)[C@@H](O)[C@@H]3[C@@H]4C(=O)N(C5CCCCC5)C(=O)[C@H]4CC[C@@H]23)[C@H](OC(C)=O)[C@H](OC(C)=O)[C@@H]1OC(C)=O,CHEMBL1553325,1.0,CurationNote.canonical,
None,,nan,,CurationIssue.rdkit_failed
Cl.OCCN1CCN(CCOc2cccc(Cl)c2)CC1,CHEMBL1312833,1.0,CurationNote.canonical,CurationIssue.mixture
None,,nan,,CurationIssue.rdkit_failed
O=C1CC2(CCCC2)CC(=O)N1CCCCN1CCN(c2ncccn2)CC1,CHEMBL49,0.0,CurationNote.canonical,
None,ETHAVERINE,nan,,CurationIssue.rdkit_failed
None,,nan,,CurationIssue.rdkit_failed
None,,nan,,CurationIssue.rdkit_failed
None,,nan,,CurationIssue.rdkit_failed
None,,nan,,CurationIssue.rdkit_failed
None,,nan,,CurationIssue.rdkit_failed
None,,nan,,CurationIssue.rdkit_failed
None,,nan,,CurationIssue.rdkit_failed
None,,nan,,CurationIssue.rdkit_failed
CNC(=O)c1ccc(-c2sc3nc(N4CCOCC4)c4c(c3c2N)CC(C)(C)OC4)o1,CHEMBL1601300,0.0,CurationNote.canonical,
None,,nan,,CurationIssue.rdkit_failed
None,,nan,,CurationIssue.rdkit_failed
c1ccc2c([C@@H]3CCN(CCN4CCOCC4)C3)c[nH]c2c1,CHEMBL1337127,1.0,CurationNote.canonical,
None,GABOXADOL,nan,,CurationIssue.rdkit_failed
None,,nan,,CurationIssue.rdkit_failed
None,,nan,,CurationIssue.rdkit_failed
CC(C)c1cccc2nc3c(c([Si](C)(C)C)c12)Cn1c-3cccc1=O,CHEMBL1402656,0.0,CurationNote.canonical,CurationIssue.inorganic
None,,nan,,CurationIssue.rdkit_failed
c1ccc(-c2nc3ccccn3c2NCc2ccc3c(c2)OCO3)cc1,CHEMBL1408303,1.0,CurationNote.canonical,
CN(C)C(=O)c1ccc(-c2nccc(-n3ccnc3)n2)cc1,CHEMBL1552172,0.0,CurationNote.canonical,
None,,nan,,CurationIssue.rdkit_failed
O=C(O)/C=C\C(=O)NCc1ccccc1,CHEMBL402467,1.0,CurationNote.canonical,
None,,nan,,CurationIssue.rdkit_failed
None,,nan,,CurationIssue.rdkit_failed
CCOc1c(Cl)cc(Cl)cc1CNCCNCCO.Cl,CHEMBL1422614,0.0,CurationNote.canonical,CurationIssue.mixture
C[C@H](CN(C)C)C(C#N)(c1ccccc1)c1ccccc1,CHEMBL1525886,1.0,CurationNote.canonical,
None,,nan,,CurationIssue.rdkit_failed
None,,nan,,CurationIssue.rdkit_failed
None,,nan,,CurationIssue.rdkit_failed
None,,nan,,CurationIssue.rdkit_failed
None,,nan,,CurationIssue.rdkit_failed
None,,nan,,CurationIssue.rdkit_failed
None,,nan,,CurationIssue.rdkit_failed
None,,nan,,CurationIssue.rdkit_failed
None,,nan,,CurationIssue.rdkit_failed
None,,nan,,CurationIssue.rdkit_failed
None,,nan,,CurationIssue.rdkit_failed
None,,nan,,CurationIssue.rdkit_failed
None,,nan,,CurationIssue.rdkit_failed
None,,nan,,CurationIssue.rdkit_failed
None,,nan,,CurationIssue.rdkit_failed
None,,nan,,CurationIssue.rdkit_failed
None,,nan,,CurationIssue.rdkit_failed
None,,nan,,CurationIssue.rdkit_failed
None,,nan,,CurationIssue.rdkit_failed
None,,nan,,CurationIssue.rdkit_failed
None,,nan,,CurationIssue.rdkit_failed
None,,nan,,CurationIssue.rdkit_failed
None,,nan,,CurationIssue.rdkit_failed
None,,nan,,CurationIssue.rdkit_failed
None,,nan,,CurationIssue.rdkit_failed
None,,nan,,CurationIssue.rdkit_failed
CCCC/C=C/C(NC(=O)Oc1cccc(C(F)(F)F)c1)c1ccccc1,CHEMBL1374696,1.0,CurationNote.canonical,
COc1ccccc1CNc1ncncc1-c1ccccc1OC,CHEMBL1594372,1.0,CurationNote.canonical,
COc1ccccc1-c1cncnc1-n1ccnc1,CHEMBL1318228,0.0,CurationNote.canonical,
None,PHENACETIN,nan,,CurationIssue.rdkit_failed
None,,nan,,CurationIssue.rdkit_failed
None,,nan,,CurationIssue.rdkit_failed
None,,nan,,CurationIssue.rdkit_failed
None,,nan,,CurationIssue.rdkit_failed
None,,nan,,CurationIssue.rdkit_failed
None,,nan,,CurationIssue.rdkit_failed
None,,nan,,CurationIssue.rdkit_failed
None,TRAPIDIL,nan,,CurationIssue.rdkit_failed
None,,nan,,CurationIssue.rdkit_failed
COc1ccccc1-c1nc(NCc2ccccc2)c2ccccc2n1,CHEMBL1516103,1.0,CurationNote.canonical,
Cc1ccc2c(c1)c1c3n2CCN[C@H]3CCC1,CHEMBL1590129,1.0,CurationNote.canonical,
None,,nan,,CurationIssue.rdkit_failed
None,,nan,,CurationIssue.rdkit_failed
C[C@@H](C(=O)Nc1ccc2ccccc2c1)[C@H]1C[C@]1(C)[C@H](NS(=O)(=O)c1ccc2ccccc2c1)c1ccccc1,CHEMBL1565663,1.0,CurationNote.canonical,
O=C(Nc1ncc2c(n1)-c1ccccc1CC2)c1ccc(Cl)cc1,CHEMBL1302342,0.0,CurationNote.canonical,
Cc1ccccc1/C=C\C1=NCCN1,CHEMBL1611015,0.0,CurationNote.canonical,
Cc1cc(C)c(/C=C2/C(=O)Nc3ccccc32)[nH]1,CHEMBL105739,1.0,CurationNote.canonical,
O=S(=O)(N/N=C\c1cn(-c2ccccc2)nc1-c1ccccc1)c1ccccc1,CHEMBL3199224,1.0,CurationNote.canonical,
CC12CCC(C(=O)Nc3cccc4ccccc34)(C1Br)C2(C)C,CHEMBL1406944,0.0,CurationNote.canonical,
CSc1ccc(CCNC(=O)CSc2ccsc2[N+](=O)[O-])cc1,CHEMBL1465393,1.0,CurationNote.canonical,CurationIssue.inorganic
Clc1ccc(N2CCN(Cc3c[nH]c4ncccc34)CC2)cc1,CHEMBL267014,1.0,CurationNote.canonical,
O=C(c1ccncc1)N1CCC2(CCCN(c3cccc(-c4ccccc4)c3)C2)CC1,CHEMBL1395997,1.0,CurationNote.canonical,
O=C(CC(NS(=O)(=O)c1ccc(Cl)cc1)c1ccco1)NCc1ccco1,CHEMBL1380424,1.0,CurationNote.canonical,
O=C(NCCCN1CCN(c2cccc(Cl)c2)CC1)C1CCC(=O)N1Cc1ccccc1Cl,CHEMBL1460951,1.0,CurationNote.canonical,
None,,nan,,CurationIssue.rdkit_failed
None,,nan,,CurationIssue.rdkit_failed
None,,nan,,CurationIssue.rdkit_failed
None,,nan,,CurationIssue.rdkit_failed
None,,nan,,CurationIssue.rdkit_failed
None,,nan,,CurationIssue.rdkit_failed
None,,nan,,CurationIssue.rdkit_failed
None,,nan,,CurationIssue.rdkit_failed
None,,nan,,CurationIssue.rdkit_failed
None,,nan,,CurationIssue.rdkit_failed
None,,nan,,CurationIssue.rdkit_failed
None,,nan,,CurationIssue.rdkit_failed
None,,nan,,CurationIssue.rdkit_failed
None,,nan,,CurationIssue.rdkit_failed
None,AMINOHIPPURIC ACID,nan,,CurationIssue.rdkit_failed
None,,nan,,CurationIssue.rdkit_failed
CC(C)(C)C(=O)NC(Nc1cccc2cccnc12)C(Cl)(Cl)Cl,CHEMBL1604396,0.0,CurationNote.canonical,
COc1ccccc1CNc1ncncc1-c1ccccc1CN(C)C,CHEMBL490717,0.0,CurationNote.canonical,
None,,nan,,CurationIssue.rdkit_failed
None,,nan,,CurationIssue.rdkit_failed
None,,nan,,CurationIssue.rdkit_failed
None,,nan,,CurationIssue.rdkit_failed
None,,nan,,CurationIssue.rdkit_failed
None,,nan,,CurationIssue.rdkit_failed
CC(=O)OC[C@H]1O[C@@H](O/N=C\[C@@H](C)[C@H](OCc2ccccc2)C(C)C)[C@H](OC(C)=O)[C@@H](OC(C)=O)[C@H]1OC(C)=O,CHEMBL1590245,1.0,CurationNote.canonical,
Cc1scc2c1N(C(=O)CN1CCN(C)CC1)c1ccccc1NC2=O,CHEMBL253978,1.0,CurationNote.canonical,
CCN(CC)C(=O)N[C@H]1C[C@H]2c3cccc4[nH]cc(c34)C[C@@H]2N(C)C1,CHEMBL1315160,1.0,CurationNote.canonical,
O=C(CSc1ccccn1)Nc1nc2ccc(Br)cc2s1,CHEMBL1400535,0.0,CurationNote.canonical,CurationIssue.inorganic
CN(C)Cc1ccccc1-c1ccc2ncnc(N(C)Cc3ccco3)c2c1,CHEMBL1335332,1.0,CurationNote.canonical,
None,,nan,,CurationIssue.rdkit_failed
O=C(c1ccncc1)N1CCC2(CC1)CN(C(c1ccccc1)c1ccccc1)C2,CHEMBL1598334,1.0,CurationNote.canonical,
Clc1ccccc1-c1nc(-n2ccnc2)c2ccccc2n1,CHEMBL1409689,0.0,CurationNote.canonical,
None,,nan,,CurationIssue.rdkit_failed
None,,nan,,CurationIssue.rdkit_failed
None,,nan,,CurationIssue.rdkit_failed
None,,nan,,CurationIssue.rdkit_failed
None,,nan,,CurationIssue.rdkit_failed
O=C1C2Sc3nc(O)sc3C(c3ccccc3)C2C(=O)N1c1ccc(Cl)cc1,CHEMBL1347641,0.0,CurationNote.canonical,CurationIssue.inorganic
None,,nan,,CurationIssue.rdkit_failed
None,,nan,,CurationIssue.rdkit_failed
None,,nan,,CurationIssue.rdkit_failed
None,,nan,,CurationIssue.rdkit_failed
Cc1cc[n+](CC(=O)Nc2cc(C(F)(F)F)ccc2Cl)cc1.[Cl-],CHEMBL1600685,1.0,CurationNote.canonical,CurationIssue.mixture
COC(=O)N1CCN(C(=O)Cc2ccc(Cl)c(Cl)c2)[C@H](CN2CCCC2)C1,CHEMBL277863,0.0,CurationNote.canonical,CurationIssue.disagreeing_duplicate
None,,nan,,CurationIssue.rdkit_failed
None,,nan,,CurationIssue.rdkit_failed
None,,nan,,CurationIssue.rdkit_failed
None,,nan,,CurationIssue.rdkit_failed
None,,nan,,CurationIssue.rdkit_failed
None,,nan,,CurationIssue.rdkit_failed
None,,nan,,CurationIssue.rdkit_failed
None,,nan,,CurationIssue.rdkit_failed
None,,nan,,CurationIssue.rdkit_failed
CCCC[C@@H]1C[C@H]1C(NC(=O)c1ccco1)c1ccc(C(=O)OC)cc1,CHEMBL1451315,0.0,CurationNote.canonical,
CCc1ccc(C(=O)c2oc3nc(C)cc(C)c3c2N)cc1,CHEMBL1389823,0.0,CurationNote.canonical,
O=C1C2=C(N=C(S)NC2c2ccc(Cl)cc2)NC(c2ccc(Cl)cc2)N1c1ccc(Cl)cc1,CHEMBL1343101,0.0,CurationNote.canonical,
CC(C)Oc1cc(O)c2c(c1)OCC=C2CCC(=O)O,CHEMBL1529665,1.0,CurationNote.canonical,
Cc1cccc(NC(S)=NC2CC3CCCC(C2)N3Cc2cccs2)c1,CHEMBL1455524,1.0,CurationNote.canonical,
Cc1ccc(C(=O)C(OC(=O)CCC(=O)Nc2cccc(C)c2)c2ccccc2)cc1,CHEMBL1465834,0.0,CurationNote.canonical,
CCn1c(SCc2ccc(Cl)cc2Cl)nc2nc3c(cc2c1=O)CCCC3,CHEMBL1546034,1.0,CurationNote.canonical,
Cc1ccc(N(CC2=NCCN2)c2cccc(O)c2)cc1,CHEMBL597,1.0,CurationNote.canonical,CurationIssue.duplicate
CCSc1ccc2c(c1)N(CCCN1CCN(C)CC1)c1ccccc1S2.O=C(O)C[C@@H](O)C(=O)O.O=C(O)C[C@@H](O)C(=O)O,CHEMBL1326247,1.0,CurationNote.canonical,CurationIssue.mixture
CN(C)c1ncc2ncc(=O)n(C)c2n1,CHEMBL1363481,0.0,CurationNote.canonical,
COc1cc2c(c(OC)c1OC)-c1ccc(OC)c(=O)cc1[C@@H](NC(C)=O)CC2,CHEMBL107,1.0,CurationNote.canonical,
COc1ccccc1NC(=O)CN1CCN(CC(=O)Nc2ccc(OCc3ccccc3)cc2)CC1,CHEMBL1611549,0.0,CurationNote.canonical,
None,,nan,,CurationIssue.rdkit_failed
None,,nan,,CurationIssue.rdkit_failed
None,,nan,,CurationIssue.rdkit_failed
None,,nan,,CurationIssue.rdkit_failed
None,,nan,,CurationIssue.rdkit_failed
None,,nan,,CurationIssue.rdkit_failed
None,,nan,,CurationIssue.rdkit_failed
None,,nan,,CurationIssue.rdkit_failed
None,,nan,,CurationIssue.rdkit_failed
None,,nan,,CurationIssue.rdkit_failed
None,,nan,,CurationIssue.rdkit_failed
None,,nan,,CurationIssue.rdkit_failed
None,,nan,,CurationIssue.rdkit_failed
None,,nan,,CurationIssue.rdkit_failed
None,,nan,,CurationIssue.rdkit_failed
None,,nan,,CurationIssue.rdkit_failed
None,,nan,,CurationIssue.rdkit_failed
None,,nan,,CurationIssue.rdkit_failed
None,,nan,,CurationIssue.rdkit_failed
COC(=O)C1CC1C(NC(=O)[C@@H]1CCCN1)c1ccccc1,CHEMBL1452057,0.0,CurationNote.canonical,
COc1ccc(NC(=O)N2CCCC3(CCN(S(=O)(=O)c4ccccc4)CC3)C2)cc1,CHEMBL1476511,0.0,CurationNote.canonical,
None,,nan,,CurationIssue.rdkit_failed
CC(=O)N1CCC2(CC1)CN(Cc1ccc(C#N)cc1)C2,CHEMBL1397206,1.0,CurationNote.canonical,
None,,nan,,CurationIssue.rdkit_failed
None,,nan,,CurationIssue.rdkit_failed
None,,nan,,CurationIssue.rdkit_failed
None,,nan,,CurationIssue.rdkit_failed
None,,nan,,CurationIssue.rdkit_failed
None,,nan,,CurationIssue.rdkit_failed
None,,nan,,CurationIssue.rdkit_failed
None,,nan,,CurationIssue.rdkit_failed
None,,nan,,CurationIssue.rdkit_failed
None,,nan,,CurationIssue.rdkit_failed
None,,nan,,CurationIssue.rdkit_failed
None,,nan,,CurationIssue.rdkit_failed
None,,nan,,CurationIssue.rdkit_failed
None,,nan,,CurationIssue.rdkit_failed
Cn1c(C[C@@H](O)c2nc3ccccc3n2C)nc2ccccc21,CHEMBL1369242,1.0,CurationNote.canonical,
None,,nan,,CurationIssue.rdkit_failed
COc1ccc(-n2ccnc2SCC(=O)Nc2ccccc2)cc1,CHEMBL1489512,0.0,CurationNote.canonical,
None,,nan,,CurationIssue.rdkit_failed
c1ccc(-c2ccc(N3CCCC4(CCNCC4)C3)cc2)cc1,CHEMBL1590663,0.0,CurationNote.canonical,
CN(Cc1ccccc1)C(=O)CC(c1ccccc1)c1cc(Cl)ccc1O,CHEMBL1349496,1.0,CurationNote.canonical,
Cn1cccc1C(=O)N1CCC2(CCCN(C(c3ccccc3)c3ccccc3)C2)CC1,CHEMBL1606796,1.0,CurationNote.canonical,
c1ccc(CN2CCC3(CCCc4ccccc43)CC2)cc1,CHEMBL303336,1.0,CurationNote.canonical,
COC(=O)[C@@]1(Cc2ccc(OC)cc2)[C@H]2c3cc(C(=O)N(C)C)n(Cc4ccccn4)c3C[C@H]2CN1C(=O)c1ccccc1,CHEMBL1439839,0.0,CurationNote.canonical,
COc1ccc(CNc2ncnc3ccc(-c4c(C)noc4C)cc23)c(OC)c1,CHEMBL1438688,0.0,CurationNote.canonical,
COc1ccc(CNc2ccnc(-c3ccc(N(C)C)cc3)n2)c(OC)c1,CHEMBL1599378,0.0,CurationNote.canonical,
O=C1CC(SC(=Nc2ccccc2)Nc2ccccc2)C(=O)N1c1cccc(Cl)c1,CHEMBL1461188,1.0,CurationNote.canonical,
CCN1CCN(C(=S)c2ccc(Br)cc2)CC1,CHEMBL1405203,1.0,CurationNote.canonical,
None,,nan,,CurationIssue.rdkit_failed
None,,nan,,CurationIssue.rdkit_failed
CC(C(=O)NCc1ccc2c(c1)OCO2)N1c2cccc3cccc(c23)S1(=O)=O,CHEMBL1507611,1.0,CurationNote.canonical,
None,,nan,,CurationIssue.rdkit_failed
None,,nan,,CurationIssue.rdkit_failed
None,,nan,,CurationIssue.rdkit_failed
None,,nan,,CurationIssue.rdkit_failed
None,,nan,,CurationIssue.rdkit_failed
None,,nan,,CurationIssue.rdkit_failed
None,,nan,,CurationIssue.rdkit_failed
None,,nan,,CurationIssue.rdkit_failed
None,,nan,,CurationIssue.rdkit_failed
None,,nan,,CurationIssue.rdkit_failed
None,,nan,,CurationIssue.rdkit_failed
None,,nan,,CurationIssue.rdkit_failed
None,,nan,,CurationIssue.rdkit_failed
None,,nan,,CurationIssue.rdkit_failed
None,,nan,,CurationIssue.rdkit_failed
None,,nan,,CurationIssue.rdkit_failed
CCC1(C)Cc2c(sc3nnn(CC(=O)Nc4ccc(C)cc4)c(=O)c23)CO1,CHEMBL1348021,0.0,CurationNote.canonical,
CNc1ccnc(-c2ccccc2OC)n1,CHEMBL1496569,1.0,CurationNote.canonical,
N=C(N)NC(=N)NCCc1ccccc1,CHEMBL170988,1.0,CurationNote.canonical,
CN1CCN(c2ncncc2-c2ccc(N(C)C)cc2)CC1,CHEMBL1442011,1.0,CurationNote.canonical,
c1ccc(C2CC2)c(OCC2=NCCN2)c1,CHEMBL13852,1.0,CurationNote.canonical,
None,,nan,,CurationIssue.rdkit_failed
None,,nan,,CurationIssue.rdkit_failed
None,,nan,,CurationIssue.rdkit_failed
None,,nan,,CurationIssue.rdkit_failed
None,,nan,,CurationIssue.rdkit_failed
None,,nan,,CurationIssue.rdkit_failed
None,,nan,,CurationIssue.rdkit_failed
None,,nan,,CurationIssue.rdkit_failed
None,,nan,,CurationIssue.rdkit_failed
None,,nan,,CurationIssue.rdkit_failed
None,,nan,,CurationIssue.rdkit_failed
None,,nan,,CurationIssue.rdkit_failed
None,,nan,,CurationIssue.rdkit_failed
CC(=O)Nc1ccc(-c2nnc(SCC(=O)c3ccc4c(c3)Cc3ccccc3-4)n2C)cc1,CHEMBL1572789,0.0,CurationNote.canonical,
None,,nan,,CurationIssue.rdkit_failed
None,,nan,,CurationIssue.rdkit_failed
None,,nan,,CurationIssue.rdkit_failed
None,,nan,,CurationIssue.rdkit_failed
None,,nan,,CurationIssue.rdkit_failed
None,,nan,,CurationIssue.rdkit_failed
None,,nan,,CurationIssue.rdkit_failed
None,,nan,,CurationIssue.rdkit_failed
None,,nan,,CurationIssue.rdkit_failed
None,,nan,,CurationIssue.rdkit_failed
None,,nan,,CurationIssue.rdkit_failed
None,,nan,,CurationIssue.rdkit_failed
None,,nan,,CurationIssue.rdkit_failed
None,,nan,,CurationIssue.rdkit_failed
O=C1c2ccccc2CCC12N=NCC2c1ccc(Cl)cc1,CHEMBL1421523,0.0,CurationNote.canonical,
CC(=O)c1cn(CC(=O)Nc2c(C)cccc2C)c2ccccc12,CHEMBL1451899,1.0,CurationNote.canonical,
Nc1ccccc1Nc1ccccc1,CHEMBL1547352,0.0,CurationNote.canonical,
Cc1ccc(CNCC(O)(c2ccc(F)cc2)c2ccc(F)cc2)cc1,CHEMBL1303722,1.0,CurationNote.canonical,
COC(=O)N/N=C\C=C\c1ccc2c(c1)OCO2,CHEMBL3197565,0.0,CurationNote.canonical,
None,,nan,,CurationIssue.rdkit_failed
None,,nan,,CurationIssue.rdkit_failed
None,,nan,,CurationIssue.rdkit_failed
None,,nan,,CurationIssue.rdkit_failed
None,,nan,,CurationIssue.rdkit_failed
None,,nan,,CurationIssue.rdkit_failed
None,,nan,,CurationIssue.rdkit_failed
None,,nan,,CurationIssue.rdkit_failed
None,,nan,,CurationIssue.rdkit_failed
None,,nan,,CurationIssue.rdkit_failed
None,,nan,,CurationIssue.rdkit_failed
None,,nan,,CurationIssue.rdkit_failed
Cc1cc(C)n(-c2nc(SCCN(C)C)c3c4c(sc3n2)CCCC4)n1,CHEMBL1451747,1.0,CurationNote.canonical,
None,,nan,,CurationIssue.rdkit_failed
None,,nan,,CurationIssue.rdkit_failed
None,,nan,,CurationIssue.rdkit_failed
CS(=O)(=O)N1CC(C(=O)NC2CCCC2)Oc2ccc(Cl)cc21,CHEMBL1345410,0.0,CurationNote.canonical,
None,,nan,,CurationIssue.rdkit_failed
None,,nan,,CurationIssue.rdkit_failed
